tree
version=v4
num_class=1
num_tree_per_iteration=1
label_index=0
max_feature_idx=6
objective=regression
feature_names=Column_0 Column_1 Column_2 Column_3 Column_4 Column_5 Column_6
feature_infos=[-1.7184666666666666:1.73] [-1.7184666666666666:1.73] [-1.7184666666666666:1.73] [-1.7184666666666666:1.73] [-1.7184666666666666:1.73] [-1.7184666666666666:1.73] [-1.7184666666666666:1.73]
tree_sizes=3855 3036 3419 3492 2857 2672 3419 2520 3224 3744 3814 3773 3197 3238 3158 2891 3010 2945 2906 2985 3098 2790 3020 2918 2781 2834 3226 3102 2756 2946 3235 2619 2704 3025 2593 2185 2607 2713 4041 2196 2865 3062 3023 2750 2521 3207 2946 3147 3297 2647 2775 2752 3242 2963 2549 2907 3218 2115 2867 2577 2820 2834 2271 2614 2528 2576 2488 3139 3219 3586

Tree=0
num_leaves=40
num_cat=0
split_feature=3 6 1 3 0 3 5 2 2 6 1 3 6 2 0 3 6 3 5 2 1 3 3 0 0 6 1 6 1 2 3 2 5 2 0 1 1 6 6
split_gain=105.973 32.9191 22.1948 17.5799 14.5071 11.9078 8.27759 7.34588 6.00584 5.90373 4.1015 2.90108 2.83224 1.88967 1.84315 1.70419 1.55795 1.28184 1.47127 1.02636 0.899574 1.59944 2.95451 1.61556 0.652791 0.839443 1.11217 1.2597 0.927392 0.393252 0.338934 0.30506 0.203877 0.134467 0.519252 0.0403459 0.103906 0.0121273 0.00104579
threshold=1.0222958408857103 0.63769130272489749 -0.99489162481209126 0.54117855389578506 -1.4712559614593166 1.386968561092865 -0.18227154452136543 1.6343865887125644 -1.4862562624066544 -1.6816926975463558 1.3019596055040454 -1.6562519875823425 -1.1897584219858153 0.63894708705424952 -1.455392381426615 0.9543766106270708 0.68026781609195408 1.3342385762385762 1.6096518099109565 -1.6818607239643824 -1.5347260239884535 -1.3049841326866651 1.0000000180025095e-35 -1.2742672165047606 -0.7085372390007455 0.69322733619290811 1.5645187350228744 1.5457120567375886 -1.5841004623044095 -1.69426839672947 0.94040911535673366 -1.5835445179913401 -1.5141241349480967 1.6216866289198608 1.133238222438077 1.1014540767386094 -0.92008966057069652 -0.84619466470619098 0.62350374493231653
decision_type=2 2 2 2 2 2 2 2 2 2 2 2 2 2 2 2 2 2 2 2 2 2 2 2 2 2 2 2 2 2 2 2 2 2 2 2 2 2 2
left_child=1 2 12 4 35 13 24 14 -6 -10 15 -11 30 17 -7 16 -8 18 19 -2 37 -22 23 -23 -3 -26 27 28 -27 -16 31 -1 -21 34 -33 36 -4 -14 -39
right_child=5 6 3 -5 8 7 10 -9 9 11 -12 -13 20 -15 29 -17 -18 -19 -20 32 21 22 -24 -25 25 26 -28 -29 -30 -31 -32 33 -34 -35 -36 -37 -38 38 -40
leaf_value=0.0059795170884533282 0.0059795170884533282 0.0059795170884533282 0.0059795170884533282 0.0059795170884533282 0.0059795170884533282 0.0059795170884533282 0.0059795170884533282 0.0059795170884533282 0.0059795170884533282 0.0059795170884533282 0.0059795170884533282 0.0077304196034683912 0.0059795170884533282 0.0059795170884533282 0.0059795170884533282 0.0059795170884533282 0.004721320042802477 0.0059795170884533282 0.0059795170884533282 0.0059795170884533282 0.0059795170884533282 0.0059795170884533282 0.0059795170884533282 0.0072819006966983136 0.0059795170884533282 0.0059795170884533282 0.0059795170884533282 0.0059795170884533282 0.007051829252930737 0.002926864549445617 0.0059795170884533282 0.0048987875395432286 0.0047144782870732049 0.0059795170884533282 0.0059795170884533282 0.0059795170884533282 0.0057318430339059357 0.0058955317965645286 0.0059795170884533282
leaf_weight=197 355 5000 148 21506 4490 91 1322 1496 1750 212 4846 96976 990 8946 492 1205 31037 3062 171 695 1947 823 8844 9838 1116 178 411 443 9837 26343 245 8259 16569 162 86 2584 5298 4088 30
leaf_count=197 355 5000 148 21506 4490 91 1322 1496 1750 212 4846 96976 990 8946 492 1205 31037 3062 171 695 1947 823 8844 9838 1116 178 411 443 9837 26343 245 8259 16569 162 86 2584 5298 4088 30
internal_value=0.00597952 0.00647453 0.00684402 0.00714639 0.0073991 0.00409001 0.00553722 0.00318225 0.00756681 0.00764806 0.00507864 0.00770718 0.00597952 0.00533135 0.00299323 0.00487179 0.00479576 0.00507625 0.00491823 0.00482236 0.00597952 0.006299 0.00653723 0.00708077 0.00598423 0.00633994 0.00655035 0.00674754 0.00693436 0.00296031 0.00511755 0.00505548 0.00475093 0.00500162 0.00497389 0.00597952 0.00585015 0.00597952 0.00589919
internal_weight=282088 223868 168473 132964 111458 58220 55395 28422 103428 98938 38410 97188 35509 29798 26926 33564 32359 20852 17790 17619 26560 21452 19505 10661 16985 11985 10869 10458 10015 26835 8949 8704 17264 8507 8345 8030 5446 5108 4118
internal_count=282088 223868 168473 132964 111458 58220 55395 28422 103428 98938 38410 97188 35509 29798 26926 33564 32359 20852 17790 17619 26560 21452 19505 10661 16985 11985 10869 10458 10015 26835 8949 8704 17264 8507 8345 8030 5446 5108 4118
is_linear=0
shrinkage=1


Tree=1
num_leaves=37
num_cat=0
split_feature=3 6 1 3 3 5 2 6 2 3 1 6 5 2 4 2 4 2 5 3 6 5 4 1 1 2 1 3 3 6 3 2 5 2 6 6
split_gain=95.7354 29.4336 21.2211 17.5402 10.0913 10.0433 9.27276 7.30889 6.75 4.90585 4.86419 2.5255 2.34359 1.68719 2.08221 1.64215 1.08805 0.995994 0.90512 0.898365 0.741339 0.814033 1.30095 1.23817 1.01358 0.738382 0.426851 1.12604 2.80292 0.547911 0.316992 0.286018 0.198421 0.124723 0.00095169 0.011093
threshold=1.0222958408857103 0.68026781609195408 -0.99489162481209126 0.54117855389578506 1.386968561092865 -1.0000000180025095e-35 -1.2037323736780257 -1.6816926975463558 1.6343865887125644 -1.6818607239643824 0.048139276035617413 -1.1897584219858153 -1.7068947603121514 0.4723424242424244 1.2270564921838574 -1.69426839672947 -1.6816926975463558 -1.6818607239643824 -1.5141241349480967 0.8439014144357434 1.5457120567375886 -1.6820275855440212 -1.1025243019895388 -1.5841004623044095 1.5645187350228744 -1.6691913763281441 -1.5347260239884535 -1.3049841326866651 1.0000000180025095e-35 0.63769130272489749 0.94040911535673366 -1.5835445179913401 1.6220620674740485 1.6216866289198608 -0.84619466470619098 0.62350374493231653
decision_type=2 2 2 2 2 2 2 2 2 2 2 2 2 2 2 2 2 2 2 2 2 2 2 2 2 2 2 2 2 2 2 2 2 2 2 2
left_child=1 2 11 6 13 20 -4 -8 15 -9 19 30 -11 14 16 -6 -2 -18 -19 25 21 -3 -23 -24 -25 -7 34 -28 29 -29 31 -1 -20 -33 -13 -36
right_child=4 5 3 -5 8 10 7 9 -10 12 -12 26 -14 -15 -16 -17 17 18 32 -21 -22 22 23 24 -26 -27 27 28 -30 -31 -32 33 -34 -35 35 -37
leaf_value=0 0 0 0 0 0 0 0 0 0 0 0 0 0.0016580020382639356 0 0 -0.0028943948642294825 0 0 -0.0013405686121649579 0 0 0 0 0.00095933904266410253 0 -0.001837388272500053 0 0.0010442671966681906 0 0 0 -0.00095562993318732987 0 0 -8.0307574246835903e-05 0
leaf_weight=197 269 311 13718 21901 532 453 1763 692 1496 280 17320 990 96723 10205 2720 26394 397 625 15463 1739 916 3046 285 13372 467 14814 2003 10661 9030 211 245 8345 119 162 4088 136
leaf_count=197 269 311 13718 21901 532 453 1763 692 1496 280 17320 990 96723 10205 2720 26394 397 625 15463 1739 916 3046 285 13372 467 14814 2003 10661 9030 211 245 8345 119 162 4088 136
internal_value=0 0.00046304 0.00080406 0.0010997 -0.00180331 -0.000447702 0.00135191 0.00151987 -0.00265864 0.00159291 -0.00101159 -2.23861e-05 0.00163739 -0.000613672 -0.000881007 -0.00284011 -0.00109333 -0.00117148 -0.00124625 -0.00165002 6.12478e-05 0.000326423 0.000472298 0.000700318 0.000845459 -0.00177849 0 0.000217847 0.000435355 0.000975092 -0.000815133 -0.000875971 -0.00132409 -0.000928784 0 -2.22522e-05
internal_weight=282088 223868 171145 135077 58220 52723 113176 99458 28422 97695 34326 36068 97003 29798 19593 26926 16873 16604 16207 17006 18397 17481 17170 14124 13839 15267 27119 21905 19902 10872 8949 8704 15582 8507 5214 4224
internal_count=282088 223868 171145 135077 58220 52723 113176 99458 28422 97695 34326 36068 97003 29798 19593 26926 16873 16604 16207 17006 18397 17481 17170 14124 13839 15267 27119 21905 19902 10872 8949 8704 15582 8507 5214 4224
is_linear=0
shrinkage=0.05


Tree=2
num_leaves=42
num_cat=0
split_feature=3 6 6 1 3 2 3 6 3 2 1 1 3 4 2 2 2 3 3 4 5 5 1 5 2 1 3 3 4 5 2 4 3 5 2 5 1 1 6 4 4
split_gain=86.2325 26.7824 18.8542 10.0849 9.05241 11.427 8.51893 7.93138 6.34491 6.20638 2.60679 2.20812 2.0777 1.58526 1.48047 1.46602 0.925104 0.761693 2.91029 2.23531 2.0952 0.731071 0.695182 4.19666 4.75238 0.758231 1.27406 2.082 1.96658 0.592247 0.534278 0.344635 0.317817 0.269873 0.28961 0.187961 0.124615 0.107063 0.0605803 0.0116415 0.00543439
threshold=1.0222958408857103 0.63769130272489749 -1.2601271777003482 -1.2684614472123368 0.54117855389578506 -1.04982992402104 1.386968561092865 1.4143713845424375 -1.6562519875823425 1.6343865887125644 -0.95669725801618222 1.5746605060778964 0.85882111332210842 1.6096518099109565 -1.69426839672947 1.4898976074614765 -1.6818607239643824 0.21278604118993141 -1.2361289549376797 -1.0034615658362986 0.19821525096525108 1.6347157246119208 0.23493641114982575 -0.012581984555167689 0.74976507394766789 1.5645187350228744 -1.6104832358907049 0.60932835446844791 -1.2390945010754697 1.700072262773723 1.6216866289198608 1.5840593031875463 0.76143617747440284 1.4771372618835679 -1.5835445179913401 -1.5141241349480967 -0.46553978779840843 1.6756542847396509 -1.3462005965697239 -1.4989476031215159 1.659267256390611
decision_type=2 2 2 2 2 2 2 2 2 2 2 2 2 2 2 2 2 2 2 2 2 2 2 2 2 2 2 2 2 2 2 2 2 2 2 2 2 2 2 2 2
left_child=1 2 10 -4 5 -5 13 22 -7 14 30 -10 -9 15 -8 16 -2 18 -12 -20 -21 31 23 39 29 26 -24 28 -28 -25 32 35 33 34 -1 -18 -19 38 -38 -3 -41
right_child=6 7 3 4 -6 8 9 12 11 -11 17 -13 -14 -15 -16 -17 21 36 19 20 -22 -23 25 24 -26 -27 27 -29 -30 -31 -32 -33 -34 -35 -36 -37 37 -39 -40 40 -42
leaf_value=0 0 0 0 0 0 0 0 -0.0017369680096898208 0.001770738236901627 0 0 0 0 0 -0.0027527918813850857 0 0 0 0 0.0013531084142048744 0 0 0 -0.0015156437070835238 0 0 0 0 0.0011433983746371734 0 0 0 0 0 -0.0011342897593808142 -0.0009556520711006902 -0.00036773706140084874 0 0 6.6316142746758715e-05 0
leaf_weight=156 453 643 17322 16356 19442 1213 532 10772 77278 1496 2804 2248 860 1151 26394 1919 971 1634 3336 10346 2237 180 1741 10449 4238 1499 1850 2753 11241 55 144 188 758 36 7232 24936 4822 27 1082 9126 168
leaf_count=156 453 643 17322 16356 19442 1213 532 10772 77278 1496 2804 2248 860 1151 26394 1919 971 1634 3336 10346 2237 180 1741 10449 4238 1499 1850 2753 11241 55 144 188 758 36 7232 24936 4822 27 1082 9126 168
internal_value=0 0.00042989 0.000766047 0.0010433 0.00121026 0.00140996 -0.00172072 -0.000406066 0.00165503 -0.00252693 -1.34418e-05 0.00172587 -0.0015425 -0.000579554 -0.00270125 -0.000696207 -0.000808067 0 0.000314077 0.000745897 0.00105918 -0.000866085 0 -0.000242428 -0.000884073 0.000113514 0.000343942 0.000569875 0.000877984 -0.00146704 -0.000855795 -0.000907567 -0.000947019 -0.00103972 -0.00108193 -0.000928467 0 -0.000218725 -0.000298854 0 5.42882e-05
internal_weight=282088 223868 168473 133859 116537 97095 58220 55395 80739 28422 34614 79526 11632 29798 26926 28647 26728 26288 18723 15919 12583 26275 43763 24679 14742 19084 17585 15844 13091 10504 8326 26095 8182 7424 7388 25907 7565 5931 5904 9937 9294
internal_count=282088 223868 168473 133859 116537 97095 58220 55395 80739 28422 34614 79526 11632 29798 26926 28647 26728 26288 18723 15919 12583 26275 43763 24679 14742 19084 17585 15844 13091 10504 8326 26095 8182 7424 7388 25907 7565 5931 5904 9937 9294
is_linear=0
shrinkage=0.05


Tree=3
num_leaves=43
num_cat=0
split_feature=3 6 6 1 3 2 3 6 3 2 4 1 4 5 2 3 2 2 4 3 5 3 3 4 5 1 5 2 1 3 3 4 5 2 3 5 2 1 1 6 4 4
split_gain=77.7541 24.2446 17.4844 9.1916 7.99119 10.3689 7.33282 7.14021 6.29497 4.09593 2.37096 2.33091 2.25845 2.00624 1.94304 1.93433 1.35814 1.21562 1.20381 1.11971 1.37757 0.595975 2.67022 2.06289 1.93366 0.506703 3.79151 4.38935 0.640456 1.15887 1.92562 1.83201 0.561571 0.504468 0.288124 0.256061 0.272597 0.109584 0.101382 0.0557913 0.0103644 0.00514387
threshold=1.0222958408857103 0.63769130272489749 -1.2601271777003482 -1.2684614472123368 0.54117855389578506 -1.2742672165047606 1.4789283385988667 1.4143713845424375 -1.6562519875823425 1.6837895206243034 1.7174409749670621 -0.95669725801618222 1.2270564921838574 -1.7068947603121514 0.63894708705424952 0.85882111332210842 -1.6818607239643824 -1.7068173553904511 -1.6816926975463558 1.452958885017422 -1.4606310115589625 0.21278604118993141 -1.2361289549376797 -1.0034615658362986 0.19821525096525108 0.23493641114982575 -0.012581984555167689 0.74976507394766789 1.5645187350228744 -1.6104832358907049 0.60932835446844791 -1.2390945010754697 1.700072262773723 1.6216866289198608 0.76143617747440284 1.4771372618835679 -1.5835445179913401 -0.46553978779840843 1.6756542847396509 -1.3462005965697239 -1.4989476031215159 1.659267256390611
decision_type=2 2 2 2 2 2 2 2 2 2 2 2 2 2 2 2 2 2 2 2 2 2 2 2 2 2 2 2 2 2 2 2 2 2 2 2 2 2 2 2 2 2
left_child=1 2 11 -4 5 -5 12 25 -7 10 17 33 14 -10 16 -9 -2 -8 -18 20 -20 22 -13 -24 -25 26 40 32 29 -27 31 -31 -28 34 35 36 -1 -23 39 -39 -3 -42
right_child=6 7 3 4 -6 8 9 15 13 -11 -12 21 -14 -15 -16 -17 18 -19 19 -21 -22 37 23 24 -26 28 27 -29 -30 30 -32 -33 -34 -35 -36 -37 -38 38 -40 -41 41 -43
leaf_value=0 0 0 0 0 0 0 0 -0.0016545642282336512 0 0 0 0 0 0.0016078976026739846 0 0 0 -0.0029239998723503452 0 0 -0.0014944027421555474 0 0 0.0012890514691511566 0 0 -0.0014438535375690066 0 0 0 0 0.0010890376994242936 0 0 0 0 -0.0010817908643240594 -0.00035132670094111695 0 0 6.3198910699553652e-05 0
leaf_weight=156 543 643 17322 10286 19442 1267 215 10772 239 677 193 2804 5697 85303 9288 860 344 19787 923 1233 19320 1634 3336 10346 2237 1741 10449 4238 1499 1850 2753 11241 55 144 758 36 7232 4822 27 1082 9126 168
leaf_count=156 543 643 17322 10286 19442 1267 215 10772 239 677 193 2804 5697 85303 9288 860 344 19787 923 1233 19320 1634 3336 10346 2237 1741 10449 4238 1499 1850 2753 11241 55 144 758 36 7232 4822 27 1082 9126 168
internal_value=0 0.000403208 0.000724385 0.000992408 0.00115184 0.00133991 -0.00163867 -0.000387229 0.00151766 -0.00268739 -0.00281963 -1.9156e-05 -0.00074924 0.00158743 -0.000914195 -0.0014659 -0.0011772 -0.0028832 -0.00125338 -0.00131602 -0.00140316 0 0.000277818 0.000703476 0.00100601 0 -0.000212278 -0.000832396 8.08343e-05 0.000308566 0.000530748 0.000830979 -0.00139561 -0.000809744 -0.000900212 -0.000988483 -0.00103046 0 -0.00020511 -0.000285182 0 5.1224e-05
internal_weight=282088 223868 168473 133859 116537 97095 58220 55395 86809 20872 20195 34614 37348 85542 31651 11632 22363 20002 21820 21476 20243 26288 18723 15919 12583 43763 24679 14742 19084 17585 15844 13091 10504 8326 8182 7424 7388 7565 5931 5904 9937 9294
internal_count=282088 223868 168473 133859 116537 97095 58220 55395 86809 20872 20195 34614 37348 85542 31651 11632 22363 20002 21820 21476 20243 26288 18723 15919 12583 43763 24679 14742 19084 17585 15844 13091 10504 8326 8182 7424 7388 7565 5931 5904 9937 9294
is_linear=0
shrinkage=0.05


Tree=4
num_leaves=34
num_cat=0
split_feature=3 0 6 3 4 2 6 3 3 5 2 5 5 6 4 2 0 0 0 3 4 0 2 0 2 5 4 3 4 5 4 3 5
split_gain=70.3127 24.2378 20.4596 16.612 9.56335 8.51973 8.49108 6.51132 5.96881 5.52078 5.45087 3.0529 2.18505 2.89038 2.51181 1.74897 2.21872 1.51095 1.48051 1.38544 1.36259 1.3149 1.25522 1.09977 0.814297 0.656674 0.304951 0.25091 0.236673 0.138879 0.00710094 0.00363723 0.160188
threshold=1.0222958408857103 -1.4712559614593166 1.4283635385730657 1.0000000180025095e-35 -1.4989476031215159 -1.2742672165047606 -1.2459600467791592 1.386968561092865 -1.6104832358907049 1.3869982814126305 1.6343865887125644 0.4052743947175349 0.25381205915813432 -1.4019446792162886 0.01802105060101503 1.0069234165433636 0.29522473284933526 -1.455392381426615 -0.83137641256165318 0.99452754272440702 1.6096518099109565 0.88822252252252276 1.4898976074614765 -1.4989476031215159 -1.6818607239643824 1.6347157246119208 1.5840593031875463 -1.3197980275202263 1.7174409749670621 -1.5141241349480967 -0.82235704012299748 0.13027875975843281 -0.079191122683032675
decision_type=2 2 2 2 2 2 2 2 2 2 2 2 2 2 2 2 2 2 2 2 2 2 2 2 2 2 2 2 2 2 2 2 2
left_child=1 9 3 4 -3 -6 27 20 -8 23 17 -4 13 31 30 16 -14 -9 -16 -13 22 -18 24 -1 -2 26 29 -7 -19 -26 -15 -5 -33
right_child=7 2 11 12 5 6 8 10 -10 -11 -12 19 15 14 18 -17 21 28 -20 -21 -22 -23 -24 -25 25 -27 -28 -29 -30 -31 -32 32 -34
leaf_value=-0.0017919101095583432 0 0 0 0 0 0 0 0 0.0016574460656786439 0 0 -0.002454507795130709 0 3.5914660825447215e-05 0 0 -0.0013717197442573768 -0.0025057654471861445 0.00092650145035982727 0 0 0 0 0 0 0 0 0.00019470146936694665 0 -0.00086118912933930798 0 -0.00024800266819783679 0
leaf_weight=12252 453 7626 2695 1289 10044 1689 832 91 80435 6219 1496 4444 6236 13182 420 4245 7010 26603 24592 87 1151 3091 1919 2008 971 180 188 15966 232 24936 12623 6078 805
leaf_count=12252 453 7626 2695 1289 10044 1689 832 91 80435 6219 1496 4444 6236 13182 420 4245 7010 26603 24592 87 1151 3091 1919 2008 971 180 188 15966 232 24936 12623 6078 805
internal_value=0 0.000376279 0.000576197 0.000711828 0.00109777 0.00122769 0.00136873 -0.00156492 0.00159276 -0.00108198 -0.00229446 -0.00156732 1.41533e-05 0.000271834 0.000475637 -0.000225571 -0.000567537 -0.00245892 0.000836479 -0.00229009 -0.000499944 -0.00101459 -0.000613462 -0.00160973 -0.000719507 -0.000776031 -0.000817208 0 -0.00249081 -0.000837467 0 0 -3.49036e-05
internal_weight=282088 223868 203389 196163 116592 108966 98922 58220 81267 20479 28422 7226 79571 58989 50817 20582 16337 26926 25012 4531 29798 10101 28647 14260 26728 26275 26095 17655 26835 25907 25805 8172 6883
internal_count=282088 223868 203389 196163 116592 108966 98922 58220 81267 20479 28422 7226 79571 58989 50817 20582 16337 26926 25012 4531 29798 10101 28647 14260 26728 26275 26095 17655 26835 25907 25805 8172 6883
is_linear=0
shrinkage=0.05


Tree=5
num_leaves=32
num_cat=0
split_feature=3 0 6 1 3 1 3 2 6 2 3 6 4 3 0 4 0 2 2 4 2 4 6 6 2 0 4 3 1 3 6
split_gain=63.246 21.9125 18.7529 16.1898 13.963 12.3026 5.51712 5.43194 5.82441 5.02068 4.47872 4.36812 3.18339 1.89666 1.54265 1.26568 1.21876 1.16524 0.766028 0.528995 0.350964 0.223018 0.217962 1.16269 0.208647 1.12057 0.13682 0.123451 0.060192 0.244444 0.0371061
threshold=1.0222958408857103 -1.4712559614593166 1.4283635385730657 -1.5347260239884535 0.33630398508048692 0.61464574071849098 1.386968561092865 -1.0235067498416099 -1.5118557232241441 1.6343865887125644 -1.6104832358907049 1.5457120567375886 1.2270564921838574 0.85882111332210842 1.2410205100629901 1.6096518099109565 1.0529096394863069 1.4898976074614765 -1.6818607239643824 1.7174409749670621 -1.69426839672947 1.5840593031875463 -1.1492574925074923 0.51513449085604501 0.4723424242424244 1.2802624548736465 -1.7067394300951346 1.0083933701095662 -0.13238300909794809 -1.2509252548396146 -1.7068173553904511
decision_type=2 2 2 2 2 2 2 2 2 2 2 2 2 2 2 2 2 2 2 2 2 2 2 2 2 2 2 2 2 2 2
left_child=1 5 3 12 7 11 15 28 -9 14 -10 -1 16 26 -8 17 20 18 -2 -16 -3 24 30 -24 25 -20 -4 -22 -5 -30 -6
right_child=6 2 13 4 22 -7 9 8 10 -11 -12 -13 -14 -15 19 -17 -18 -19 21 -21 27 -23 23 -25 -26 -27 -28 -29 29 -31 -32
leaf_value=-0.0024359295285240538 0 0 0 0 0 0 0 0 0 0 0.0013628152488485284 0 0 0 -0.0025012630731251744 0 0 0 -0.00107782188640397 0 -0.001682587192988944 0 0.00034923538678819288 0 0 0 -0.0017996393322324646 0 0 0.0002536852893662242 -9.763806052993915e-05
leaf_weight=10207 453 30 45 9808 194 8873 2448 9352 930 1496 104889 1399 1223 787 24275 1151 317 1919 15284 203 6632 191 27678 13047 7724 3076 6394 39 1094 11253 9677
leaf_count=10207 453 30 45 9808 194 8873 2448 9352 930 1496 104889 1399 1223 787 24275 1151 317 1919 15284 203 6632 191 27678 13047 7724 3076 6394 39 1094 11253 9677
internal_value=0 0.000350505 0.000542454 0.000674073 0.000803305 -0.00102986 -0.00148998 0.00106544 0.00121234 -0.00217954 0.0013175 -0.00208723 -0.000965822 -0.00149746 -0.00233775 -0.000464599 -0.00145954 -0.000576726 -0.000680189 -0.0024805 -0.00162524 -0.00073605 0 0.000114325 -0.000752702 -0.000908371 -0.00178023 -0.00166533 0 0.000107888 -2.19286e-05
internal_weight=282088 223868 203389 196163 187922 20479 58220 137326 115171 28422 105819 11606 8241 7226 26926 29798 7018 28647 26728 24478 6701 26275 50596 40725 26084 18360 6439 6671 22155 12347 9871
internal_count=282088 223868 203389 196163 187922 20479 58220 137326 115171 28422 105819 11606 8241 7226 26926 29798 7018 28647 26728 24478 6701 26275 50596 40725 26084 18360 6439 6671 22155 12347 9871
is_linear=0
shrinkage=0.05


Tree=6
num_leaves=42
num_cat=0
split_feature=3 6 1 3 2 5 6 3 2 3 1 4 3 4 5 3 2 3 6 3 2 2 5 5 6 3 1 4 5 1 1 2 5 4 6 1 1 2 1 1 1
split_gain=57.2977 19.6409 14.8935 9.38838 7.99111 5.59534 5.36533 4.7346 4.17894 3.83739 3.2163 2.32443 2.05339 1.92015 1.84257 1.78076 1.68179 1.56669 2.61406 1.43766 1.40463 1.51722 1.4448 1.33303 1.17353 1.04137 0.56171 0.522859 0.273391 0.235655 0.215146 0.180154 0.082083 0.511345 0.71119 0.897795 0.674048 0.00650583 0.00468924 0.0109809 0.00442338
threshold=1.0222958408857103 0.63769130272489749 -0.92008966057069652 0.44569734165431169 -1.0235067498416099 -0.18227154452136543 -1.6816926975463558 1.4789283385988667 0.89886292538976909 -1.6691913763281441 1.3019596055040454 -1.6100689638600538 -1.1391181321065875 1.2270564921838574 1.3469071922886802 1.452958885017422 -1.69426839672947 1.0000000180025095e-35 -1.1897584219858153 0.9543766106270708 1.6087482456140352 -1.6818607239643824 -1.0838140715109572 0.59984983164983185 0.68026781609195408 0.76143617747440284 -0.93402041522491341 1.700072262773723 1.7173952222959523 -0.98043742478941021 -0.93402041522491341 -1.6691913763281441 -1.5707782622860436 -1.0185397978599846 1.5457120567375886 -1.5841004623044095 1.5645187350228744 1.4524960087632415 0.092730578438194336 1.6463382651234937 0.91707416107382567
decision_type=2 2 2 2 2 2 2 2 2 2 2 2 2 2 2 2 2 2 2 2 2 2 2 2 2 2 2 2 2 2 2 2 2 2 2 2 2 2 2 2 2
left_child=1 2 12 4 38 32 -6 13 16 -8 19 -11 14 15 30 20 -9 18 -14 24 21 -2 -23 26 -7 29 -20 -18 -24 -19 31 -1 -3 -34 35 -35 -37 -33 -4 40 -40
right_child=7 5 3 -5 6 10 9 8 -10 11 -12 -13 17 -15 -16 -17 27 25 23 -21 -22 22 28 -25 -26 -27 -28 -29 -30 -31 -32 37 33 34 -36 36 -38 -39 39 -41 -42
leaf_value=0 0 0 0 0 0 0 0 0 0 0 0 0.0014635746499301943 0 0 0 0 -0.002974746471556594 -0.0005373861284953752 0.0011429989386254067 0 0 0 -0.0011646749103908925 0 -0.001075980347725669 0 0 0 0 0 0 -0.0014438439440642608 0 0 0 0.00077460571306550935 0 0 0 0 9.5603856537900746e-05
leaf_weight=33 506 1288 6761 25359 1570 1322 953 427 5870 2711 4846 80886 4488 5697 448 1837 14403 11560 10805 1205 1025 2782 25476 1925 31037 3921 190 172 25 1140 70 4573 3148 249 494 11404 402 489 5515 161 4915
leaf_count=33 506 1288 6761 25359 1570 1322 953 427 5870 2711 4846 80886 4488 5697 448 1837 14403 11560 10805 1205 1025 2782 25476 1925 31037 3921 190 172 25 1140 70 4573 3148 249 494 11404 402 489 5515 161 4915
internal_value=-5.1916e-07 0.000326671 0.000620104 0.000888838 0.00109916 -0.000379181 0.00129629 -0.00142434 -0.0023317 0.00136708 -0.000751777 0.00141564 0 -0.000618151 -0.000910377 -0.00077368 -0.00285574 0 0.000447548 -0.000938546 -0.00088387 -0.000963356 -0.00103718 0.000866564 -0.00101104 -0.000135008 0.00107875 -0.0029432 -0.00115281 -0.000468653 -0.00130195 -0.00134564 0 0.000112278 0.000336141 0.000508051 0.00066671 -0.00137882 0 3.23934e-05 5.96476e-05
internal_weight=282088 223868 168473 128831 103472 55395 86120 58220 20872 84550 38410 83597 39642 37348 5613 31651 15002 34029 17408 33564 29814 28789 28283 12920 32359 16621 10995 14575 25501 12700 5165 5095 16985 15697 12549 12055 11806 5062 17352 10591 10430
internal_count=282088 223868 168473 128831 103472 55395 86120 58220 20872 84550 38410 83597 39642 37348 5613 31651 15002 34029 17408 33564 29814 28789 28283 12920 32359 16621 10995 14575 25501 12700 5165 5095 16985 15697 12549 12055 11806 5062 17352 10591 10430
is_linear=0
shrinkage=0.05


Tree=7
num_leaves=30
num_cat=0
split_feature=3 0 6 1 3 1 6 3 2 3 2 6 4 3 0 0 2 4 0 4 2 2 0 6 6 2 4 3 6
split_gain=52.0668 18.7118 16.2238 14.1253 11.7444 11.0646 4.53902 4.36341 4.48119 4.31253 4.35775 4.308 2.95785 1.7372 1.29986 1.14527 1.09923 1.40316 1.09815 0.933042 0.874665 0.33251 0.254535 0.178095 1.04113 0.15828 0.12668 0.115326 0.0367891
threshold=1.0222958408857103 -1.4712559614593166 1.4283635385730657 -1.5347260239884535 0.33630398508048692 0.60226329344038787 -1.6816926975463558 -1.5845704821494293 -1.0235067498416099 1.386968561092865 1.6343865887125644 1.5457120567375886 1.2270564921838574 0.85882111332210842 -1.455392381426615 1.0529096394863069 0.4723424242424244 1.2270564921838574 1.2802624548736465 -1.6816926975463558 -1.69426839672947 -1.69426839672947 -1.0666860770368956 -1.1492574925074923 0.51513449085604501 -1.7068173553904511 -1.7067394300951346 1.0083933701095662 -1.7068173553904511
decision_type=2 2 2 2 2 2 2 2 2 2 2 2 2 2 2 2 2 2 2 2 2 2 2 2 2 2 2 2 2
left_child=1 5 3 12 6 11 -5 -8 -9 16 14 -1 15 26 -11 21 17 18 19 -2 -21 -3 -22 28 -25 -16 -4 -23 -6
right_child=9 2 13 4 23 -7 7 8 -10 10 -12 -13 -14 -15 25 -17 -18 -19 -20 20 22 27 -24 24 -26 -27 -28 -29 -30
leaf_value=-0.0023257222350735059 0 0 0 0 0 0 0 0 0.001209458393717836 0 0 0 0 0 0 0 0 0 0 0 0 -0.0016004476148622851 -0.0011576243971906928 0.00032816704440170142 0 -0.0021846936908094679 -0.0016859958901656886 0 -9.7106367966321491e-05
leaf_weight=10134 230 30 45 1987 194 8953 1479 21871 111989 91 1496 1392 1223 787 234 317 10205 2720 2733 259 107 6632 13544 27678 13047 26601 6394 39 9677
leaf_count=10134 230 30 45 1987 194 8953 1479 21871 111989 91 1496 1392 1223 787 234 317 10205 2720 2733 259 107 6632 13544 27678 13047 26601 6394 39 9677
internal_value=-4.28844e-06 0.00030577 0.000486312 0.000611758 0.000735044 -0.000962883 0.000975406 0.00102412 0.00106841 -0.00136268 -0.00199296 -0.00197421 -0.000896994 -0.00139384 -0.00214102 -0.00138101 -0.00039633 -0.000610536 -0.000794873 -0.000967273 -0.00105425 -0.00154383 -0.00113371 0 0.000103266 -0.00217203 -0.00166711 -0.00158364 -2.13322e-05
internal_weight=282088 223868 203389 196163 187922 20479 137326 135339 133860 58220 28422 11526 8241 7226 26926 7018 29798 19593 16873 14140 13910 6701 13651 50596 40725 26835 6439 6671 9871
internal_count=282088 223868 203389 196163 187922 20479 137326 135339 133860 58220 28422 11526 8241 7226 26926 7018 29798 19593 16873 14140 13910 6701 13651 50596 40725 26835 6439 6671 9871
is_linear=0
shrinkage=0.05


Tree=8
num_leaves=39
num_cat=0
split_feature=5 0 1 0 0 6 5 2 6 1 4 1 4 0 1 6 5 2 0 6 5 0 6 6 0 4 2 5 1 0 2 4 5 1 4 5 0 0
split_gain=48.7381 26.8557 15.529 12.0284 23.8518 10.9712 8.69001 5.52703 4.60783 3.85709 3.36086 2.70791 3.84338 2.6395 1.97123 1.89502 4.22581 3.16496 1.61308 1.58007 1.57216 1.39855 1.28363 1.2038 1.45543 1.1836 1.20598 1.08205 0.901894 0.571435 0.144332 0.0614481 0.0243142 0.503078 0.614494 0.00912484 0.00385445 0.0638283
threshold=1.2252884045077108 -0.94067349582008697 -1.5347260239884535 0.36420580094568122 -1.1897584219858153 1.0770577109723021 0.059862308429118924 0.40245948292494699 -1.6253274354281062 0.27971966889053629 1.348166993426364 0.4294963829274176 -1.4298930555555553 -1.6565130441320199 1.5746605060778964 -0.65354971115840665 0.77654755895290994 -0.34352395217246584 -1.245102158273381 1.4915954522738633 1.1981464951430825 0.66820253952446174 -0.32796764506441917 1.5976169909020521 1.5718975784531752 1.6466262590354308 -1.6559890696492119 1.1036590493149332 1.4626932537529393 -1.455392381426615 -1.3012481995947558 1.7242333333333335 -1.0838140715109572 0.070494188727977108 1.5328033867539232 0.85899276585483497 -1.6108946557649009 -1.1073197231833907
decision_type=2 2 2 2 2 2 2 2 2 2 2 2 2 2 2 2 2 2 2 2 2 2 2 2 2 2 2 2 2 2 2 2 2 2 2 2 2 2
left_child=2 36 7 4 6 8 18 19 -6 15 21 29 -13 -14 27 32 17 -17 28 20 25 -11 -19 24 -23 26 -1 -10 30 31 -4 -8 -5 34 -34 -7 -2 -38
right_child=1 -3 3 9 5 35 11 -9 14 10 -12 12 13 -15 -16 16 -18 22 -20 -21 -22 23 -24 -25 -26 -27 -28 -29 -30 -31 -32 -33 33 -35 -36 -37 37 -39
leaf_value=0 0 -0.0024537185913205569 0 0 0 -5.5454903318372659e-05 -0.00068154388013136032 0 0.0012615493103432279 0 0 0 0 0.0015874179983063194 0 0 0 0 0 0 0 -0.0010914932509462072 0.0013433585243342423 0 0 0 -0.0027252913712814851 0 0 0 -0.0021636748880812808 0 -0.00057604597220655969 0 0 0 0.00014999333412317375 0
leaf_weight=149 5182 28715 1766 3861 4572 6837 4172 4037 100231 8040 3942 741 741 8289 2393 7778 7806 2608 1912 238 37 22424 14511 710 916 176 6187 1607 827 5515 6475 34 8022 1031 619 1263 6940 784
leaf_count=149 5182 28715 1766 3861 4572 6837 4172 4037 100231 8040 3942 741 741 8289 2393 7778 7806 2608 1912 238 37 22424 14511 710 916 176 6187 1607 827 5515 6475 34 8022 1031 619 1263 6940 784
internal_value=-8.68093e-06 -0.00160891 0.000228836 0.000353996 0.000630901 0.000984465 -0.00038735 -0.00140754 0.00113653 -1.88553e-05 -0.000491941 0 0.00077041 0.00128025 0.00120745 0.000131667 0.000408317 0.000795271 -0.00151069 -0.00222307 -0.00237929 -0.000726897 0.00116508 -0.000918043 -0.000996809 -0.00249893 -0.00261368 0.00124102 -0.00177548 -0.000246419 -0.00192443 -0.000655066 0 -7.69971e-05 -0.000378116 0 0 3.40629e-05
internal_weight=282088 41621 240467 229643 147375 116903 30472 10824 108803 82268 36032 19492 9771 9030 104231 46236 32703 24897 10980 6787 6549 32090 17119 24050 23340 6512 6336 101838 9068 9721 8241 4206 13533 9672 8641 8100 12906 7724
internal_count=282088 41621 240467 229643 147375 116903 30472 10824 108803 82268 36032 19492 9771 9030 104231 46236 32703 24897 10980 6787 6549 32090 17119 24050 23340 6512 6336 101838 9068 9721 8241 4206 13533 9672 8641 8100 12906 7724
is_linear=0
shrinkage=0.05


Tree=9
num_leaves=46
num_cat=0
split_feature=5 0 3 0 5 1 1 6 6 1 4 5 4 3 3 3 3 1 5 6 0 5 1 0 3 3 6 5 3 3 5 4 0 4 3 0 4 3 0 3 5 5 6 6 0
split_gain=43.5335 24.4631 16.1172 21.403 10.135 8.85342 7.96088 7.50486 4.10869 3.19558 2.72077 2.57388 2.98529 2.33096 2.21793 2.13029 1.8613 1.73507 1.6216 1.40489 1.23032 1.74435 1.01539 1.90117 1.19925 0.858607 0.599573 0.775609 1.82324 1.92259 1.92224 0.50246 0.427982 0.333588 0.217963 0.107011 0.113794 0.092104 1.1847 1.42794 0.0811518 0.0571648 0.124754 0.0347339 0.0233991
threshold=1.2252884045077108 -0.94067349582008697 0.44569734165431169 -1.1897584219858153 0.44645448120783832 0.33998215366001217 -1.5347260239884535 1.0770577109723021 -1.6816926975463558 0.56067547759221437 0.51930565371024739 1.0000000180025095e-35 -1.4298930555555553 -1.6691913763281441 -0.46518205413422314 -1.6104832358907049 0.58085311865925349 1.6214969405594408 1.1981464951430825 -1.6816926975463558 -1.455392381426615 1.1981464951430825 -0.69078799813506075 0.19762876915472075 -0.91623942208462317 -1.2645811912225704 -1.38699828141263 0.83137641256165318 0.59665565300973233 1.2391774031264575 -0.56033582276577598 -1.4431813768206148 0.91692240668786085 -1.5261172385620914 0.46033597364532614 -1.2322871905791875 -1.6100689638600538 -1.6818607239643824 -1.6818607239643824 -0.69672492542878428 1.1169903149386846 1.1303499398315284 1.4915954522738633 -1.3594923554706162 -1.3996227643845196
decision_type=2 2 2 2 2 2 2 2 2 2 2 2 2 2 2 2 2 2 2 2 2 2 2 2 2 2 2 2 2 2 2 2 2 2 2 2 2 2 2 2 2 2 2 2 2
left_child=2 37 3 5 6 20 -5 8 -8 26 16 35 -13 -14 -15 -10 -11 18 19 -18 21 -1 24 25 -6 -24 34 28 -28 30 -30 -26 -33 -27 -4 36 -7 -2 -39 -40 -36 42 43 -29 -22
right_child=1 -3 9 4 22 11 7 -9 15 10 -12 12 13 14 -16 -17 17 -19 -20 -21 44 -23 23 -25 31 33 27 41 29 -31 -32 32 -34 -35 40 -37 -38 38 39 -41 -42 -43 -44 -45 -46
leaf_value=-0.0023046917522583817 0 -0.0023334659130125643 0 0 0 0 0 0 0 0 0 0 0 0.0016106964376988314 0 0.0013315289463262127 0 0 0 -0.0015819815235128211 0 0 0 0 0 0 0 0 0 0 0.0010093225839391277 -0.001286872632111871 0 0.00090833016795444912 -0.00065004277142623494 0 -0.00038454228172491106 0 0.00084247165295010514 0 0 0 0 -0.00028289357630851473 -8.2145894505004661e-05
leaf_weight=6176 2554 28715 101 4246 1833 141 1787 6006 97 2009 9422 785 417 9131 212 95762 115 1075 264 14658 2001 190 1785 3016 394 496 6733 29 9678 6926 15232 4159 314 8808 4736 570 3652 697 8946 709 76 2399 761 6187 8088
leaf_count=6176 2554 28715 101 4246 1833 141 1787 6006 97 2009 9422 785 417 9131 212 95762 115 1075 264 14658 2001 190 1785 3016 394 496 6733 29 9678 6926 15232 4159 314 8808 4736 570 3652 697 8946 709 76 2399 761 6187 8088
internal_value=-1.33665e-05 -0.00152667 0.000208942 0.000523505 0.000839959 -0.000444805 0.00103654 0.00114417 0.00125705 -0.000289562 -0.00072491 0 0.000756111 0.00115621 0.00140719 0.00130995 -0.00107421 -0.00125362 -0.0013991 -0.00150172 -0.00129237 -0.0021304 0 2.98613e-05 -0.000588936 0.000639062 0 0 0.000222549 0.000447687 0.000665909 -0.00100691 -0.00115821 0.00083624 -0.000522333 -0.000122285 -0.000279402 0 0.000145124 0.000558428 -0.000615615 0 -0.000137509 -0.000258673 0
internal_weight=282088 41621 240467 160066 128703 31363 107898 103652 97646 80401 27543 14908 10545 9760 9343 95859 18121 16112 15037 14773 16455 6366 20805 14105 6700 11089 52858 47945 38569 31836 24910 4867 4473 9304 4913 4363 3793 12906 10352 9655 4812 9376 6977 6216 10089
internal_count=282088 41621 240467 160066 128703 31363 107898 103652 97646 80401 27543 14908 10545 9760 9343 95859 18121 16112 15037 14773 16455 6366 20805 14105 6700 11089 52858 47945 38569 31836 24910 4867 4473 9304 4913 4363 3793 12906 10352 9655 4812 9376 6977 6216 10089
is_linear=0
shrinkage=0.05


Tree=10
num_leaves=47
num_cat=0
split_feature=5 0 3 0 5 1 1 6 6 6 5 3 3 1 3 5 5 0 3 1 0 3 2 3 1 2 1 2 1 3 5 5 2 0 3 3 3 0 3 0 3 3 3 0 2 3
split_gain=39.0312 21.9206 14.2966 19.7219 9.24016 8.1246 7.41804 6.93865 3.84196 2.76399 2.16829 2.14171 2.02038 1.69911 1.37979 1.24878 0.936285 0.970403 0.921349 0.888041 1.70734 1.11109 1.21422 0.796496 0.795455 1.12211 0.72587 0.641647 0.565615 2.26228 1.57031 1.96776 0.514223 0.449511 0.384464 0.356607 0.12019 1.33871 0.955678 0.0901624 0.0863832 0.0690962 0.054563 0.0376107 0.0279214 0.0096949
threshold=1.2252884045077108 -1.1073197231833907 0.44569734165431169 -1.1897584219858153 0.44645448120783832 0.33998215366001217 -1.5347260239884535 1.0770577109723021 -1.6816926975463558 -1.3462005965697239 0.43322324414715729 1.2391774031264575 -1.6104832358907049 1.5645187350228744 -1.6818607239643824 1.0222958408857103 1.2113013937282233 -1.455392381426615 -0.46518205413422314 -0.69078799813506075 0.19762876915472075 -0.91623942208462317 1.332363923156606 -1.2645811912225704 -1.157331130601946 1.6087482456140352 1.6463382651234937 -1.6691913763281441 0.56067547759221437 0.59665565300973233 0.83137641256165318 -0.56033582276577598 -1.0235067498416099 -1.2322871905791875 0.43176194539249146 0.46033597364532614 -1.6818607239643824 -1.6818607239643824 -0.73809397042093272 -1.2322871905791875 0.60932835446844791 -1.487091474505662 1.6100689638600543 -1.3996227643845196 -1.7068173553904511 0.32253563218390813
decision_type=2 2 2 2 2 2 2 2 2 2 2 2 2 2 2 2 2 2 2 2 2 2 2 2 2 2 2 2 2 2 2 2 2 2 2 2 2 2 2 2 2 2 2 2 2 2
left_child=2 36 3 5 6 16 -5 8 -8 15 39 28 -10 24 -12 26 17 -1 33 21 23 -6 34 -21 -13 27 35 -26 29 -11 31 -31 -25 -16 -23 -4 -2 -38 -39 41 -30 -7 44 -19 -37 -43
right_child=1 -3 9 4 19 10 7 -9 12 11 14 13 -14 -15 18 -17 -18 43 -20 20 -22 22 -24 32 25 -27 -28 -29 40 30 -32 -33 -34 -35 -36 42 37 38 -40 -41 -42 45 -44 -45 -46 -47
leaf_value=-0.002138548550971803 0 -0.0021901992597137565 0 0 0 0 0 0 0 0 0 0 0.0012653538873057392 0 0.0012733785788892737 0 0 0 0 0 0 -0.0013711745757092461 0 0 0 0 0 -0.0010685762752568535 0 0 0 0.0010087188885897053 0.00095901240839254501 0 0 0 0 0.00082328476578585701 0 0 -0.00012333945679728466 -0.00027836608149382942 0 -0.0001045142289164915 -0.0015672554280264752 0
leaf_weight=6269 2535 29499 165 4246 1833 1323 1787 6006 97 7177 246 3184 95762 1563 7003 258 174 1985 150 1785 3016 4203 609 1681 365 495 72 13477 3258 9496 4867 15060 7623 459 55 26 697 8325 565 833 13615 4870 38 8027 7285 24
leaf_count=6269 2535 29499 165 4246 1833 1323 1787 6006 97 7177 246 3184 95762 1563 7003 258 174 1985 150 1785 3016 4203 609 1681 365 495 72 13477 3258 9496 4867 15060 7623 459 55 26 697 8325 565 833 13615 4870 38 8027 7285 24
internal_value=-2.3352e-05 -0.00145621 0.000184897 0.00048349 0.000789621 -0.000442308 0.000977768 0.001083 0.00119214 -0.000281756 0 -2.66888e-05 0.00124384 -0.000524331 0.000801464 -0.00125581 -0.00124864 -0.0013092 0.00104051 0 2.62237e-06 -0.000552182 -0.000957786 0.000604783 -0.000730287 -0.000883432 -0.00141745 -0.00100087 0 0.000195016 0.000485414 0.00066138 0.000795771 0.00117866 -0.00128846 -0.0015004 0 0.000171904 0.000620563 0 0 -0.000182093 -0.00155257 0 -0.00156184 -0.000269668
internal_weight=282088 41621 240467 160066 128703 31363 107898 103652 97646 80401 14908 72557 95859 19084 7858 7844 16455 16281 7612 20805 14105 6700 4867 11089 17521 14337 7586 13842 53473 36600 29423 24556 9304 7462 4258 7514 12122 9587 8890 7050 16873 6217 7349 10012 7311 4894
internal_count=282088 41621 240467 160066 128703 31363 107898 103652 97646 80401 14908 72557 95859 19084 7858 7844 16455 16281 7612 20805 14105 6700 4867 11089 17521 14337 7586 13842 53473 36600 29423 24556 9304 7462 4258 7514 12122 9587 8890 7050 16873 6217 7349 10012 7311 4894
is_linear=0
shrinkage=0.05


Tree=11
num_leaves=46
num_cat=0
split_feature=5 0 3 0 5 1 1 6 6 6 3 5 0 3 5 1 0 3 2 3 3 0 2 2 2 1 3 6 6 1 3 1 3 2 2 1 5 3 0 0 3 3 6 6 1
split_gain=34.9731 19.7475 12.722 18.0057 8.39597 7.54186 6.91349 6.41827 3.59417 2.58709 1.91625 1.91239 1.45035 1.29491 0.901899 0.765273 1.5351 1.01912 1.13876 0.741474 0.597993 0.583793 0.467595 0.416586 0.378169 1.26206 1.17169 1.16966 1.01254 0.941556 0.684658 0.505799 0.365475 0.300835 0.277074 0.170375 0.162465 0.212907 0.0929142 0.0341853 0.0330812 0.477516 0.00689794 0.1478 0.214415
threshold=1.2252884045077108 -0.94067349582008697 0.44569734165431169 -1.1897584219858153 0.44645448120783832 0.33998215366001217 -1.5347260239884535 1.0770577109723021 -1.6816926975463558 -0.65354971115840665 -1.6104832358907049 1.0000000180025095e-35 -1.6565130441320199 -0.49252559813463087 1.2113013937282233 -0.69078799813506075 0.19762876915472075 -0.91623942208462317 1.332363923156606 -1.2645811912225704 -1.6691913763281441 -1.455392381426615 -1.0235067498416099 -1.6818607239643824 -0.31592233362394645 0.13754119146065744 0.59665565300973233 -0.10386113074204949 1.6100689638600543 1.4756810580723627 0.60932835446844791 -1.6261388692579504 0.43176194539249146 1.6602182902854048 -1.6818607239643824 1.6756542847396509 1.2113013937282233 0.46033597364532614 -1.2322871905791875 -1.3996227643845196 -1.6818607239643824 -0.45237146104179932 -0.39414277071990317 1.1176169524669077 1.6214969405594408
decision_type=2 2 2 2 2 2 2 2 2 2 2 2 2 2 2 2 2 2 2 2 2 2 2 2 2 2 2 2 2 2 2 2 2 2 2 2 2 2 2 2 2 2 2 2 2
left_child=2 40 3 5 6 14 -5 8 -8 23 -10 38 -13 20 21 17 19 -6 32 -17 -14 -1 -21 -4 27 26 -26 -11 31 30 -29 -28 -19 35 -32 36 37 -25 -7 -23 -2 -42 -27 44 -44
right_child=1 -3 9 4 15 11 7 -9 10 24 -12 12 13 -15 -16 16 -18 18 -20 22 -22 39 -24 33 25 42 28 29 -30 -31 34 -33 -34 -35 -36 -37 -38 -39 -40 -41 41 -43 43 -45 -46
leaf_value=-0.0020406901310505809 0 -0.0021117686650861242 0 0 0 -0.00025351625084551376 0 0 0 0 0.0012024675077180759 0 0 0 0 0 0 -0.0013109418958924246 0 0 0.0011504742749191348 0 0.00091445725872263048 0 0 0 0 0 0 0 0 0.0008143385191340379 0 0 -0.00074244625528170356 0 0 -0.00084178276401813956 0 -9.9641309176536454e-05 0.00035152755224629679 0 -0.00030731279576135949 0 0
leaf_weight=6269 2554 28715 265 4246 1833 3793 1787 6006 97 5565 95762 813 206 217 174 1785 3016 4203 609 1681 9309 1985 7623 442 2556 1379 234 2163 541 1667 554 14318 55 134 15071 83 60 21593 570 8027 9749 603 9190 4091 495
leaf_count=6269 2554 28715 265 4246 1833 3793 1787 6006 97 5565 95762 813 206 217 174 1785 3016 4203 609 1681 9309 1985 7623 442 2556 1379 234 2163 541 1667 554 14318 55 134 15071 83 60 21593 570 8027 9749 603 9190 4091 495
internal_value=-3.14844e-05 -0.00138778 0.000163381 0.000447375 0.000742159 -0.000431846 0.000921917 0.00102488 0.00113046 -0.000274158 0.00118102 0 0.000652169 0.000900243 -0.00120683 0 0 -0.000512606 -0.000904895 0.000573461 0.00107168 -0.00126696 0.000758793 -0.000736292 0 0 0.000416022 -0.00019217 0.000623043 -0.000439466 -0.000582067 0.000754542 -0.00122891 -0.000770645 -0.000699743 -0.000794 -0.000807172 -0.000819277 -9.93836e-05 0 0 8.69744e-05 0 -3.46576e-05 -0.000194094
internal_weight=282088 41621 240467 160066 128703 31363 107898 103652 97646 80401 95859 14908 10545 9732 16455 20805 14105 6700 4867 11089 9515 16281 9304 22577 57824 32804 17649 25020 15093 19455 17788 14552 4258 22312 15625 22178 22095 22035 4363 10012 12906 10352 15155 13776 9685
internal_count=282088 41621 240467 160066 128703 31363 107898 103652 97646 80401 95859 14908 10545 9732 16455 20805 14105 6700 4867 11089 9515 16281 9304 22577 57824 32804 17649 25020 15093 19455 17788 14552 4258 22312 15625 22178 22095 22035 4363 10012 12906 10352 15155 13776 9685
is_linear=0
shrinkage=0.05


Tree=12
num_leaves=39
num_cat=0
split_feature=6 3 1 5 0 1 3 6 5 0 6 1 6 1 2 1 3 3 3 1 5 1 2 0 2 0 0 3 1 3 1 3 0 5 2 6 2 2
split_gain=32.9043 20.2979 16.4887 8.8022 6.81062 5.33334 5.08474 4.59427 3.92011 4.80049 3.13817 3.10965 3.08967 2.86726 2.08546 2.1846 1.99011 1.69453 1.66078 1.26418 2.0137 3.15916 1.24049 1.22824 1.22344 1.16668 0.961591 0.947574 0.905907 0.869006 0.48777 0.259056 0.244821 0.230253 0.465558 0.335973 0.224278 0.0164106
threshold=1.5850780926390684 0.44569734165431169 0.079051210773412386 -0.19554242424242413 -1.6108946557649009 -0.66515829408686533 -1.1675223627962141 -1.1492574925074923 0.83137641256165318 1.6720433884761288 1.346865725366341 -0.026862709832134353 -1.3462005965697239 1.6214969405594408 1.6343865887125644 1.442176089517079 -1.6691913763281441 0.41821711530540567 0.23872111923836062 0.56067547759221437 -0.56033582276577598 -1.5347260239884535 1.570778262286044 0.92968600963517078 1.6216866289198608 -0.912726407914764 0.83274428011629376 0.70688650149069587 1.6340551710880431 1.2391774031264575 1.6463382651234937 0.46033597364532614 1.5338106382978727 -0.27475106616303152 1.5450759947154811 1.145295288975231 1.5962210279219178 -1.7068173553904511
decision_type=2 2 2 2 2 2 2 2 2 2 2 2 2 2 2 2 2 2 2 2 2 2 2 2 2 2 2 2 2 2 2 2 2 2 2 2 2 2
left_child=1 2 3 6 -4 17 33 -8 12 14 13 18 30 16 15 25 -6 23 -9 20 -14 -22 -18 24 -5 -10 -21 -28 -29 -23 31 -3 37 34 35 -1 -27 -33
right_child=-2 8 4 5 10 -7 7 11 9 -11 -12 -13 19 -15 -16 -17 22 -19 -20 26 21 29 -24 -25 -26 36 27 28 -30 -31 -32 32 -34 -35 -36 -37 -38 -39
leaf_value=-0.0007427258998486245 -0.0025260207444451916 0 0 -0.0013091565989626066 0 0 0 0.001288993624692135 0 0 0 0 0 0 0 0 0.001247346735543545 0 0 0 0 0.0009834847537069564 0 0 0 -0.001489019744424701 0 -0.00088268424458589679 0 0 0 0 0 0 0 0 0 -0.0011848948793677973
leaf_weight=4160 12296 164 4614 21868 426 18547 11575 25490 352 2161 3035 2176 14508 1881 951 2708 69605 306 4063 8002 1569 17029 3107 715 590 26046 854 10033 711 4134 70 26 82 312 312 321 362 6927
leaf_count=4160 12296 164 4614 21868 426 18547 11575 25490 352 2161 3035 2176 14508 1881 951 2708 69605 306 4063 8002 1569 17029 3107 715 590 26046 854 10033 711 4134 70 26 82 312 312 321 362 6927
internal_value=-3.76795e-05 4.28729e-05 0.000400523 0 0.000910959 -0.000588899 0.000384144 0.000673483 -0.000490262 -0.000995801 0.00104645 0.000985676 -6.77234e-05 0.00111481 -0.00120328 -0.0012912 0.00117122 -0.00108088 0.00114004 0 0.000225806 0.000546499 0.00120316 -0.00116692 -0.00123986 -0.00142552 -0.000247078 -0.000546393 -0.000728173 0.000826701 -0.00101083 -0.00108982 -0.00113944 -7.94151e-05 -0.000337324 -0.000592225 -0.00147196 -0.00118054
internal_weight=282088 269792 173103 90435 82668 42026 48409 43304 96689 32580 78054 31729 64109 75019 30419 29468 73138 23479 29553 56840 37240 22732 72712 23173 22458 26760 19600 11598 10744 21163 7269 7199 7035 5105 4793 4481 26408 6953
internal_count=282088 269792 173103 90435 82668 42026 48409 43304 96689 32580 78054 31729 64109 75019 30419 29468 73138 23479 29553 56840 37240 22732 72712 23173 22458 26760 19600 11598 10744 21163 7269 7199 7035 5105 4793 4481 26408 6953
is_linear=0
shrinkage=0.05


Tree=13
num_leaves=39
num_cat=0
split_feature=5 0 1 3 0 5 2 5 4 3 1 4 3 1 3 4 3 2 5 0 5 5 4 2 3 3 2 0 2 0 3 4 3 0 3 3 0 3
split_gain=28.7207 17.0714 11.4928 10.5412 15.3551 4.89941 4.8923 4.3872 4.32013 2.72942 1.99748 2.16363 1.74239 1.55467 4.04738 2.57687 1.50475 1.39391 1.33674 1.31868 1.03951 1.03738 0.950425 0.941687 0.550313 1.32502 1.12166 2.76043 0.727238 0.725264 0.199694 0.198146 0.0702546 1.18111 0.877113 0.0700631 0.0362205 0.0992588
threshold=1.2252884045077108 -1.1073197231833907 -1.5347260239884535 0.33630398508048692 -1.1897584219858153 0.44645448120783832 0.40245948292494699 0.43322324414715729 -1.4862562624066544 -1.3197980275202263 0.4294963829274176 -1.4298930555555553 -1.6818607239643824 0.56067547759221437 0.60932835446844791 1.348166993426364 1.0000000180025095e-35 -1.6559890696492119 1.1981464951430825 -1.245102158273381 0.96649871149834354 1.252969416351895 1.6466262590354308 -1.6691913763281441 0.59665565300973233 1.2391774031264575 -0.37007138535995149 0.86052458816351451 -1.1332382224380766 0.77820973154362416 0.34846721915753637 0.98073467564851702 -1.6818607239643824 -1.6818607239643824 -0.73809397042093272 -1.6943909758508682 -1.455392381426615 1.0000000180025095e-35
decision_type=2 2 2 2 2 2 2 2 2 2 2 2 2 2 2 2 2 2 2 2 2 2 2 2 2 2 2 2 2 2 2 2 2 2 2 2 2 2
left_child=2 32 6 4 7 8 17 19 -6 -10 36 -12 -13 24 -15 20 -11 -1 22 31 23 -3 -19 -16 28 26 -26 -28 -5 30 -30 35 -2 -34 -35 -4 37 -9
right_child=1 21 3 13 5 -7 -8 10 9 16 11 12 -14 14 15 -17 -18 18 -20 -21 -22 -23 -24 -25 25 -27 27 -29 29 -31 -32 -33 33 34 -36 -37 -38 -39
leaf_value=0 0 0 0 0 0 0 0 -0.00030001342654575354 0 0.0012688981939937697 0 0 0.001428355871142333 0 0 0 4.8040116437805985e-06 -0.0024061061814903335 0 0 0 -0.0019931170657928204 0 -0.001196753984342836 0 0 0 0.0010839610292000066 0 0 -0.00070115054756678835 0 0 0.00077297163871354094 0 -0.0012684972874062296 0 0
leaf_weight=181 2535 1545 64 2183 6566 18720 4037 3182 2259 67440 548 217 6653 6240 383 2581 20391 6391 38 2505 3044 27954 177 17791 12811 10148 6520 11239 516 2042 8849 2878 697 8325 565 9902 3934 37
leaf_count=181 2535 1545 64 2183 6566 18720 4037 3182 2259 67440 548 217 6653 6240 383 2581 20391 6391 38 2505 3044 27954 177 17791 12811 10148 6520 11239 516 2042 8849 2878 697 8325 565 9902 3934 37
internal_value=-4.08281e-05 -0.00127015 0.000131829 0.000246522 0.000519913 0.000808975 -0.00128832 -0.000251729 0.00095205 0.00104458 0 0.000790122 0.00118159 -0.000103652 -0.000395893 -0.000782226 0.00109371 -0.0020565 -0.00219558 -0.000899913 -0.000989874 -0.00191892 -0.00230513 -0.00113024 0 0.000145173 0.000366441 0.000617232 -0.000188851 -0.000440249 -0.000644913 -0.00109842 0 0.000131429 0.00057473 -0.00125806 0 -0.000154368
internal_weight=282088 41621 240467 229643 145296 115376 10824 29920 96656 90090 14571 7418 6870 84347 30039 23799 87831 6787 6606 15349 21218 29499 6568 18174 54308 40718 30570 17759 13590 11407 9365 12844 12122 9587 8890 9966 7153 3219
internal_count=282088 41621 240467 229643 145296 115376 10824 29920 96656 90090 14571 7418 6870 84347 30039 23799 87831 6787 6606 15349 21218 29499 6568 18174 54308 40718 30570 17759 13590 11407 9365 12844 12122 9587 8890 9966 7153 3219
is_linear=0
shrinkage=0.05


Tree=14
num_leaves=38
num_cat=0
split_feature=6 3 1 3 0 5 6 6 5 2 1 3 2 6 2 6 2 1 0 1 3 3 1 5 1 1 0 5 5 5 1 1 0 3 0 5 3
split_gain=28.4725 16.3119 14.3099 7.94301 6.18535 5.10314 5.10675 2.97312 2.84359 5.20339 2.83384 2.63623 2.22294 2.08336 2.05185 1.98386 1.94701 1.66336 1.3788 1.28391 1.23372 0.897071 0.544317 1.53019 2.45462 1.27781 0.593769 0.51906 0.730894 0.433148 0.571906 0.41097 0.279606 0.264694 0.265699 0.1241 0.0555722
threshold=1.5850780926390684 0.44569734165431169 0.079051210773412386 -1.4743593439833631 -1.6108946557649009 -0.19554242424242413 -1.1492574925074923 0.63769130272489749 0.77654755895290994 0.89886292538976909 -0.026862709832134353 -0.18129383252126938 -0.35676305655836338 -1.3462005965697239 1.0355844583069354 -1.6816926975463558 1.570778262286044 -1.5966896086369768 -0.92689115065821526 0.048139276035617413 0.39197259001161427 0.70688650149069587 0.56067547759221437 -0.56033582276577598 -1.5347260239884535 0.2207876008804108 0.90181036217303823 -1.1396945449564531 1.1036590493149332 0.69448108358178284 1.6340551710880431 1.6463382651234937 1.1473257370229701 0.47292810734111684 1.5338106382978727 0.68061239470517465 1.7049727933867003
decision_type=2 2 2 2 2 2 2 2 2 2 2 2 2 2 2 2 2 2 2 2 2 2 2 2 2 2 2 2 2 2 2 2 2 2 2 2 2
left_child=1 2 3 19 -4 6 -5 12 13 18 17 -7 27 31 20 -14 -17 -8 -10 32 -13 -20 23 -15 -25 -26 -24 -6 -29 30 -28 33 -1 -3 35 -35 -23
right_child=-2 8 4 5 7 11 10 -9 9 -11 -12 14 15 22 -16 16 -18 -19 21 -21 -22 36 26 24 25 -27 29 28 -30 -31 -32 -33 -34 34 -36 -37 -38
leaf_value=-0.0017653120001642588 -0.0023546989725594103 0 0 0 0 0 0 0 0 0 0 -0.0014231436948946297 0 0 0 0.0016138205927267229 0 0.0010446148460994723 0 0 0 -0.0013918976557403418 0 0 0.00090078771519987448 0 -0.00067978967107107944 0.00044694486506368405 0 0 0 0 0 -0.0010593294138131573 0 0 0
leaf_weight=6958 12296 318 4614 12427 4977 25712 638 16808 374 8955 2318 7610 718 14508 1995 36236 2327 31727 1601 203 812 22602 8989 1513 16945 3164 8710 15745 1243 650 613 69 35 6528 81 176 893
leaf_count=6958 12296 318 4614 12427 4977 25712 638 16808 374 8955 2318 7610 718 14508 1995 36236 2327 31727 1601 203 812 22602 8989 1513 16945 3164 8710 15745 1243 650 613 69 35 6528 81 176 893
internal_value=-4.11269e-05 3.11093e-05 0.000355641 0 0.000832834 5.70053e-05 0.000485586 0.000964861 -0.00044282 -0.000863095 0.000825181 -0.000220509 0.00114204 -4.09677e-05 -0.000872672 0.00146933 0.00152487 0.00097153 -0.00122489 -0.00158693 -0.00122478 -0.00128703 0 0.000170273 0.00046929 0.000730023 -0.00012316 7.77776e-05 0.000285698 -0.000410777 -0.000537726 -0.000827888 -0.00173483 -0.00090844 -0.000975053 -0.0010259 -0.00136373
internal_weight=282088 269792 173103 90435 82668 83239 47110 78054 96689 34425 34683 36129 61246 62264 10417 39281 38563 32365 25470 7196 8422 25096 55092 36130 21622 20109 18962 21965 16988 9973 9323 7172 6993 7103 6785 6704 23495
internal_count=282088 269792 173103 90435 82668 83239 47110 78054 96689 34425 34683 36129 61246 62264 10417 39281 38563 32365 25470 7196 8422 25096 55092 36130 21622 20109 18962 21965 16988 9973 9323 7172 6993 7103 6785 6704 23495
is_linear=0
shrinkage=0.05


Tree=15
num_leaves=34
num_cat=0
split_feature=6 1 0 0 4 5 1 1 0 2 6 6 1 0 6 6 6 0 2 4 1 1 2 6 2 2 4 1 2 6 6 1 0
split_gain=25.7307 12.4998 12.111 10.3265 7.41989 5.8611 5.47661 5.32252 4.83421 4.24792 3.74655 5.51619 3.31974 2.92989 2.82908 2.69126 2.30289 1.3923 1.6498 1.31048 1.04121 1.00467 2.10143 4.41227 0.971857 0.937165 0.467556 0.33416 0.583626 0.409741 0.134423 0.0504618 0.0466258
threshold=1.5850780926390684 -1.5347260239884535 0.6408539211653399 -1.5268215010141983 0.35324662507919491 0.83137641256165318 0.61464574071849098 -1.1425258741258737 1.6471963392397964 -0.98172608778991732 0.8191701754385966 -0.912726407914764 1.4189654929577467 0.36420580094568122 -1.6253274354281062 1.453440277777778 1.5457120567375886 -1.314555477031802 1.1574381902928363 1.6343865887125644 -1.4715624382166863 0.2207876008804108 -0.34352395217246584 -0.58466226120389275 -1.6559890696492119 1.6602182902854048 1.5971549182524793 1.6340551710880431 1.0213240661736822 -1.6689768824963915 1.5457120567375886 -0.090735375022923212 -0.35644044583575263
decision_type=2 2 2 2 2 2 2 2 2 2 2 2 2 2 2 2 2 2 2 2 2 2 2 2 2 2 2 2 2 2 2 2 2
left_child=1 15 3 6 10 21 16 -6 12 31 11 32 20 -13 -11 19 -3 -12 -19 24 -7 22 -4 -24 -1 -22 -2 28 29 -23 -25 -9 -5
right_child=26 2 5 4 7 8 -8 9 -10 14 17 13 -14 -15 -16 -17 -18 18 -20 -21 25 27 23 30 -26 -27 -28 -29 -30 -31 -32 -33 -34
leaf_value=0 -0.0023169571726153783 -0.0018082184134852659 0 -8.6918949515074135e-05 0 0 0 0 0 0 0 0.0007810602278736945 0 0 0.0014788382682107476 0 0 -0.00091091172512226294 0 0 -0.0014647063563510221 0 0 0.0011952323663728789 -0.0018535000206972253 0 0 0 0 -0.00052676389154628436 0 0.00012180517761396057 0
leaf_weight=172 11697 7070 7331 14848 8547 887 6245 4809 3264 1714 2525 49758 2737 7031 42775 491 243 10506 2097 377 21818 189 5720 12058 10825 790 599 951 5477 15258 171 7922 15186
leaf_count=172 11697 7070 7331 14848 8547 887 6245 4809 3264 1714 2525 49758 2737 7031 42775 491 243 10506 2097 377 21818 189 5720 12058 10825 790 599 951 5477 15258 171 7922 15186
internal_value=-4.42329e-05 2.25076e-05 0.000133911 0.000384192 0.00052897 -0.000323258 -0.000627499 0.000980757 -0.000869195 0.00115513 0.000133313 0.000331316 -0.00113939 0.000638447 0.0013953 -0.00146607 -0.00156195 -0.000318572 -0.000620435 -0.00167345 -0.0013381 0 0.000235602 0.000600821 -0.00178173 -0.00140401 -0.00224228 -0.000218916 -0.000298145 -0.000458582 0.00117613 0 0
internal_weight=282088 269792 257927 181276 167718 76651 13558 65767 29496 57220 101951 86823 26232 56789 44489 11865 7313 15128 12603 11374 23495 47155 25280 17949 10997 22608 12296 21875 20924 15447 12229 12731 30034
internal_count=282088 269792 257927 181276 167718 76651 13558 65767 29496 57220 101951 86823 26232 56789 44489 11865 7313 15128 12603 11374 23495 47155 25280 17949 10997 22608 12296 21875 20924 15447 12229 12731 30034
is_linear=0
shrinkage=0.05


Tree=16
num_leaves=36
num_cat=0
split_feature=6 3 0 4 2 6 3 6 2 0 3 2 6 6 3 2 2 3 4 3 0 6 2 4 3 5 5 4 4 0 2 2 3 4 2
split_gain=23.3188 13.601 10.4732 7.3189 6.16132 4.60452 2.65084 2.63138 2.52466 2.19737 1.09513 1.13132 0.814875 2.66175 2.74118 1.45115 0.77883 0.751987 1.21942 0.921375 0.676873 0.635073 0.797454 1.15045 0.584302 0.76396 0.985391 0.38938 0.354423 0.341077 0.201166 0.118982 0.115454 0.405159 0.11468
threshold=1.5850780926390684 0.44569734165431169 -1.5268215010141983 -0.1589000384559919 -0.91447017797017782 -1.6689768824963915 -1.6562519875823425 1.5208414339965131 0.085584107481769964 0.41821711530540567 0.55618059061080272 -1.6818607239643824 -1.2459600467791592 0.88624666034646238 -0.38311289549376792 1.700072262773723 1.413280735259012 1.0222958408857103 -1.6816926975463558 1.7049727933867003 -1.3996227643845196 0.69322733619290811 1.3036798326189021 1.6220620674740485 -0.30313078485965833 -1.3899672911091285 1.1981464951430825 1.5971549182524793 -1.0034615658362986 -1.6419261081138259 1.6837895206243034 -1.6375790412486062 0.96710537426865339 -1.2252884045077104 0.55461021897810237
decision_type=2 2 2 2 2 2 2 2 2 2 2 2 2 2 2 2 2 2 2 2 2 2 2 2 2 2 2 2 2 2 2 2 2 2 2
left_child=1 2 7 12 -5 -6 -7 29 10 -8 -3 -12 24 14 15 -14 20 32 -19 -20 -15 22 -10 -24 25 -4 -27 -2 -23 30 31 -1 33 -13 -30
right_child=27 8 3 4 5 6 9 -9 21 -11 11 17 13 16 -16 -17 -18 18 19 -21 -22 28 23 -25 -26 26 -28 -29 34 -31 -32 -33 -34 -35 -36
leaf_value=0 -0.002206591126845305 0 0 0 0 0 0.0012517488457008993 0 0 0 0 0 0.00079480578891152984 0 0 0 0 0 -0.00115329083065794 0 -0.00068029077655302724 0 -0.0010774643827747789 0 0 -0.00099215473317736612 0 0 0 0 0 -0.0017588488351705938 0 -0.00028863271748017893 0.00033505407888761025
leaf_weight=365 11697 4747 1095 17585 1575 288 58947 736 20678 8313 1363 2722 28916 1008 20720 316 1660 404 26328 664 7321 3253 4902 245 5360 5875 193 599 3371 8241 41 4548 2284 15042 10686
leaf_count=365 11697 4747 1095 17585 1575 288 58947 736 20678 8313 1363 2722 28916 1008 20720 316 1660 404 26328 664 7321 3253 4902 245 5360 5875 193 599 3371 8241 41 4548 2284 15042 10686
internal_value=-4.54169e-05 1.62579e-05 0.000316449 0.000474316 0.000788263 0.000999549 0.0010914 -0.00072535 -0.00041412 0.0011375 -0.000651717 -0.000721799 0 0.000158281 0.000401669 0.000709459 -4.09713e-05 -0.00077115 -0.00104308 -0.00110205 -0.000469594 0 -0.000237989 -0.000780485 -0.000199386 -0.000505868 -0.000765044 -0.00213704 7.17431e-05 -0.00101576 -0.00164986 -0.00168341 0 -0.000125434 0.0002585
internal_weight=282088 269792 173103 159172 86708 69123 67548 13931 96689 67260 53554 48807 72464 59941 49952 29232 9989 47444 27396 26992 8329 43135 25825 5147 12523 7163 6068 12296 17310 13195 4954 4913 20048 17764 14057
internal_count=282088 269792 173103 159172 86708 69123 67548 13931 96689 67260 53554 48807 72464 59941 49952 29232 9989 47444 27396 26992 8329 43135 25825 5147 12523 7163 6068 12296 17310 13195 4954 4913 20048 17764 14057
is_linear=0
shrinkage=0.05


Tree=17
num_leaves=35
num_cat=0
split_feature=6 3 0 4 2 6 0 2 6 3 0 3 2 6 2 4 3 4 3 6 6 3 2 2 0 3 5 5 4 4 2 3 4 2
split_gain=21.1141 12.0804 9.70603 7.16195 4.76867 4.33075 2.35274 2.23163 2.04713 1.45774 1.05936 0.99998 1.0635 0.576292 0.686655 1.08792 0.563515 1.14827 0.859963 0.550345 2.43828 2.34183 1.41843 0.587727 0.732283 0.423199 0.561378 0.74087 0.327836 0.320102 0.106489 0.0946983 0.376996 0.0391816
threshold=1.5850780926390684 0.44569734165431169 -1.4712559614593166 -0.1589000384559919 -0.91447017797017782 -1.6689768824963915 0.41821711530540567 0.085584107481769964 1.533482767617828 -1.6691913763281441 -1.6565130441320199 0.55618059061080272 -1.6818607239643824 0.69322733619290811 1.3036798326189021 1.6220620674740485 1.0222958408857103 -1.6816926975463558 1.7049727933867003 -1.2459600467791592 0.88624666034646238 -0.38311289549376792 1.700072262773723 1.413280735259012 -1.3996227643845196 -0.28981394349041051 -1.3899672911091285 1.1981464951430825 -1.0034615658362986 1.5971549182524793 0.11334617534096711 0.96710537426865339 -1.2252884045077104 1.6837895206243034
decision_type=2 2 2 2 2 2 2 2 2 2 2 2 2 2 2 2 2 2 2 2 2 2 2 2 2 2 2 2 2 2 2 2 2 2
left_child=1 2 8 19 -5 -6 9 11 10 -7 33 -3 -13 14 -9 -16 31 -18 -19 25 21 22 -21 24 -22 26 -4 -28 -15 -2 -30 32 -14 -1
right_child=29 7 3 4 5 6 -8 13 -10 -11 -12 12 16 28 15 -17 17 18 -20 20 23 -23 -24 -25 -26 -27 27 -29 30 -31 -32 -33 -34 -35
leaf_value=-0.001727196301513732 -0.0021014824945277404 0 0 0 0 0 0 0 0 0.0011993225483468348 0 0 0 0 -0.001029299452654857 0 0 -0.0010968710495394638 0 0.00076525942896223825 0 0 0 0 -0.00064877714053655116 0 -0.00084941249504967304 0 0 0 0.00028264754742739591 0 -0.0002747377274689161 0
leaf_weight=4042 11697 4747 1089 16715 1555 116 8346 20678 658 57492 13684 1363 2722 3253 4902 245 404 26328 664 27686 509 20682 306 1614 7321 5280 5803 172 193 599 13864 2284 15042 33
leaf_count=4042 11697 4747 1089 16715 1555 116 8346 20678 658 57492 13684 1363 2722 3253 4902 245 404 26328 664 27686 509 20682 306 1614 7321 5280 5803 172 193 599 13864 2284 15042 33
internal_value=-4.82017e-05 8.57338e-06 0.000294006 0.000463463 0.00077743 0.000963252 0.00105464 -0.000395406 -0.000558558 0.0011717 -0.000776037 -0.000619662 -0.000686664 0 -0.000227988 -0.00073438 -0.000735017 -0.000988809 -0.00104699 0 0.000135858 0.000381086 0.000674718 -5.09384e-05 -0.000421643 -0.000150417 -0.000420289 -0.000648117 6.1737e-05 -0.00203682 0.000246271 0 -0.000113601 -0.00171494
internal_weight=282088 269792 173103 154686 84224 67509 65954 96689 18417 57608 17759 53554 48807 43135 25825 5147 47444 27396 26992 70462 58118 48674 27992 9444 7830 12344 7064 5975 17310 12296 14057 20048 17764 4075
internal_count=282088 269792 173103 154686 84224 67509 65954 96689 18417 57608 17759 53554 48807 43135 25825 5147 47444 27396 26992 70462 58118 48674 27992 9444 7830 12344 7064 5975 17310 12296 14057 20048 17764 4075
is_linear=0
shrinkage=0.05


Tree=18
num_leaves=35
num_cat=0
split_feature=5 5 0 1 5 4 2 6 0 0 6 0 1 6 0 1 6 5 2 2 4 4 6 1 5 2 2 0 2 0 2 4 1 0
split_gain=19.3845 9.38589 8.99508 7.66799 15.5964 7.75778 7.45511 2.9751 3.59455 3.15043 1.93292 1.49158 1.58465 1.3758 1.22795 3.07765 2.12189 1.22285 1.21751 1.0794 1.0407 1.03147 2.87271 1.01657 0.929595 0.955112 0.764046 0.742238 0.697076 0.652894 0.517225 0.277825 0.271056 0.125869
threshold=1.5324515819750721 -1.6951091451427021 -0.95437661062707069 -0.90786865308604425 0.59984983164983185 -0.88007041826018328 -0.34352395217246584 -1.3722678160919537 1.3599184638450008 -1.6419261081138259 -0.39414277071990317 -0.59884317673378062 -1.5841004623044095 -1.472589131684876 0.042566036570299129 0.23493641114982575 1.4915954522738633 -1.3197980275202263 1.700072262773723 -1.556400666498843 -1.5261172385620914 -1.4587531123607784 -0.34116891661387 -0.33211270436880186 0.54423459932293861 -1.0786386091356019 1.72117679623086 1.5976169909020521 -1.69426839672947 1.6953421404682276 -1.69426839672947 1.700072262773723 -0.84734367044665571 1.7094562500000001
decision_type=2 2 2 2 2 2 2 2 2 2 2 2 2 2 2 2 2 2 2 2 2 2 2 2 2 2 2 2 2 2 2 2 2 2
left_child=1 19 -2 4 11 21 14 -8 9 -9 -4 17 -13 -14 15 -7 -17 -3 28 -1 -15 22 -5 -24 25 -19 31 32 -12 -21 -25 33 -16 -6
right_child=2 3 10 5 26 6 7 8 -10 -11 18 12 13 20 27 16 -18 24 -20 29 -22 -23 23 30 -26 -27 -28 -29 -30 -31 -32 -33 -34 -35
leaf_value=0 0 0 0 0 -0.0016836971770587358 0 0 0 0 0.0010234673279109524 0 0 0 0 0 0.00084215040920695072 0 0 0 -0.0030710753514064932 0.00070922715722552415 0 0 0 0 -0.00099129822684450113 0 0 -0.0026633674494046617 0 -0.0013847991492381714 0 -0.00041903174825960846 0
leaf_weight=63 4585 2058 455 6510 16602 16147 10033 886 8837 71717 232 2423 3107 1494 492 20010 841 2654 602 2168 25648 33428 1830 71 363 7873 83 544 10869 35 6986 210 22191 41
leaf_count=63 4585 2058 455 6510 16602 16147 10033 886 8837 71717 232 2423 3107 1494 492 20010 841 2654 602 2168 25648 33428 1830 71 363 7873 83 544 10869 35 6986 210 22191 41
internal_value=-5.08124e-05 1.70022e-05 -0.00168376 8.58966e-05 -0.000328197 0.000266796 0.000464057 0.000747465 0.000847187 0.000962904 -0.0023708 0 0.000309745 0.000481645 0 0.00020664 0.00065869 -0.000199525 -0.00249445 -0.00275421 0.0006181 -0.000136164 -0.000467673 -0.0010619 -0.000559877 -0.000730016 -0.00161683 -0.000248081 -0.00260835 -0.00295409 -0.0013155 -0.00165413 -0.000377817 -0.00167625
internal_weight=282088 265345 16743 263079 62556 200523 151698 91473 81440 72603 12158 45620 32672 30249 60225 36998 20851 12948 11703 2266 27142 48825 15397 8887 10890 10527 16936 23227 11101 2203 7057 16853 22683 16643
internal_count=282088 265345 16743 263079 62556 200523 151698 91473 81440 72603 12158 45620 32672 30249 60225 36998 20851 12948 11703 2266 27142 48825 15397 8887 10890 10527 16936 23227 11101 2203 7057 16853 22683 16643
is_linear=0
shrinkage=0.05


Tree=19
num_leaves=36
num_cat=0
split_feature=5 0 5 2 3 0 1 4 5 2 1 1 4 2 3 3 5 5 4 2 2 5 5 2 0 2 5 0 0 3 0 5 5 1 1
split_gain=17.6469 13.0693 9.49207 7.9509 5.76698 5.39954 4.9033 4.58474 3.28829 3.00991 2.29244 2.26416 2.35112 2.16933 2.1095 1.66052 1.46389 1.32676 1.45044 1.31357 1.02652 1.01545 0.795182 1.58269 0.62194 0.346957 0.116989 1.54501 0.302272 0.0983617 1.17562 2.54164 1.23495 0.0586111 0.00598959
threshold=1.2252884045077108 -1.1073197231833907 -1.6951091451427021 0.3888617672132792 0.44569734165431169 -1.1494233244460788 -1.5347260239884535 0.45003698630136985 0.48951452230873799 -1.3852101600812021 -1.2877253974399301 -1.5966896086369768 -1.4431813768206148 0.29136976684033555 -1.3197980275202263 1.4406821810215236 1.1981464951430825 -1.5976169909020517 1.659267256390611 -1.6559890696492119 -1.556400666498843 1.1981464951430825 1.252969416351895 1.5962210279219178 1.6953421404682276 -1.69426839672947 -0.66860024067388679 -0.27655972222222219 -0.72302618316763645 -1.6818607239643824 -1.6818607239643824 1.3869982814126305 1.6347157246119208 0.56067547759221437 -1.3633959682960344
decision_type=2 2 2 2 2 2 2 2 2 2 2 2 2 2 2 2 2 2 2 2 2 2 2 2 2 2 2 2 2 2 2 2 2 2 2
left_child=2 29 20 6 5 -5 17 9 11 10 -8 -7 -13 14 -9 -16 -12 -4 19 -19 -1 -21 -3 25 -22 -24 28 -28 -11 -2 -31 -32 -33 34 -6
right_child=1 22 3 4 33 8 7 13 -10 26 16 12 -14 -15 15 -17 -18 18 -20 21 24 -23 23 -25 -26 -27 27 -29 -30 30 31 32 -34 -35 -36
leaf_value=0 0 0 0 0 0 0 0 0 0 0 -0.0012613383728789444 0 0.001328218549112049 0 0.00073719256491802741 0 0 0 0 -0.0019806047204439336 -0.0029499740907123519 0 0 0 0 -0.0018156932334141879 0 -0.00040057970116606778 0.000185416196908156 0 0 0.0015674800526510894 0 -0.00011856138995104474 3.0920406559282031e-05
leaf_weight=63 2535 1545 300 9127 3443 405 1148 4270 9242 6225 11599 3651 40624 2447 43301 1420 166 173 140 5809 2168 34 382 2924 35 24648 22851 25261 21641 697 3589 4558 743 9843 15081
leaf_count=63 2535 1545 300 9127 3443 405 1148 4270 9242 6225 11599 3651 40624 2447 43301 1420 166 173 140 5809 2168 34 382 2924 35 24648 22851 25261 21641 697 3589 4558 743 9843 15081
internal_value=-5.4015e-05 -0.00101746 7.21237e-05 0.000147325 0.000521473 0.000787241 -1.70355e-05 0 0.000985496 -0.000165897 -0.000860305 0.00116239 0.00122047 0.000415936 0.000539394 0.00065938 -0.00112834 -0.00132214 -0.00152258 -0.00170795 -0.00263728 -0.00187266 -0.0015933 -0.00165702 -0.00283451 -0.00179268 0 -7.63948e-05 1.70729e-05 0 0.000155513 0.000579902 0.00127348 0 0
internal_weight=282088 41621 240467 238201 91416 63049 146785 140329 53922 88891 12913 44680 44275 51438 48991 44721 11765 6456 6156 6016 2266 5843 29499 27954 2203 25030 75978 48112 27866 12122 9587 8890 5301 28367 18524
internal_count=282088 41621 240467 238201 91416 63049 146785 140329 53922 88891 12913 44680 44275 51438 48991 44721 11765 6456 6156 6016 2266 5843 29499 27954 2203 25030 75978 48112 27866 12122 9587 8890 5301 28367 18524
is_linear=0
shrinkage=0.05


Tree=20
num_leaves=37
num_cat=0
split_feature=5 0 3 1 4 0 2 1 3 5 4 2 3 5 2 5 1 5 4 4 3 0 2 2 1 5 2 2 0 2 0 0 4 4 3 3
split_gain=16.357 8.55636 7.7527 8.01687 8.42979 7.58597 5.54793 3.27076 2.64728 2.55815 2.54872 2.42003 2.43611 1.9282 1.74022 1.72845 3.40807 2.73756 1.83036 1.60596 1.05608 0.98806 0.962185 1.06244 1.08149 0.889084 0.373386 0.358401 0.275719 0.0675669 0.0402214 0.0391277 0.0377422 0.593374 0.561296 0.00114362
threshold=1.5324515819750721 -1.6419261081138259 -0.42329602052623633 -0.94695140419349666 -0.37266404102866107 -0.95437661062707069 -0.34352395217246584 0.98548367963877093 -1.2779056014959986 1.4898976074614765 1.659267256390611 -1.6559890696492119 -1.6818607239643824 -1.3049841326866651 -1.6559890696492119 0.77654755895290994 0.56067547759221437 -0.70990187332738619 -0.1589000384559919 -1.6816926975463558 0.65024251511257081 1.5976169909020521 1.413280735259012 -0.20783780068728522 1.279094818913481 1.4267127673197593 -1.6559890696492119 -1.69426839672947 -1.625678099257031 1.700072262773723 -0.31649856126003323 -0.43624009883002679 -1.5261172385620914 -0.56067547759221414 -1.2509252548396146 -0.65721916376306611
decision_type=2 2 2 2 2 2 2 2 2 2 2 2 2 2 2 2 2 2 2 2 2 2 2 2 2 2 2 2 2 2 2 2 2 2 2 2
left_child=1 9 3 8 32 -2 7 13 25 14 11 -6 -13 -4 -1 16 17 -8 -19 -15 31 -21 23 -17 -25 26 -3 -7 -28 -29 -22 -18 35 34 -34 -5
right_child=5 2 6 4 10 27 15 -9 -10 -11 -12 12 -14 19 -16 22 20 18 -20 21 30 -23 -24 24 -26 -27 28 29 -30 -31 -32 -33 33 -35 -36 -37
leaf_value=0 0 0 0 -2.5906389826525514e-05 0 0 0 0 0 0 0 0 0.0013335186228396923 0 -0.0026641068774794045 0 0 0 0.001221254265577865 -0.0008484657517148558 0 0 0 -0.00074700403639584674 0 0 0 -0.0022795168909955925 -0.0014265050754696284 0 -0.00051917855046423769 8.5647792625488453e-05 0 0 0.00044585734922159681 0
leaf_weight=421 4585 45 7160 3679 711 236 22867 13652 14612 308 1546 196 44204 588 3707 1227 994 12620 16114 46185 55 501 4301 13411 2178 238 118 11311 4601 611 9587 12754 7277 4243 14415 830
leaf_count=421 4585 45 7160 3679 711 236 22867 13652 14612 308 1546 196 44204 588 3707 1227 994 12620 16114 46185 55 501 4301 13411 2178 238 118 11311 4601 611 9587 12754 7277 4243 14415 830
internal_value=-5.55949e-05 3.37728e-06 8.0774e-05 0.000454431 0.000718057 -0.00155265 -7.77283e-05 -0.000454493 -6.3422e-05 -0.00198097 0.00113756 0.00121543 0.00127872 -0.000637536 -0.00235352 8.39388e-05 0.000256187 0.000508261 0.000832645 -0.000753656 0 -0.000812406 -4.42261e-05 -0.000375111 -0.000561825 -0.00109543 -0.001292 -0.00218337 -0.00136365 -0.00222008 -0.000508193 0 0 5.96526e-05 0.000266156 0
internal_weight=282088 265345 260909 96715 77101 16743 164194 68086 19614 4436 46657 45111 44400 54434 4128 96108 74991 51601 28734 47274 23390 46686 21117 16816 15589 5002 4764 12158 4719 11922 9642 13748 30444 25935 21692 4509
internal_count=282088 265345 260909 96715 77101 16743 164194 68086 19614 4436 46657 45111 44400 54434 4128 96108 74991 51601 28734 47274 23390 46686 21117 16816 15589 5002 4764 12158 4719 11922 9642 13748 30444 25935 21692 4509
is_linear=0
shrinkage=0.05


Tree=21
num_leaves=33
num_cat=0
split_feature=6 1 3 1 5 0 3 6 6 2 6 2 0 0 2 1 6 3 6 3 5 5 5 1 2 1 6 0 1 6 5 2
split_gain=16.5943 9.35728 8.05138 7.58228 5.74249 4.34554 3.26317 2.89431 2.45847 1.91277 1.7971 1.74015 1.72918 4.41862 2.67705 3.1603 2.30465 2.07928 1.72615 1.48338 1.42843 1.35177 2.5385 2.46372 0.769623 0.637949 0.341249 0.330044 0.288698 0.270749 0.243413 0.0944065
threshold=1.5850780926390684 -1.5347260239884535 0.44569734165431169 0.079051210773412386 -0.19554242424242413 -1.6565130441320199 -1.1675223627962141 0.63769130272489749 1.453440277777778 -0.35676305655836338 -1.6816926975463558 1.4267127673197593 1.3599184638450008 1.6471963392397964 1.5962210279219178 1.4189654929577467 -1.2046550505665894 0.94040911535673366 -1.6689768824963915 0.40397759352984569 1.4524960087632415 -0.47628945109326865 0.83137641256165318 1.1562596775873444 -1.6559890696492119 -1.2033481269745747 1.533482767617828 0.71054162679425847 1.6756542847396509 -1.1761537366548038 -1.1396945449564531 0.55461021897810237
decision_type=2 2 2 2 2 2 2 2 2 2 2 2 2 2 2 2 2 2 2 2 2 2 2 2 2 2 2 2 2 2 2 2
left_child=1 8 3 4 6 -5 -3 9 24 30 -11 20 16 14 15 17 25 -14 -8 -20 26 27 23 -23 -1 -4 -6 29 -27 -18 -7 -26
right_child=-2 2 12 5 11 7 18 -9 -10 10 -12 -13 13 -15 -16 -17 21 -19 19 -21 -22 22 -24 -25 31 28 -28 -29 -30 -31 -32 -33
leaf_value=0 -0.0018125000358131815 0 0 0 -0.00070913228779023198 0 0 0 0 0 0.0012757665484798778 0 0 0 0 0 0 -0.0016327101857596023 0.00076470558196893329 0 0 0.00084199554509191681 0 0 -0.0019087845537567325 -0.00094141846562568283 0 0 0 -0.00040290308415042862 0.00018370465744244296 0
leaf_weight=176 12296 4350 1307 2786 32612 4995 1035 17763 491 723 38950 3710 299 3497 1349 2652 125 14264 38102 1046 2343 21885 14246 4817 7490 8486 359 10067 36 8672 17451 3708
leaf_count=176 12296 4350 1307 2786 32612 4995 1035 17763 491 723 38950 3710 299 3497 1349 2652 125 14264 38102 1046 2343 21885 14246 4817 7490 8486 359 10067 36 8672 17451 3708
internal_value=-5.37633e-05 0 9.41849e-05 0.000328586 0 0.00066636 0.000377795 0.000770991 -0.00130205 0.000937141 0.00121932 -0.000447105 -0.000218649 -0.000621109 -0.00101648 -0.00121969 0 -0.00150661 0.000598403 0.000689953 -0.000584603 2.65194e-05 0.000287048 0.000598355 -0.00150966 -0.00074121 -0.000687067 -1.75974e-06 -0.000896369 -0.000296632 0 -0.00157368
internal_weight=282088 269792 257927 166225 83557 82668 44533 79882 11865 62119 39673 39024 91702 22061 18564 17215 69641 14563 40183 39148 35314 59812 40948 26702 11374 9829 32971 18864 8522 8797 22446 11198
internal_count=282088 269792 257927 166225 83557 82668 44533 79882 11865 62119 39673 39024 91702 22061 18564 17215 69641 14563 40183 39148 35314 59812 40948 26702 11374 9829 32971 18864 8522 8797 22446 11198
is_linear=0
shrinkage=0.05


Tree=22
num_leaves=36
num_cat=0
split_feature=5 5 0 4 1 0 5 2 0 5 2 1 1 3 1 2 1 0 3 4 2 2 5 0 3 5 4 2 5 3 0 2 0 0 3
split_gain=13.9577 7.62295 6.74662 5.87107 8.21657 10.0587 5.94861 4.54779 3.95111 3.35322 2.87911 2.6862 2.68218 2.50932 1.92633 2.53716 1.92443 1.4436 1.34566 1.26268 0.975519 0.958263 1.4186 1.22053 0.829726 1.41392 0.600434 0.327321 0.219989 0.0761996 0.715686 0.0416098 0.00853037 0.296851 0.00554994
threshold=1.5324515819750721 -1.6951091451427021 -0.95437661062707069 -0.88007041826018328 0.079051210773412386 0.66820253952446174 0.59984983164983185 -0.02902717250543339 -0.7085372390007455 -0.039055183946488263 1.4267127673197593 1.5746605060778964 -0.7457423540879734 -1.6818607239643824 1.3957321839080461 0.63894708705424952 -0.27655972222222219 1.6347157246119208 0.8439014144357434 1.7242333333333335 -1.556400666498843 0.41556853730511539 1.3204286088943842 1.5976169909020521 -0.62936877610022479 -1.1396945449564531 -1.4170763656633218 -1.69426839672947 1.4267127673197593 0.18546403855659926 1.2551010576091934 1.700072262773723 -0.34356747473249799 0.80653325478503424 -1.1958653008359821
decision_type=2 2 2 2 2 2 2 2 2 2 2 2 2 2 2 2 2 2 2 2 2 2 2 2 2 2 2 2 2 2 2 2 2 2 2
left_child=1 20 -2 9 6 11 7 24 -9 32 12 13 18 -6 15 17 -10 28 -8 -15 -1 22 23 -7 34 -26 -22 -4 -11 -23 -31 -29 -3 -34 -5
right_child=2 3 27 4 5 21 10 8 16 14 -12 -13 -14 19 -16 -17 -18 -19 -20 -21 26 29 -24 -25 25 -27 -28 31 -30 30 -32 -33 33 -35 -36
leaf_value=0 0 0 0 0 0 -0.00083642760187894116 -0.0018801619243190599 0 0.0010331223760114197 -0.0012697725636976447 0 0 0 0.0010745264577861826 0 0 0 0 0 0 0 0 0 0 0 -0.00051389483390118995 -0.0029168091286342485 -0.0021216911351028046 0 0.00054562110670987719 0 0 0.0002197763444984235 0 4.4697051145861718e-05
leaf_weight=63 4585 13032 236 2616 611 12274 8055 7178 25308 17440 3101 3772 12143 61947 3118 9037 6145 162 5643 229 203 1112 1923 325 7136 20797 2000 11311 1067 6069 6127 611 15225 5123 6364
leaf_count=63 4585 13032 236 2616 611 12274 8055 7178 25308 17440 3101 3772 12143 61947 3118 9037 6145 162 5643 229 203 1112 1923 325 7136 20797 2000 11311 1067 6069 6127 611 15225 5123 6364
internal_value=-5.4821e-05 0 -0.0014364 6.27713e-05 0.000227925 0.000570437 0 0.000145457 0.000574536 -0.0002875 -0.000670203 0.000913684 -0.000879946 0.000995233 -0.000661396 -0.000809884 0.000844044 -0.00113725 -0.00137927 0.00104885 -0.00251575 0 -0.000398273 -0.000671452 -3.12257e-05 -0.000272084 -0.00271076 -0.00203221 -0.00122204 0 0.000122105 -0.00206719 0 3.19213e-05 0
internal_weight=282088 265345 16743 263079 198875 94389 104486 75544 38631 64204 28942 66559 25841 62787 30824 27706 31453 18669 13698 62176 2266 27830 14522 12599 36913 27933 2203 12158 18507 13308 12196 11922 33380 20348 8980
internal_count=282088 265345 16743 263079 198875 94389 104486 75544 38631 64204 28942 66559 25841 62787 30824 27706 31453 18669 13698 62176 2266 27830 14522 12599 36913 27933 2203 12158 18507 13308 12196 11922 33380 20348 8980
is_linear=0
shrinkage=0.05


Tree=23
num_leaves=35
num_cat=0
split_feature=6 1 4 1 0 5 5 2 4 1 5 0 6 5 2 2 2 0 4 4 4 4 6 1 2 2 4 5 5 2 6 1 2 2
split_gain=14.3361 8.24909 5.74144 4.92666 9.15964 5.90861 3.57239 2.58905 3.32302 2.46002 2.43369 2.41262 2.33468 1.80275 1.5111 1.50315 1.49071 1.33676 1.28512 1.20231 1.99261 1.10617 0.935807 0.745282 0.375008 0.3561 0.324365 0.106665 0.47266 0.104041 0.0667736 0.136317 0.00573657 0.262355
threshold=1.5850780926390684 -1.5347260239884535 -0.88007041826018328 0.079051210773412386 0.66820253952446174 -1.6253274354281062 0.68061239470517465 -0.37007138535995149 -0.1589000384559919 1.6214969405594408 -0.35556202567896517 -0.59884317673378062 1.453440277777778 1.570778262286044 0.4723424242424244 1.1434578617089908 1.4267127673197593 1.6720433884761288 1.2270564921838574 -0.45309905114556803 1.0639371459087956 -0.66956769642901015 1.5457120567375886 1.6032739837398375 -1.69426839672947 -1.69426839672947 1.5971549182524793 -1.1523690078037903 -0.24885640471040613 0.55461021897810237 1.1046861880025618 1.6463382651234937 1.251298314069057 -0.53299367208607851
decision_type=2 2 2 2 2 2 2 2 2 2 2 2 2 2 2 2 2 2 2 2 2 2 2 2 2 2 2 2 2 2 2 2 2 2
left_child=1 12 10 6 5 -5 7 27 -9 13 32 -10 18 -7 19 17 21 23 24 -6 -21 -8 -23 25 -1 -12 -2 -4 -29 -26 -16 -32 33 -3
right_child=26 2 3 4 14 9 16 8 11 -11 15 -13 -14 -15 30 -17 -18 -19 -20 20 -22 22 -24 -25 29 -27 -28 28 -30 -31 31 -33 -34 -35
leaf_value=0 -0.0017491653015226729 0 0 0 0 0.0010668737275404817 0 0 0 0 0 0.00095668199416912834 0 0 0 0 0 0 0 -0.0010882126452396259 0 -0.00084571849913787737 0 0 -0.002038545633471109 -0.00083412373559868351 0 -0.00036302208052802165 0 0 0.00034735914398746365 0 0 0.00021229586716167551
leaf_weight=59 11697 8570 6163 2142 2836 62995 1872 12295 7420 1686 318 24639 491 1224 9509 6849 2803 286 1739 9354 3695 21079 580 734 6436 28569 599 10409 10703 3140 3627 134 3146 14290
leaf_count=59 11697 8570 6163 2142 2836 62995 1872 12295 7420 1686 318 24639 491 1224 9509 6849 2803 286 1739 9354 3695 21079 580 734 6436 28569 599 10409 10703 3140 3627 134 3146 14290
internal_value=-5.68687e-05 0 8.13229e-05 0.000244683 0.000495791 0.000826985 0 0.000177326 0.000441107 0.000963386 -0.000261876 0.000722765 -0.00123273 0.00102331 0 -0.000528489 -0.000497453 -0.00068213 -0.00143884 -0.000478987 -0.000705473 -0.000656344 -0.000769021 -0.000761813 -0.00165443 -0.000811199 -0.00168946 0 -0.000110872 -0.00168682 0 0.000196078 0 2.47348e-05
internal_weight=282088 269792 257927 195165 97202 68047 97963 71629 44354 65905 62762 32059 11865 64219 29155 36756 26334 29907 11374 15885 13049 23531 21659 29621 9635 28887 12296 27275 21112 9576 13270 3761 26006 22860
internal_count=282088 269792 257927 195165 97202 68047 97963 71629 44354 65905 62762 32059 11865 64219 29155 36756 26334 29907 11374 15885 13049 23531 21659 29621 9635 28887 12296 27275 21112 9576 13270 3761 26006 22860
is_linear=0
shrinkage=0.05


Tree=24
num_leaves=33
num_cat=0
split_feature=6 1 3 0 0 6 6 1 5 2 6 2 0 3 6 0 6 3 1 3 0 5 2 3 5 3 0 6 1 3 6 3
split_gain=12.9725 7.49365 6.55194 6.69329 5.60673 4.67608 6.14153 4.17134 3.66833 3.55495 2.39837 3.54408 2.31727 2.31368 2.22708 1.89593 1.66073 1.58592 1.16454 0.907003 0.72632 0.828049 0.709487 0.507687 0.813461 0.795375 0.379509 0.177683 0.155332 0.0749196 0.0312532 0.0225345
threshold=1.5850780926390684 -1.5347260239884535 -0.42329602052623633 -1.4712559614593166 -0.77820973154362405 -1.1761537366548038 0.8191701754385966 0.48521003344481617 0.77654755895290994 0.89886292538976909 -0.65354971115840665 -0.37007138535995149 0.072335372960372957 -1.6562519875823425 1.453440277777778 0.099295957173655178 1.5208414339965131 1.4789283385988667 -1.157331130601946 -1.1523690078037903 0.41821711530540567 -1.3342385762385758 -1.6559890696492119 -1.4743593439833631 -0.68207566567286915 -1.6818607239643824 1.6720433884761288 -1.3462005965697239 1.6032739837398375 1.5450759947154811 1.2255388418079096 0.22591795974804116
decision_type=2 2 2 2 2 2 2 2 2 2 2 2 2 2 2 2 2 2 2 2 2 2 2 2 2 2 2 2 2 2 2 2
left_child=1 14 3 7 18 -5 13 16 10 12 20 -12 -10 -7 22 -15 19 -13 -4 27 31 -22 -1 24 -9 -26 -14 -3 29 -20 -11 -6
right_child=-2 2 4 5 8 6 -8 23 9 30 11 17 26 15 -16 -17 -18 -19 28 -21 21 -23 -24 -25 25 -27 -28 -29 -30 -31 -32 -33
leaf_value=0 -0.0016100182407983909 0 0 0 5.6809639028375576e-05 0 0 0 0 0 0 0.00069910247807315447 -0.00098347982627225157 0.0011846070549630901 0 0 0 0 -0.0017386070546492865 0 0 -0.00049799693934583994 -0.0014472588205519058 0 0 0.00097040484599925808 0 -0.0015115807133398236 0 0 0.00013693255946043822 0
leaf_weight=176 12296 380 973 14962 16875 221 13742 139 2804 6400 28061 41934 23035 50111 491 2775 401 1032 5495 819 3653 15088 11198 2134 1310 5038 1186 7025 83 28 3586 8637
leaf_count=176 12296 380 973 14962 16875 221 13742 139 2804 6400 28061 41934 23035 50111 491 2775 401 1032 5495 819 3653 15088 11198 2134 1310 5038 1186 7025 83 28 3586 8637
internal_value=-5.79085e-05 0 7.3691e-05 0.000412101 -7.35413e-05 0.00063829 0.000819258 -6.97849e-05 0 -0.000438031 0.000129999 0.000333281 -0.000763685 0.00106253 -0.00118002 0.00111437 -0.00106874 0.000621382 -0.00144156 -0.00129064 0 -0.000306555 -0.00138396 0 0.000423761 0.000690417 -0.000939535 -0.0014562 -0.00169573 -0.00172575 0 0
internal_weight=282088 269792 257927 99057 158870 81811 66849 17246 152291 37011 115280 71027 27025 53107 11865 52886 8625 42966 6579 8224 44253 18741 11374 8621 6487 6348 24221 7405 5606 5523 9986 25512
internal_count=282088 269792 257927 99057 158870 81811 66849 17246 152291 37011 115280 71027 27025 53107 11865 52886 8625 42966 6579 8224 44253 18741 11374 8621 6487 6348 24221 7405 5606 5523 9986 25512
is_linear=0
shrinkage=0.05


Tree=25
num_leaves=34
num_cat=0
split_feature=6 1 3 0 4 3 1 6 0 0 6 6 4 1 1 0 6 6 4 4 5 3 6 1 5 0 4 6 5 6 1 6 6
split_gain=11.7642 7.52505 4.61764 6.67825 6.16188 5.16928 3.88954 2.64173 2.53079 2.35421 2.05412 1.82866 2.3086 1.28273 1.24705 1.16812 1.37988 0.999978 1.19428 0.99062 0.990394 0.899835 0.73267 0.469005 0.434001 0.570621 0.328876 0.715733 0.550459 0.121579 0.119299 6.76438e-06 0.0759876
threshold=1.6604520661713547 -1.5347260239884535 -0.42329602052623633 -0.77820973154362405 -0.88007041826018328 -1.6562519875823425 -1.0648521762934573 -1.6816926975463558 0.58442036518123497 -1.6565130441320199 1.4789283385988667 -0.65354971115840665 1.348166993426364 -1.157331130601946 -1.5966896086369768 -0.36965984804208057 -1.3462005965697239 1.453440277777778 1.2270564921838574 -1.6689768824963915 -1.3342385762385758 -1.2509252548396146 1.3337236952861955 1.1110634137426902 1.4771372618835679 0.99955712849527723 -1.4431813768206148 -0.34116891661387 1.2252884045077108 1.6485880053329718 1.6032739837398375 0.95458251643409076 -1.5690692524321554
decision_type=2 2 2 2 2 2 2 2 2 2 2 2 2 2 2 2 2 2 2 2 2 2 2 2 2 2 2 2 2 2 2 2 2
left_child=1 17 4 13 21 -6 -7 -8 15 -2 -9 12 20 -4 -11 -5 -17 18 -1 -15 -10 23 -18 24 25 -3 27 -13 -28 30 -21 32 -23
right_child=9 2 3 8 5 6 7 10 11 14 -12 26 -14 19 -16 16 22 -19 -20 29 -22 31 -24 -25 -26 -27 28 -29 -30 -31 -32 -33 -34
leaf_value=-0.0015229834807530744 0 -0.00096884704024638728 0 0 0 0 0 0.0010081848846184972 0 0 0 0 0 0 -0.0026142224544564202 0 0.00047927011263505657 0 0 -0.0019721174674313439 -0.0010903712907464321 0 0 0 0 0 0.00017642595644193999 -0.00070275191321940086 0 0 0 0 0.00011898299486251695
leaf_weight=9635 713 5781 999 12141 3599 9977 736 59583 2360 132 1981 421 2131 117 5186 9640 49928 809 1739 5520 12663 859 1826 2435 905 60 43631 4707 17038 21 84 1892 12839
leaf_count=9635 713 5781 999 12141 3599 9977 736 59583 2360 132 1981 421 2131 117 5186 9640 49928 809 1739 5520 12663 859 1826 2435 905 60 43631 4707 17038 21 84 1892 12839
internal_value=-5.94426e-05 0 4.7732e-05 -6.75304e-05 0.000335579 0.000591677 0.000738072 0.000886466 0 -0.00214456 0.000949422 -0.000187183 -0.000650233 -0.00154345 -0.00248047 0.000214189 0.000319351 -0.00119444 -0.00131618 -0.00180715 -0.000922181 -3.87697e-05 0.000432072 -0.000484094 -0.000687209 -0.000841284 0 -0.000379496 0 -0.00193039 -0.00194633 0 1.08827e-06
internal_weight=282088 276057 263874 163227 100647 75876 72277 62300 156486 6031 61564 82951 17154 6741 5318 73535 61394 12183 11374 5742 15023 24771 51754 9181 6746 5841 65797 5128 60669 5625 5604 15590 13698
internal_count=282088 276057 263874 163227 100647 75876 72277 62300 156486 6031 61564 82951 17154 6741 5318 73535 61394 12183 11374 5742 15023 24771 51754 9181 6746 5841 65797 5128 60669 5625 5604 15590 13698
is_linear=0
shrinkage=0.05


Tree=26
num_leaves=39
num_cat=0
split_feature=6 1 5 3 0 0 6 6 2 3 0 2 1 0 1 1 3 2 2 6 5 3 3 1 6 1 2 1 1 2 5 0 2 3 6 6 0 3
split_gain=10.7923 6.02169 11.2756 7.06243 4.38203 3.66384 3.29043 3.47005 2.89073 2.70393 2.70019 2.91807 1.9709 1.70415 1.56879 1.56844 1.29931 1.27988 0.950736 0.699612 0.598178 0.787121 0.588797 1.76707 1.85064 0.995491 0.470962 0.400796 0.370991 0.349232 0.323759 0.315079 0.35331 0.110039 0.0880645 0.0417969 0.0727537 0.086792
threshold=1.5850780926390684 -0.90786865308604425 0.59984983164983185 -0.42329602052623633 -1.4712559614593166 -0.5847462825734896 1.346865725366341 -1.472589131684876 -1.2742672165047606 -1.6562519875823425 0.5968657064337245 1.0213240661736822 -0.46553978779840843 1.6602182902854048 -0.14342011693115386 -0.7996040387340575 -0.31649856126003323 1.251298314069057 -1.6375790412486062 1.5457120567375886 -0.1562006456707544 1.0000000180025095e-35 -1.1391181321065875 -1.5841004623044095 -1.472589131684876 -0.93402041522491341 1.6466262590354308 0.48521003344481617 -0.94695140419349666 -1.6818607239643824 1.4524960087632415 0.30882455507455514 -1.6691913763281441 -0.9572072164948453 1.5208414339965131 1.4001850917045264 1.3869982814126305 -1.0955668973471739
decision_type=2 2 2 2 2 2 2 2 2 2 2 2 2 2 2 2 2 2 2 2 2 2 2 2 2 2 2 2 2 2 2 2 2 2 2 2 2 2
left_child=1 2 22 4 27 15 7 -6 -9 -10 14 12 -12 -14 -7 -5 -16 -18 -17 26 -13 -22 28 35 -25 33 29 -3 31 -4 -20 32 -1 -26 -34 36 37 -24
right_child=-2 3 19 5 6 10 -8 8 9 -11 11 20 13 -15 16 18 17 -19 30 -21 21 -23 23 24 25 -27 -28 -29 -30 -31 -32 -33 34 -35 -36 -37 -38 -39
leaf_value=0 -0.0014791911760727702 -0.00038451536283397656 0 0 0 0 0 0 0 0.0010857204361470188 0 0 -0.0006977548960733276 0 0 0 0.00069128350729265754 0 -0.0014571502783715066 0 0 0.0005590779024126309 0 0 0 0 0 0 0 -0.0015816337944620194 0 0 -0.00088278943733038472 0.00061887321412821921 0 0 0 -0.00039263022070924297
leaf_weight=40 12296 6196 275 393 5468 17810 2537 5099 356 52959 7231 5082 37184 1449 3065 696 31262 2159 7132 536 464 10499 47 3879 1933 1263 506 8621 169 16736 155 62 4687 30701 47 97 234 2763
leaf_count=40 12296 6196 275 393 5468 17810 2537 5099 356 52959 7231 5082 37184 1449 3065 696 31262 2159 7132 536 464 10499 47 3879 1933 1263 506 8621 169 16736 155 62 4687 30701 47 97 234 2763
internal_value=-6.49952e-05 0 -0.000418953 0.00013431 0.000509866 -2.96366e-05 0.000693514 0.000792149 0.000912529 0.00102254 0 -0.000174532 -0.000445035 -0.000600189 0.000297193 -0.0010173 0.000486384 0.000594496 -0.00124107 -0.00145632 0 0.000359921 0 6.6801e-05 0.000345953 0.000517048 -0.00151007 0 -0.000479963 -0.00155333 -0.00140662 -0.00063935 -0.000748731 0.00059366 -0.000854987 -5.71254e-05 -0.000179377 -0.000296706
internal_weight=282088 269792 63975 205817 81236 124581 66419 63882 58414 53315 116205 61909 45864 38633 54296 8376 36486 33421 7983 18053 16045 10963 45922 40917 37776 33897 17517 14817 5005 17011 7287 4836 4774 32634 4734 3141 3044 2810
internal_count=282088 269792 63975 205817 81236 124581 66419 63882 58414 53315 116205 61909 45864 38633 54296 8376 36486 33421 7983 18053 16045 10963 45922 40917 37776 33897 17517 14817 5005 17011 7287 4836 4774 32634 4734 3141 3044 2810
is_linear=0
shrinkage=0.05


Tree=27
num_leaves=37
num_cat=0
split_feature=5 0 0 6 6 0 2 5 0 5 5 3 0 1 1 2 3 6 0 3 2 2 0 1 3 1 3 2 5 3 3 1 6 6 3 3
split_gain=10.0052 6.81298 5.71782 4.74692 6.20351 4.20227 3.19395 3.25427 2.55181 2.34597 2.07214 2.92847 2.19437 1.9941 1.72786 1.64958 1.55906 1.54113 1.00254 0.983797 0.898941 0.519406 0.476334 0.359976 0.355323 0.331707 0.318721 0.20886 0.206319 0.116108 0.0611409 0.0255425 0.00390513 0.0229799 0.00177658 0.0943385
threshold=1.5324515819750721 -1.6419261081138259 -0.95437661062707069 -1.2601271777003482 0.25235579774614475 0.36420580094568122 1.0213240661736822 1.0480116683672136 -0.76386024125746299 1.4898976074614765 -0.50420394736842089 -1.2092019994965295 0.86052458816351451 -0.69078799813506075 1.6463382651234937 -1.6559890696492119 1.1995068524970967 -0.39414277071990317 -1.4858257642232076 0.21278604118993141 1.700072262773723 -1.69426839672947 1.5591352709898969 -0.11753191308466836 -1.2223758816837313 1.6756542847396509 0.15674673152934013 1.6720433884761288 1.4647534262485484 -1.5845704821494293 0.17089602461183487 -0.65567756032680957 1.2789605021432948 0.52885882016036667 1.0000000180025095e-35 -1.6104832358907049
decision_type=2 2 2 2 2 2 2 2 2 2 2 2 2 2 2 2 2 2 2 2 2 2 2 2 2 2 2 2 2 2 2 2 2 2 2 2
left_child=1 9 -2 19 5 13 10 8 -8 15 31 -12 -13 34 18 -1 -10 -4 -15 23 21 -19 25 26 -25 27 29 28 -21 -3 -26 -6 33 -9 35 -5
right_child=2 3 17 4 6 -7 7 32 16 -11 11 12 -14 14 -16 -17 -18 20 -20 22 -22 -23 -24 24 30 -27 -28 -29 -30 -31 -32 -33 -34 -35 -36 -37
leaf_value=0 0 0 0 0 9.5131160525113148e-05 0 0 0 0.0013193760416825905 0 0 -0.00091742888627429492 0 0 0 -0.0024874489449219508 0 0 0.00089312647016302196 -0.00092472161727523428 0 -0.0020475263705183665 0 0 0.00031233148773823928 0 0 0 0 -0.00041482602036134572 0 0 0 -0.00013851810129121309 0 0.0001160172737230179
leaf_weight=421 4585 152 455 235 6475 39321 2604 727 11341 308 10249 27659 21748 3082 478 3707 2384 232 54324 13180 602 10869 115 2019 10092 35 446 53 32 10966 259 13405 3310 2922 6025 17271
leaf_count=421 4585 152 455 235 6475 39321 2604 727 11341 308 10249 27659 21748 3082 478 3707 2384 232 54324 13180 602 10869 115 2019 10092 35 446 53 32 10966 259 13405 3310 2922 6025 17271
internal_value=-6.77155e-05 0 -0.00123234 4.32829e-05 0.000165072 0.000420775 -3.63891e-05 0.00031313 0.000787095 -0.00181585 -0.000268631 -0.000426588 -0.000604771 0.000624565 0.000795204 -0.00218139 0.00108546 -0.00178532 0.000843834 -0.000405915 -0.00190239 -0.00199949 -0.000788833 0 0 -0.000844513 -0.000272213 -0.000880282 -0.000903178 -0.000380832 0.000285057 0 0 -4.80417e-05 0 1.56704e-05
internal_weight=282088 265345 16743 260909 223560 120736 102824 23288 16329 4436 79536 59656 49407 81415 57884 4128 13725 12158 57406 37349 11703 11101 13415 23934 12370 13300 11564 13265 13212 11118 10351 19880 6959 3649 23531 17506
internal_count=282088 265345 16743 260909 223560 120736 102824 23288 16329 4436 79536 59656 49407 81415 57884 4128 13725 12158 57406 37349 11703 11101 13415 23934 12370 13300 11564 13265 13212 11118 10351 19880 6959 3649 23531 17506
is_linear=0
shrinkage=0.05


Tree=28
num_leaves=33
num_cat=0
split_feature=6 1 2 6 0 3 1 0 3 3 0 1 6 2 1 1 1 1 2 5 5 0 1 3 1 0 5 0 0 6 1 1
split_gain=9.38254 6.411 4.25045 3.63046 3.8389 2.93363 2.37849 2.12029 2.10733 1.98503 1.99691 1.79977 2.03239 1.57685 1.46379 1.13711 0.896982 0.793347 0.737087 0.627911 0.546768 0.95845 1.13027 1.0719 0.458386 0.456987 0.446695 0.341692 0.284826 0.18439 0.0647799 0.0066191
threshold=1.6604520661713547 -1.5746282066579165 -0.34352395217246584 -1.0934045196952804 -1.5126171389586023 -0.62936877610022479 1.5645187350228744 -1.6565130441320199 -0.83454074294499814 -1.6104832358907049 1.3599184638450008 0.95677002396340138 -0.079191122683032675 -1.6375790412486062 0.84540377902009134 -1.5966896086369768 1.3019596055040454 -1.5347260239884535 -1.69426839672947 1.6602182902854048 -1.1824160065886682 -0.47628945109326865 -1.1425258741258737 1.4647955187059694 0.66977195182233584 -1.6419261081138259 1.5186493110596271 -1.625678099257031 1.7094562500000001 -0.95458251643409053 -1.5496620203836928 1.6118243326211352
decision_type=2 2 2 2 2 2 2 2 2 2 2 2 2 2 2 2 2 2 2 2 2 2 2 2 2 2 2 2 2 2 2 2
left_child=1 13 5 20 16 8 9 -2 24 -6 -11 12 -7 -1 17 -9 26 -10 -17 27 -4 -22 -23 -24 30 -19 29 -14 -15 -5 -3 -26
right_child=7 2 3 4 6 11 -8 15 14 10 -12 -13 19 28 -16 18 -18 25 -20 -21 21 22 23 -25 31 -27 -28 -29 -30 -31 -32 -33
leaf_value=0 0 0 0 0 0 0 0 0 0 0.00063550047173539911 0 0 0 -0.0017189997358651465 0 0 0 0 -0.0024824295394878498 0 0 0 -0.00084478036790228822 0 4.206695522640021e-05 0.0015444905033944051 0 -0.00087229372300671722 0 -0.00096838121691972191 -0.00028223875086683787 0
leaf_weight=146 713 244 8085 114 1144 29130 4869 132 111 102660 15565 16302 143 6392 1512 135 1260 20 5051 861 8426 2438 12510 205 8770 4472 1234 29418 25 3515 15838 648
leaf_count=146 713 244 8085 114 1144 29130 4869 132 111 102660 15565 16302 143 6392 1512 135 1260 20 5051 861 8426 2438 12510 205 8770 4472 1234 29418 25 3515 15838 648
internal_value=-6.68771e-05 0 1.68677e-05 0.000210649 0.000351927 -0.000179661 0.000454588 -0.00193359 0 0.000514404 0.000555815 -0.000376272 -0.000504765 -0.00149424 0.000887012 -0.00225593 -5.58148e-05 0.00131232 -0.00238719 -0.000811215 -4.78904e-05 -0.000244211 -0.000493829 -0.000707888 0 0.00146657 -0.000644788 -0.000853783 -0.00168602 -0.000896032 -0.000262246 0
internal_weight=282088 276057 269494 162025 130361 107469 124238 6031 31615 119369 118225 75854 59552 6563 6115 5318 6123 4603 5186 30422 31664 23579 15153 12715 25500 4492 4863 29561 6417 3629 16082 9418
internal_count=282088 276057 269494 162025 130361 107469 124238 6031 31615 119369 118225 75854 59552 6563 6115 5318 6123 4603 5186 30422 31664 23579 15153 12715 25500 4492 4863 29561 6417 3629 16082 9418
is_linear=0
shrinkage=0.05


Tree=29
num_leaves=35
num_cat=0
split_feature=5 5 0 4 3 0 5 3 2 1 5 5 3 2 4 1 0 2 5 5 4 5 5 5 4 2 2 1 1 3 2 4 2 4
split_gain=8.54709 6.4971 5.09337 4.12201 3.93413 4.37135 4.14962 2.84417 2.76029 2.62792 2.19933 2.17788 2.55961 1.97598 1.75762 1.54142 1.04177 0.920345 0.811782 0.745755 0.708185 1.10247 1.36739 0.681504 0.563167 0.27849 0.244432 0.149673 0.125902 0.137703 0.0997799 0.00702614 0.217165 0.000679384
threshold=1.5324515819750721 -1.6951091451427021 -0.95437661062707069 -1.2252884045077104 1.0000000180025095e-35 -1.1361774681117744 0.44645448120783832 -1.3197980275202263 -1.4558866286281318 -1.2159268267963916 -0.066077185537055591 0.059862308429118924 -1.6818607239643824 -0.37007138535995149 -0.94890344982078834 1.3321301393728224 1.5976169909020521 -1.556400666498843 -1.5005403133451911 1.4771372618835679 0.01802105060101503 0.78971708831995169 -0.91692240668786051 1.4771372618835679 -1.4170763656633218 -1.69426839672947 -1.69426839672947 -1.1034045477261367 -1.6544031478091876 -1.7068173553904511 1.700072262773723 -0.6027487598482637 1.5450759947154811 -0.89356576938918897
decision_type=2 2 2 2 2 2 2 2 2 2 2 2 2 2 2 2 2 2 2 2 2 2 2 2 2 2 2 2 2 2 2 2 2 2
left_child=1 17 -2 10 5 9 7 -7 -9 18 -3 27 -13 14 -6 26 23 -1 -5 -20 31 22 -22 -16 -19 -4 -12 -11 -28 -30 -27 33 -33 -15
right_child=2 3 25 4 13 6 -8 8 -10 11 15 12 -14 20 16 -17 -18 24 19 -21 21 -23 -24 -25 -26 30 28 -29 29 -31 -32 32 -34 -35
leaf_value=0 0 0 0 0 0 0 0 0 0.00091284458531438973 0 0 0 0.00073406081512492874 0 -0.00057633802479960575 0 0 0 -0.0015009665780345866 0 0 0 0.00064751822318114796 0 -0.0027657271799181788 -0.0017481918077711283 0 -0.00019977144660728865 0 -0.00099989206005692585 0 -0.00020767849899730581 0 1.5846254357506605e-05
leaf_weight=63 4585 19543 236 264 4447 1733 15504 2501 59261 399 152 980 21560 7037 38964 2213 686 203 4025 95 8865 10315 19577 660 2000 11311 54 8795 47 15842 611 12414 963 6183
leaf_count=63 4585 19543 236 264 4447 1733 15504 2501 59261 399 152 980 21560 7037 38964 2213 686 203 4025 95 8865 10315 19577 660 2000 11311 54 8795 47 15842 611 12414 963 6183
internal_value=-6.77415e-05 0 -0.00114381 2.81544e-05 0.000144525 0.000354647 0.000565848 0.000748037 0.000830161 0 -0.000388394 5.18396e-05 0.000489125 0 -0.000312701 -0.000773311 -0.000464622 -0.00237315 -0.00114269 -0.00134565 8.76652e-05 0.000240599 0.000416445 -0.000533232 -0.00256627 -0.00166695 -0.000953128 0 -0.000976622 -0.000987942 -0.00169908 0 -3.54746e-05 0
internal_weight=282088 265345 16743 263079 225228 115117 78999 63495 61762 36118 37851 31734 22540 110111 44757 18308 40310 2266 4384 4120 65354 38757 28442 39624 2203 12158 16095 9194 15943 15889 11922 26597 13377 13220
internal_count=282088 265345 16743 263079 225228 115117 78999 63495 61762 36118 37851 31734 22540 110111 44757 18308 40310 2266 4384 4120 65354 38757 28442 39624 2203 12158 16095 9194 15943 15889 11922 26597 13377 13220
is_linear=0
shrinkage=0.05


Tree=30
num_leaves=39
num_cat=0
split_feature=6 1 4 3 4 1 1 2 1 3 1 1 5 6 4 3 2 6 1 3 4 4 1 2 2 2 2 6 3 4 1 4 1 4 5 1 6 3
split_gain=8.05934 5.72545 3.43896 3.38881 4.29663 3.75761 2.77508 2.56134 2.54194 2.27322 1.31952 1.13316 1.05604 0.949266 1.10866 0.851551 1.13286 0.766147 0.595854 1.21853 1.35072 0.844762 2.52368 0.589337 0.579307 0.311073 0.307562 0.131206 0.702561 0.110984 0.0829589 0.381082 0.581619 0.391807 0.0532505 0.516406 0.116324 0.0026171
threshold=1.6604520661713547 -1.5347260239884535 0.49174511529660275 0.54117855389578506 1.4406821810215236 -1.0921425428379146 1.5746605060778964 -1.4007662642521794 -1.2877253974399301 -1.6562519875823425 -1.5966896086369768 1.4870395038255373 -1.3049841326866651 1.453440277777778 1.2270564921838574 -1.5707782622860436 -1.7068173553904511 1.6360099158307391 1.2908380046163268 0.94040911535673366 -1.5118557232241441 -0.88007041826018328 -0.026862709832134353 -0.34352395217246584 -1.3586572536634074 -1.69426839672947 0.55461021897810237 -1.1204944776573105 -1.5567107023411368 -0.54808768984010814 0.059554083518983746 0.7658414634146341 -1.4566856574425751 1.700072262773723 -0.91692240668786051 1.5093359176116643 1.6360099158307391 -1.2509252548396146
decision_type=2 2 2 2 2 2 2 2 2 2 2 2 2 2 2 2 2 2 2 2 2 2 2 2 2 2 2 2 2 2 2 2 2 2 2 2 2 2
left_child=1 13 7 4 5 -4 9 8 -3 -7 -2 12 -10 14 25 -12 -17 -14 21 20 -20 22 37 -22 -24 -1 -27 29 -29 -23 31 -5 -33 -34 -32 36 -36 -9
right_child=10 2 3 30 -6 6 -8 18 11 -11 15 -13 17 -15 -16 16 -18 -19 19 -21 23 27 24 -25 -26 26 -28 28 -30 -31 34 32 33 -35 35 -37 -38 -39
leaf_value=0 0 0 0 0 0 0 0 0 0 0.0011133604082022956 0 0 -0.001308772932120728 0 0 0 -0.00232655080972495 0 0 0 0 0 0 0.00096276040016127521 -0.00065622822523767001 -0.0017249211396427465 0 0 0.0001786470589019564 -0.000153818049037751 0 0 -0.00056200000412361584 0 0.00037461963644315715 0 0 1.6261263426887711e-05
leaf_weight=59 145 1349 6751 3364 14514 1068 1342 2995 1123 39094 847 1141 11632 809 1739 121 4918 171 1502 5635 4294 3660 326 9268 22934 6436 3140 3046 64731 11146 2262 1063 10797 479 11639 2184 202 24162
leaf_count=59 145 1349 6751 3364 14514 1068 1342 2995 1123 39094 847 1141 11632 809 1739 121 4918 171 1502 5635 4294 3660 326 9268 22934 6436 3140 3046 64731 11146 2262 1063 10797 479 11639 2184 202 24162
internal_value=-6.92836e-05 0 2.1919e-05 0.000288795 0.000509168 0.000745824 0.000932041 -6.74861e-05 -0.000669775 0.00103324 -0.00180346 -0.000961119 -0.00110069 -0.00105426 -0.00117693 -0.00195844 -0.00218914 -0.00123878 0 0.000240675 0.000522975 -4.38632e-05 -0.000215525 0.000735738 -0.000603324 -0.0013756 -0.00140706 0 6.9271e-05 0 0 -0.000112855 -0.000299652 -0.000469546 0 9.54699e-05 0.000338595 0
internal_weight=282088 276057 263874 94759 62769 48255 41504 169115 15416 40162 6031 14067 12926 12183 11374 5886 5039 11803 153699 20699 15064 133000 50417 13562 23260 9635 9576 82583 67777 14806 31990 15703 12339 11276 16287 14025 11841 27157
internal_count=282088 276057 263874 94759 62769 48255 41504 169115 15416 40162 6031 14067 12926 12183 11374 5886 5039 11803 153699 20699 15064 133000 50417 13562 23260 9635 9576 82583 67777 14806 31990 15703 12339 11276 16287 14025 11841 27157
is_linear=0
shrinkage=0.05


Tree=31
num_leaves=31
num_cat=0
split_feature=6 6 0 0 1 3 6 2 6 3 6 1 0 0 0 5 2 2 1 3 3 6 1 5 6 5 3 2 3 3
split_gain=7.41563 5.2239 3.70607 4.70935 7.12952 4.07474 3.36068 3.28167 2.69665 2.49295 2.11138 1.63714 2.10817 1.63266 1.56481 1.96523 2.24756 1.95764 1.35831 1.29227 1.00733 0.89524 0.833634 1.22387 0.813906 0.672142 0.316656 0.21379 0.0914637 0.525586
threshold=1.5850780926390684 -1.5971549182524789 1.3599184638450008 -1.5268215010141983 0.61464574071849098 -0.42329602052623633 0.8191701754385966 1.2238020574083293 1.5457120567375886 -1.6562519875823425 -1.1492574925074923 1.4756810580723627 1.6602182902854048 1.5338106382978727 -0.31649856126003323 0.19821525096525108 1.3036798326189021 1.0213240661736822 1.6463382651234937 0.92603855455968132 1.3342385762385762 -0.88595256055653326 0.23493641114982575 -0.34133187723249825 -1.3027424242424239 1.4647534262485484 -1.5976169909020517 -1.4143713845424368 -1.5707782622860436 -1.6818607239643824
decision_type=2 2 2 2 2 2 2 2 2 2 2 2 2 2 2 2 2 2 2 2 2 2 2 2 2 2 2 2 2 2
left_child=1 13 3 4 8 6 9 11 20 -5 -11 12 19 18 22 16 -16 -17 25 -4 24 -21 23 -7 -3 26 -1 -2 29 -6
right_child=27 2 7 5 28 14 -8 -9 -10 10 -12 -13 -14 -15 15 17 -18 -19 -20 21 -22 -23 -24 -25 -26 -27 -28 -29 -30 -31
leaf_value=0 0 0 0 0 0 0 0 0 0 0 0.00084568655451841123 0 0 0 0.00041597723445278438 -0.00034971212836391223 0 0.00033112742304204889 0 0 0 -0.0014860621503781221 0 -0.0010434235060061095 -0.0020973496587387537 0 -0.0014680284879550979 -0.0013835446626801441 0 0.00068684324215863833
leaf_weight=131 2174 292 227 387 1188 6414 15401 6250 256 13186 56358 2404 1479 84 69161 32380 7523 7290 79 746 26 12441 7621 6326 7160 67 9985 10122 2241 2689
leaf_count=131 2174 292 227 387 1188 6414 15401 6250 256 13186 56358 2404 1479 84 69161 32380 7523 7290 79 746 26 12441 7621 6326 7160 67 9985 10122 2241 2689
internal_value=-7.07281e-05 0 3.02773e-05 0.000126468 -0.00058463 0.000218436 0.000492153 -0.000486952 -0.00165434 0.000643639 0.000710938 -0.000882562 -0.00107909 -0.00108322 0 0.000114608 0.000288906 0 -0.00124856 -0.00128999 -0.0019132 -0.00138786 -0.000336839 -0.000578639 -0.00199642 -0.00137325 -0.00143343 -0.0012448 0 0.000226478
internal_weight=282088 269792 259446 235899 13852 222047 85332 23547 7734 69931 69544 17297 14893 10346 136715 116354 76684 39670 10262 13414 7478 13187 20361 12740 7452 10183 10116 12296 6118 3877
internal_count=282088 269792 259446 235899 13852 222047 85332 23547 7734 69931 69544 17297 14893 10346 136715 116354 76684 39670 10262 13414 7478 13187 20361 12740 7452 10183 10116 12296 6118 3877
is_linear=0
shrinkage=0.05


Tree=32
num_leaves=32
num_cat=0
split_feature=5 5 0 1 5 1 0 3 2 1 6 6 1 3 6 0 2 2 2 5 3 0 3 1 2 3 6 6 0 0 0
split_gain=6.78356 5.86022 4.49862 3.09443 4.61945 9.05227 6.09152 2.9229 2.6311 2.25683 2.66788 2.3667 2.60012 1.74375 1.303 1.2763 1.0177 0.874376 0.787526 0.609481 0.587119 0.537468 0.502047 0.44117 0.426844 0.0793411 0.345879 0.158436 0.0670336 1.56601 0.200831
threshold=1.5324515819750721 -1.6951091451427021 -0.95437661062707069 1.2908380046163268 0.59984983164983185 -0.75799053381708159 -1.1897584219858153 0.44569734165431169 -0.02902717250543339 1.5746605060778964 1.4789283385988667 -1.2886718352233275 1.3452159403219475 -1.3347424616905583 -0.39414277071990317 -1.0098964656297957 1.72117679623086 -1.556400666498843 1.700072262773723 -1.6565130441320199 1.71748639669335 1.6953421404682276 1.0496310734463279 -1.5648113821922596 -1.69426839672947 -0.040434169453734639 1.0770577109723021 -0.53044914841849133 -1.2322871905791875 -1.5976169909020517 1.6720433884761288
decision_type=2 2 2 2 2 2 2 2 2 2 2 2 2 2 2 2 2 2 2 2 2 2 2 2 2 2 2 2 2 2 2
left_child=1 17 -2 4 6 16 19 9 25 10 11 -5 -13 -10 -4 -15 20 -1 24 -3 -6 -19 23 -21 -16 26 -8 -27 29 -7 -30
right_child=2 3 14 7 5 28 8 -9 13 -11 -12 12 -14 15 18 -17 -18 21 -20 22 -22 -23 -24 -25 -26 27 -28 -29 30 -31 -32
leaf_value=0 0 0 0 0 -0.0013490697826404573 0 0.00019243831863324659 0 0 0 0 0 0.0019276236944819555 0 0 0.00055476434914921455 0 -0.0025667788100694131 0 0 0 0 0 -0.00086614522412460909 -0.001771122545512676 -0.00015314433508734711 0 0 -0.00012856925701675462 0.0006550880514372277 0
leaf_weight=63 4585 250 455 2263 19746 3158 27452 13130 1889 4607 479 2589 10138 2985 232 73283 97 2168 602 714 36 35 51 15034 10869 17370 1832 23811 32920 8812 433
leaf_count=63 4585 250 455 2263 19746 3158 27452 13130 1889 4607 479 2589 10138 2985 232 73283 97 2168 602 714 36 35 51 15034 10869 17370 1832 23811 32920 8812 433
internal_value=-7.08341e-05 0 -0.00102995 1.61697e-05 -7.28158e-06 -0.000396697 8.5523e-05 0.000480255 0.000240149 0.000854979 0.00113681 0.00132682 0.00158253 0.000439116 -0.00152494 0.000504271 -0.00126967 -0.00226314 -0.00163608 -0.000686295 -0.00132087 -0.00245416 -0.000755785 -0.000806139 -0.0017272 0 7.62056e-05 -2.44267e-05 0 9.60906e-05 -3.90311e-05
internal_weight=282088 265345 16743 263079 229873 65202 164671 33206 148622 20076 15469 14990 12727 78157 12158 76268 19879 2266 11703 16049 19782 2203 15799 15748 11101 70465 29284 41181 45323 11970 33353
internal_count=282088 265345 16743 263079 229873 65202 164671 33206 148622 20076 15469 14990 12727 78157 12158 76268 19879 2266 11703 16049 19782 2203 15799 15748 11101 70465 29284 41181 45323 11970 33353
is_linear=0
shrinkage=0.05


Tree=33
num_leaves=37
num_cat=0
split_feature=6 0 3 5 2 1 6 1 6 3 1 6 1 0 1 1 6 2 2 2 5 0 2 1 0 3 3 5 2 5 1 6 0 5 5 6
split_gain=6.42883 5.20603 4.42103 3.68636 6.26217 3.1836 2.8447 2.55773 2.47011 2.19209 2.28559 1.88825 1.77703 1.69423 1.26541 0.967393 0.934611 0.903565 0.746169 1.80446 2.02189 1.81949 0.607704 0.575778 0.520626 0.433847 0.427402 0.573461 0.260091 0.36924 0.461489 0.215897 0.183805 0.216756 0.138305 0.335106
threshold=1.6604520661713547 -1.6108946557649009 -0.42329602052623633 0.59984983164983185 0.89886292538976909 -0.94695140419349666 1.346865725366341 0.91707416107382567 -1.472589131684876 -1.6562519875823425 1.5746605060778964 1.6485880053329718 1.4189654929577467 -1.6565130441320199 -0.75799053381708159 -1.5966896086369768 1.2666654566574709 1.6837895206243034 -0.053690293582563435 1.3036798326189021 0.059862308429118924 -0.77820973154362405 -1.69426839672947 1.6463382651234937 1.6471963392397964 1.2794756897549684 -1.0680831294066337 0.77654755895290994 -1.6375790412486062 -0.20925442976243003 0.98548367963877093 1.6228051901884111 0.58442036518123497 -1.5845704821494293 -0.039055183946488263 1.1176169524669077
decision_type=2 2 2 2 2 2 2 2 2 2 2 2 2 2 2 2 2 2 2 2 2 2 2 2 2 2 2 2 2 2 2 2 2 2 2 2
left_child=1 7 5 18 12 26 8 11 -7 -10 -11 17 24 -2 -6 -15 -16 25 28 20 21 -20 -17 -18 31 -1 27 32 -4 30 -30 -5 33 -3 35 -21
right_child=13 2 3 4 14 6 -8 -9 9 10 -12 -13 -14 15 16 22 23 -19 19 34 -22 -23 -24 -25 -26 -27 -28 -29 29 -31 -32 -33 -34 -35 -36 -37
leaf_value=-0.0021943481054524732 0 0 0 -0.001009757688360481 0 0 0 0 0 0.00080677221965563036 0 0 0 0 0 0 0.0012906415831538368 0 0 -0.00039328039589371666 0 0.00064132262793688635 -0.002134628193330526 0 0 0 0 0 -0.00030387047316995702 0 0 0 0 -0.0007637072886973968 0 0
leaf_weight=5123 713 380 2407 31842 3918 5886 4311 2973 840 63328 2602 84 3667 132 6040 135 3585 45 524 7071 9801 37694 5051 100 1874 37 11299 2472 31527 18569 7753 794 50 5426 3184 851
leaf_count=5123 713 380 2407 31842 3918 5886 4311 2973 840 63328 2602 84 3667 132 6040 135 3585 45 524 7071 9801 37694 5051 100 1874 37 11299 2472 31527 18569 7753 794 50 5426 3184 851
internal_value=-7.08137e-05 0 5.4461e-06 -0.000105269 -0.000460652 0.000306971 0.000469802 -0.00121281 0.000575163 0.000671871 0.000734512 -0.00181802 -0.000831158 -0.00162639 0 -0.00191908 0.00055404 -0.00204183 0 0.000165112 0.000355407 0.000537124 -0.0020461 0.00113547 -0.000943195 -0.00214364 0 -0.000346317 -6.25092e-05 -0.000123275 -0.000213152 -0.000989439 -0.000623471 -0.000680959 0 -0.000201653
internal_weight=282088 276057 267795 171201 51820 96594 76967 8262 72656 66770 65930 5289 38177 6031 13643 5318 9725 5205 119381 59125 48019 38218 5186 3685 34510 5160 19627 8328 60256 57849 39280 32636 5856 5806 11106 7922
internal_count=282088 276057 267795 171201 51820 96594 76967 8262 72656 66770 65930 5289 38177 6031 13643 5318 9725 5205 119381 59125 48019 38218 5186 3685 34510 5160 19627 8328 60256 57849 39280 32636 5856 5806 11106 7922
is_linear=0
shrinkage=0.05


Tree=34
num_leaves=31
num_cat=0
split_feature=1 5 4 0 0 4 3 1 3 1 0 0 6 1 4 4 0 6 1 1 6 6 1 0 3 6 0 3 6 6
split_gain=5.92506 14.1449 3.93313 2.54071 2.76756 3.47756 1.52623 1.40794 1.30799 3.79194 2.52061 3.26182 2.00384 1.54699 1.09284 0.549746 0.483945 1.31445 0.38311 0.540463 0.486114 0.279893 0.348661 0.261301 0.187799 0.186981 0.169793 0.174453 0.107703 0.0131769
threshold=-0.90786865308604425 0.59984983164983185 0.47734828822148084 -1.6818607239643824 0.6408539211653399 1.659267256390611 -1.6818607239643824 1.5645187350228744 0.88353666003367526 -0.055213460256781054 1.6602182902854048 0.58442036518123497 1.6100689638600543 1.6214969405594408 0.49174511529660275 1.700072262773723 -0.59884317673378062 -1.472589131684876 1.2657120641676218 1.5746605060778964 -1.2886718352233275 1.4915954522738633 1.3019596055040454 -0.16799354329245633 -0.84746541569647971 1.6228051901884111 1.6837895206243034 -1.4606310115589625 0.22486673876472008 1.7242333333333335
decision_type=2 2 2 2 2 2 2 2 2 2 2 2 2 2 2 2 2 2 2 2 2 2 2 2 2 2 2 2 2 2
left_child=1 16 8 -4 5 6 -5 14 18 -10 11 -11 13 -13 -8 -3 24 -18 23 20 -20 22 -22 28 25 -1 27 -19 -2 -30
right_child=2 15 3 4 -6 -7 7 -9 9 10 -12 12 -14 -15 -16 -17 17 26 19 -21 21 -23 -24 -25 -26 -27 -28 -29 29 -31
leaf_value=-0.00046981238231018146 0 -0.0015944136103305938 0 0 0 0 0 0 0 0 0 -0.0014303519479359329 0 0 0.00093087630652402336 0 0 0 0 0 0 0 0.00068937612977004498 0 0 0 0 0.00038580790884173359 -0.00024336150594296403 0
leaf_weight=7634 31693 20270 1319 357 24706 2864 597 1836 9566 1646 2262 17682 1121 953 46284 294 3623 70 1846 3835 1249 512 9660 35676 5449 48 49 29519 19413 55
leaf_count=7634 31693 20270 1319 357 24706 2864 597 1836 9566 1646 2262 17682 1121 953 46284 294 3623 70 1846 3835 1249 512 9660 35676 5449 48 49 29519 19413 55
internal_value=-7.2443e-05 -0.000490816 1.10604e-05 0.000330471 0.000439689 0.00064499 0.000784279 0.000834833 -9.64473e-05 -0.000366894 -0.00076074 -0.000961733 -0.00118354 -0.00132029 0.000893346 -0.00156263 0 9.92812e-05 0 0.000203054 0.000387582 0.000524006 0.000589676 -5.1147e-05 -0.000252798 -0.000403571 0.000346096 0.000366124 -0.000130556 -0.000239623
internal_weight=282088 66956 215132 77963 76644 51938 49074 48717 137169 33230 23664 21402 19756 18635 46881 20564 46392 33261 103939 17102 13267 11421 10909 86837 13131 7682 29638 29589 51161 19468
internal_count=282088 66956 215132 77963 76644 51938 49074 48717 137169 33230 23664 21402 19756 18635 46881 20564 46392 33261 103939 17102 13267 11421 10909 86837 13131 7682 29638 29589 51161 19468
is_linear=0
shrinkage=0.05


Tree=35
num_leaves=26
num_cat=0
split_feature=6 1 6 2 3 4 6 1 1 1 2 1 1 6 3 2 1 3 4 1 5 2 5 3 1
split_gain=5.61853 4.84759 2.56842 3.50638 1.97639 2.20113 1.60339 2.44964 1.55322 1.74781 1.39739 1.33519 1.13396 0.772302 0.6891 0.957649 0.432889 0.208045 0.203079 0.176057 0.223729 0.110698 0.0194474 0.145575 0.11472
threshold=1.6604520661713547 -1.5746282066579165 -1.2601271777003482 -0.42491078575034774 -1.6562519875823425 -1.6100689638600538 0.09963163028898922 0.51929522184300347 -0.90786865308604425 1.5645187350228744 -1.6375790412486062 -1.1425258741258737 -1.5966896086369768 1.6360099158307391 -1.5707782622860436 -1.7068173553904511 1.6463382651234937 1.6604520661713547 1.4789283385988667 -1.5411596305250757 -1.4170763656633218 1.6720433884761288 0.30989292196007251 -1.3197980275202263 -1.5208414339965126
decision_type=2 2 2 2 2 2 2 2 2 2 2 2 2 2 2 2 2 2 2 2 2 2 2 2 2
left_child=1 10 16 6 -5 -6 22 11 -7 -10 -1 -8 -2 -13 -14 -16 17 19 -12 -3 -21 -22 23 -4 -25
right_child=12 2 3 4 5 8 7 -9 9 -11 18 13 14 -15 15 -17 -18 -19 -20 20 21 -23 -24 24 -26
leaf_value=0 0 0 0 0 0 0 0 0 0.00053362289837237018 0 -0.0015794342491748778 -0.0008123743145123743 0 0 0 -0.0020204066232180156 0 0 0 0 -0.00048354670154353351 0 0 0 0.0001619856300492257
leaf_weight=146 145 676 946 3072 4373 29809 7013 18358 101634 5316 5881 23449 847 373 121 4918 288 32 536 5140 30206 262 11626 849 26072
leaf_count=146 145 676 946 3072 4373 29809 7013 18358 101634 5316 5881 23449 847 373 121 4918 288 32 536 5140 30206 262 11626 849 26072
internal_value=-7.1596e-05 0 0 9.48642e-05 0.000268137 0.000329123 -7.15744e-05 -0.000299535 0.000389665 0.000479626 -0.00130246 -0.000580591 -0.00153086 -0.000755477 -0.00168358 -0.00188896 -0.000340845 -0.00038264 -0.00149365 -0.00040081 -0.0004193 -0.000472156 0 4.13404e-05 0.000122478
internal_weight=282088 276057 269494 232890 144204 141132 88686 49193 136759 106950 6563 30835 6031 23822 5886 5039 36604 36316 6417 36284 35608 30468 39493 27867 26921
internal_count=282088 276057 269494 232890 144204 141132 88686 49193 136759 106950 6563 30835 6031 23822 5886 5039 36604 36316 6417 36284 35608 30468 39493 27867 26921
is_linear=0
shrinkage=0.05


Tree=36
num_leaves=31
num_cat=0
split_feature=6 6 4 3 3 1 2 2 0 6 4 3 1 2 6 1 1 6 0 1 3 1 4 3 0 4 6 6 1 1
split_gain=5.17935 4.38149 2.93739 4.702 4.10833 2.85574 2.65701 1.7705 1.51364 1.37303 4.55269 1.38092 1.35031 2.05556 1.2812 1.27995 1.26651 1.25982 2.3286 1.23204 0.941126 0.42691 0.331945 0.235267 0.0817565 0.2455 0.00128784 0.000421291 1.66837e-05 0.161176
threshold=1.5850780926390684 -1.5971549182524789 -0.88007041826018328 -0.42329602052623633 -1.6562519875823425 -1.0648521762934573 -0.37007138535995149 -1.2037323736780257 1.5338106382978727 0.58457996940096513 -1.3760785730300686 -1.3603714566204441 0.10941491228070167 -1.4558866286281318 -1.556400666498843 1.5746605060778964 1.6463382651234937 -0.65354971115840665 -0.19584252061248522 -1.5273628026412323 1.6879917274939176 -1.6544031478091876 1.5971549182524793 -1.5976169909020517 0.32253563218390813 1.5061828904223562 1.5208414339965131 -1.3462005965697239 0.57278981740938273 1.6032739837398375
decision_type=2 2 2 2 2 2 2 2 2 2 2 2 2 2 2 2 2 2 2 2 2 2 2 2 2 2 2 2 2 2
left_child=1 8 9 4 26 -6 12 -7 16 28 11 -11 13 -5 -15 -9 23 24 -19 -20 21 -13 -2 -1 -8 -26 27 -4 -3 -30
right_child=22 2 3 6 5 7 17 15 -10 10 -12 20 -14 14 -16 -17 -18 18 19 -21 -22 -23 -24 -25 25 -27 -28 -29 29 -31
leaf_value=0 -0.0011151132583611251 0 0 0 0 0 0 0.00090726489921139596 0 0 0 0 0 0 -0.00087372036617312614 0 0 0 0 0.00054551939920182378 0 -0.0018404556861890355 0 -0.0013174698031261829 -0.00026311319721717238 0 0 -3.4451522014750402e-05 -0.00017034252699671282 0
leaf_weight=146 11697 29074 71 5134 11953 8194 9352 49189 84 1285 11704 20 21633 300 21638 1909 79 4108 2389 44614 162 6775 599 10037 11237 1236 251 3019 13307 892
leaf_count=146 11697 29074 71 5134 11953 8194 9352 49189 84 1285 11704 20 21633 300 21638 1909 79 4108 2389 44614 162 6775 599 10037 11237 1236 251 3019 13307 892
internal_value=-7.25825e-05 0 1.54879e-05 0.000145663 0.000460368 0.000603981 0 0.000746232 -0.000998369 -0.000225005 -0.000569718 -0.00143009 -0.00032619 -0.000558313 -0.000781653 0.000854871 -0.00116338 0.000137924 0.00029662 0.00046682 -0.00168872 -0.00179816 -0.00105886 -0.00128746 0 -0.00012513 0 -2.96149e-05 0 -1.67989e-06
internal_weight=282088 269792 259446 196227 74586 71245 121641 59292 10346 63219 19946 8242 48705 27072 21938 51098 10262 72936 51111 47003 6957 6795 12296 10183 21825 12473 3341 3090 43273 14199
internal_count=282088 269792 259446 196227 74586 71245 121641 59292 10346 63219 19946 8242 48705 27072 21938 51098 10262 72936 51111 47003 6957 6795 12296 10183 21825 12473 3341 3090 43273 14199
is_linear=0
shrinkage=0.05


Tree=37
num_leaves=32
num_cat=0
split_feature=5 5 0 1 5 1 0 3 6 6 1 6 6 1 2 2 2 6 5 2 3 0 3 1 2 3 5 5 0 0 0
split_gain=4.93826 5.28689 3.88018 2.40935 3.23942 6.76012 5.22558 2.25474 1.8235 2.30031 1.78057 2.33132 1.94297 2.36068 1.19524 0.885319 0.830886 0.79766 0.588804 0.585919 0.512687 0.510169 0.489215 0.486557 0.425919 0.160515 0.73906 0.113973 0.0118991 1.17959 0.145497
threshold=1.5324515819750721 -1.6951091451427021 -1.2322871905791875 1.2908380046163268 0.59984983164983185 -0.75799053381708159 -1.1897584219858153 0.44569734165431169 -0.46153855278766315 0.63769130272489749 1.5746605060778964 1.4789283385988667 -1.2886718352233275 1.3452159403219475 1.2779056014959991 1.72117679623086 -1.556400666498843 -0.39414277071990317 -1.6565130441320199 -1.69426839672947 1.71748639669335 1.6953421404682276 1.0496310734463279 -1.5648113821922596 1.700072262773723 1.0000000180025095e-35 -1.3049841326866651 -0.11693349042993169 -1.2322871905791875 -1.5976169909020517 1.6720433884761288
decision_type=2 2 2 2 2 2 2 2 2 2 2 2 2 2 2 2 2 2 2 2 2 2 2 2 2 2 2 2 2 2 2
left_child=1 16 -2 4 6 15 18 10 25 14 11 12 -5 -14 -10 20 -1 -4 -3 -19 -6 -18 23 -20 -21 26 -8 -27 29 -7 -30
right_child=2 3 17 7 5 28 8 -9 9 -11 -12 -13 13 -15 -16 -17 21 19 22 24 -22 -23 -24 -25 -26 27 -28 -29 30 -31 -32
leaf_value=0 0 0 0 0 -0.0011745444591722744 0 0.00051376371690473586 0 0.00065331408998499092 0 0 0 0 0.0017455369881478812 0 0 -0.0024549354204897369 0 0 -0.0015490312026315198 0 0 0 -0.00084994214313569092 0 -0.00012562728036426656 0 0 -0.0001054013765670766 0.00056233918803854385 0
leaf_weight=63 4265 250 499 2263 19746 3158 7467 13130 45074 28216 4607 479 2589 10138 5813 97 2168 239 714 11131 36 35 51 15034 609 25371 28579 8102 32920 8812 433
leaf_count=63 4265 250 499 2263 19746 3158 7467 13130 45074 28216 4607 479 2589 10138 5813 97 2168 239 714 11131 36 35 51 15034 609 25371 28579 8102 32920 8812 433
internal_value=-7.36431e-05 0 -0.000895055 3.12124e-06 -1.34996e-05 -0.000340945 5.46581e-05 0.000420842 0.000203664 0.000367256 0.00075004 0.00100069 0.00118596 0.00141798 0.000566176 -0.00109534 -0.00215445 -0.00134372 -0.000665662 -0.00142692 -0.00114637 -0.00234367 -0.000734667 -0.000785061 -0.00148138 0 8.69074e-05 -6.05004e-05 0 4.12077e-05 -1.57663e-05
internal_weight=282088 265345 16743 263079 229873 65202 164671 33206 148622 79103 20076 15469 14990 12727 50887 19879 2266 12478 16049 11979 19782 2203 15799 15748 11740 69519 36046 33473 45323 11970 33353
internal_count=282088 265345 16743 263079 229873 65202 164671 33206 148622 79103 20076 15469 14990 12727 50887 19879 2266 12478 16049 11979 19782 2203 15799 15748 11740 69519 36046 33473 45323 11970 33353
is_linear=0
shrinkage=0.05


Tree=38
num_leaves=50
num_cat=0
split_feature=1 4 0 0 4 2 6 3 1 1 0 0 3 4 4 6 4 2 1 4 4 3 6 3 6 2 1 3 2 2 6 6 2 6 1 2 4 4 3 2 2 2 6 4 0 0 0 4 6
split_gain=4.55097 3.06003 2.21853 2.21342 3.17724 1.91224 4.49638 4.28696 3.75609 1.76135 1.33394 3.88599 1.14915 1.13729 1.03685 0.995095 2.48156 1.84433 1.07186 0.860584 0.749916 0.739069 1.18615 0.908253 0.85954 0.674822 0.639458 0.536625 0.474942 0.441969 0.32408 0.317219 0.316988 0.204731 0.156022 0.332239 0.278462 0.144253 0.133937 0.122651 0.103333 0.0562762 0.013354 0.819963 0.4004 0.298472 0.646815 0.268943 0.204782
threshold=-0.90786865308604425 0.47734828822148084 -1.6818607239643824 0.6408539211653399 1.452958885017422 0.4723424242424244 0.26548316268486927 -1.3347424616905583 -0.78499524749579574 1.5645187350228744 1.4406821810215236 -0.59884317673378062 -1.6818607239643824 0.49174511529660275 -1.6689768824963915 -0.20878742443714596 -1.5118557232241441 1.5324515819750721 1.4870395038255373 1.5328033867539232 0.46428793583237854 1.0000000180025095e-35 -1.6816926975463558 0.76143617747440284 1.4001850917045264 -1.2884247982391781 1.4870395038255373 -1.4606310115589625 -1.5835445179913401 -1.1491691866527629 1.6722369007803792 -1.3722678160919537 -1.0368428093645483 1.5591352709898969 1.2908380046163268 0.5968657064337245 0.35324662507919491 -1.6689768824963915 1.1593409296436972 -1.69426839672947 1.700072262773723 1.6837895206243034 -0.83184507982759659 -0.48004406415545736 -1.1222459556330522 1.133238222438077 -1.3286694366127514 -1.6557242703533024 -0.87126844509793611
decision_type=2 2 2 2 2 2 2 2 2 2 2 2 2 2 2 2 2 2 2 2 2 2 2 2 2 2 2 2 2 2 2 2 2 2 2 2 2 2 2 2 2 2 2 2 2 2 2 2 2
left_child=10 5 -3 4 9 6 42 -8 -9 12 11 19 -4 -14 -12 34 -17 18 20 25 -18 22 -13 29 27 -1 -10 -24 -29 -23 38 -16 -25 40 35 -7 37 -37 -27 -33 -31 -34 43 -2 -45 46 -44 -48 -46
right_child=1 2 3 -5 -6 15 7 8 26 -11 14 21 13 -15 31 16 17 -19 -20 -21 -22 23 24 32 -26 30 -28 28 -30 33 -32 39 41 -35 -36 36 -38 -39 -40 -41 -42 -43 45 44 48 -47 47 -49 -50
leaf_value=0 0 0 0 0 0 0 0 0 -0.001187527190710531 0 0 0 0 0.0009558398261345258 0 0 0.00096559778978942169 0 0 0 0 0 0 0 0 -0.0010327793358910515 0 0 0.00086938261691765827 -0.00055344586863072286 0 0 0.00028689937977177064 0 0 0 0 -0.0003842723123644163 0 -0.001844351486035802 0 0 0 0 -0.00064976241338916016 0 0 0.00036523746778902429 0
leaf_weight=3192 12445 1319 274 24706 11210 1998 5342 1335 27079 1567 89 315 597 38290 85 2743 18571 5126 1908 1223 134 2094 121 3587 466 14750 2907 106 11975 12956 107 42 10756 154 3481 441 889 14842 22 4774 63 79 3053 1338 7858 2244 673 22425 337
leaf_count=3192 12445 1319 274 24706 11210 1998 5342 1335 27079 1567 89 315 597 38290 85 2743 18571 5126 1908 1223 134 2094 121 3587 466 14750 2907 106 11975 12956 107 42 10756 154 3481 441 889 14842 22 4774 63 79 3053 1338 7858 2244 673 22425 337
internal_value=-7.20057e-05 0 0.00028481 0.000392839 0.000576439 -9.63528e-05 -0.00026298 -0.000681554 -0.000937148 0.000784052 -0.000436076 -0.000162617 0.000865896 0.000909819 -0.00161464 0 0.000292572 0.000574656 0.000792245 -0.000756323 0.000910325 0 0.00036901 -4.77414e-06 0.000602682 -0.000851398 -0.00110626 0.000737949 0.000809769 -0.000378576 -0.0009918 -0.00176698 0 -0.000495454 0 -0.000144228 -0.000269929 -0.000347603 -0.00102142 -0.00182163 -0.000534685 0.000263472 0 0 -0.000450201 3.39435e-05 0.000170769 0.000318139 -0.000589613
internal_weight=282088 215132 77963 76644 51938 137169 87036 36663 31321 40728 66956 61966 39161 38887 4990 50133 28482 25739 20613 19294 18705 42672 12983 29689 12668 18071 29986 12202 12081 15267 14879 4901 14422 13173 21651 18170 16172 15283 14772 4816 13019 10835 50373 21978 9533 28395 26151 23098 8195
internal_count=282088 215132 77963 76644 51938 137169 87036 36663 31321 40728 66956 61966 39161 38887 4990 50133 28482 25739 20613 19294 18705 42672 12983 29689 12668 18071 29986 12202 12081 15267 14879 4901 14422 13173 21651 18170 16172 15283 14772 4816 13019 10835 50373 21978 9533 28395 26151 23098 8195
is_linear=0
shrinkage=0.05


Tree=39
num_leaves=26
num_cat=0
split_feature=6 1 6 2 3 4 2 1 1 4 6 1 1 1 3 2 2 2 3 1 3 4 1 5 2
split_gain=4.27455 4.0351 1.95395 2.57043 1.71007 1.89325 1.27907 1.16496 1.31056 1.15191 1.50277 1.4869 1.02153 0.625219 0.578697 0.858145 0.569872 0.868956 0.527789 0.386643 0.18777 0.183024 0.163394 0.202851 0.100479
threshold=1.6604520661713547 -1.5746282066579165 -1.2601271777003482 -0.42491078575034774 -1.6562519875823425 -1.6100689638600538 -1.6375790412486062 1.5645187350228744 -0.90786865308604425 0.56084006119806995 0.09963163028898922 1.4870395038255373 -1.5966896086369768 -1.5100840717626911 -1.5707782622860436 -1.7068173553904511 -1.371855911330049 -1.6559890696492119 -1.6818607239643824 1.6463382651234937 1.6604520661713547 1.4789283385988667 -1.5411596305250757 -1.4170763656633218 1.6720433884761288
decision_type=2 2 2 2 2 2 2 2 2 2 2 2 2 2 2 2 2 2 2 2 2 2 2 2 2
left_child=1 6 19 9 -5 -6 -1 8 -7 10 -4 13 -2 -12 -14 -16 17 -11 -19 20 22 -8 -3 -24 -25
right_child=12 2 3 4 5 7 21 -9 -10 16 11 -13 14 -15 15 -17 -18 18 -20 -21 -22 -23 23 24 -26
leaf_value=0 0 0 0 0 0 0 -0.0014586153777475786 0 0.00047302135510886068 0 0 0 0 -0.00063930237141686071 0 -0.0018246195978536069 0 0 0.00083509532482580959 0 0 0 0 -0.00044197067401258801 0
leaf_weight=146 145 676 26279 3072 4373 29809 5881 5316 101634 1610 1101 2446 847 29131 121 4918 21526 124 6469 288 32 536 5140 30206 262
leaf_count=146 145 676 26279 3072 4373 29809 5881 5316 101634 1610 1101 2446 847 29131 121 4918 21526 124 6469 288 32 536 5140 30206 262
internal_value=-7.23672e-05 -4.35125e-06 0 7.9453e-05 0.000230214 0.000290371 -0.00118861 0.000348515 0.000385245 -5.03728e-05 -0.000228414 -0.000454265 -0.00135621 -0.000585984 -0.00150846 -0.00169582 0 0.000402729 0.0007081 -0.000302872 -0.000344449 -0.00137812 -0.000362604 -0.000381084 -0.000430812
internal_weight=282088 276057 269494 232890 144204 141132 6563 136759 131443 88686 58957 32678 6031 30232 5886 5039 29729 8203 6593 36604 36316 6417 36284 35608 30468
internal_count=282088 276057 269494 232890 144204 141132 6563 136759 131443 88686 58957 32678 6031 30232 5886 5039 29729 8203 6593 36604 36316 6417 36284 35608 30468
is_linear=0
shrinkage=0.05


Tree=40
num_leaves=34
num_cat=0
split_feature=5 5 0 0 5 4 0 0 3 1 2 5 3 5 4 1 2 2 5 1 2 3 1 3 0 4 1 1 4 1 3 3 1
split_gain=4.23096 4.81024 5.7426 3.05328 3.28273 3.24401 2.62091 2.19533 1.93382 1.47417 1.24114 2.98098 2.6022 1.52415 1.12602 0.956499 1.36407 0.908732 0.845177 0.811777 0.78789 0.782448 0.899148 0.730648 0.669613 0.55342 0.391618 0.329421 0.305633 0.221417 0.0927069 0.285075 0.0261765
threshold=-1.6951091451427021 1.2252884045077108 -1.1073197231833907 -1.1897584219858153 0.85899276585483497 0.45003698630136985 1.6471963392397964 1.2410205100629901 -1.1958653008359821 -1.5567107023411368 0.4851372880934009 -0.4913150782361308 -0.51991054881514243 1.1843161097880734 -0.53253792919882881 1.2657120641676218 -1.4558866286281318 1.2650480077982211 -1.5567107023411368 1.5645187350228744 -1.556400666498843 0.65024251511257081 1.442176089517079 -0.71091581569115803 -0.77820973154362405 -1.4170763656633218 -1.6544031478091876 -1.5966896086369768 -1.5830260882640401 -0.47806325926633092 -1.6818607239643824 -0.45237146104179932 0.61464574071849098
decision_type=2 2 2 2 2 2 2 2 2 2 2 2 2 2 2 2 2 2 2 2 2 2 2 2 2 2 2 2 2 2 2 2 2
left_child=20 3 30 4 18 10 15 8 -7 -10 11 14 -13 -14 28 16 -4 23 -2 -11 -1 22 26 -12 -25 -22 -20 -18 -5 -16 -3 -32 -6
right_child=1 2 6 5 32 7 -8 -9 9 19 17 12 13 -15 29 -17 27 -19 21 -21 25 -23 -24 24 -26 -27 -28 -29 -30 -31 31 -33 -34
leaf_value=0 0 0 0 0 0 0 0 0 0 0.00067627191908822988 0 0 -0.0007409334173894992 0 0 0 0 0 0 0 0 0 0 0 0.00056291814506108622 -0.0024400618543216693 -0.00096301182984003366 -0.0014620296718328707 0.00043848767975325926 -0.00021929046960679683 0.00031219749986381804 0 0.00012790770370569416
leaf_weight=63 783 2535 2080 2449 4475 2933 6236 7800 1894 61058 7435 9947 34272 822 6403 2944 391 17374 130 1765 203 206 2265 422 23119 2000 20266 17848 18034 10930 9109 478 3419
leaf_count=63 783 2535 2080 2449 4475 2933 6236 7800 1894 61058 7435 9947 34272 822 6403 2944 391 17374 130 1765 203 206 2265 422 23119 2000 20266 17848 18034 10930 9109 478 3419
internal_value=-7.30662e-05 -1.61206e-05 -0.000530094 3.16848e-05 -0.000345308 0.000139664 -0.000933552 0.000399794 0.000508473 0.000586682 0 -0.000127921 -0.000439636 -0.000655382 0 -0.00117228 -0.00129701 0.000188438 -0.000704823 0.000642343 -0.00205421 -0.000776837 -0.000832459 0.000356441 0.000491868 -0.00224116 -0.000935399 -0.00143156 0.000365572 0 0 0.000150976 0
internal_weight=282088 279822 41621 238201 31544 206657 29499 75450 67650 64717 131207 82857 45041 35094 37816 23263 20319 48350 23650 62823 2266 22867 22661 30976 23541 2203 20396 18239 20483 17333 12122 9587 7894
internal_count=282088 279822 41621 238201 31544 206657 29499 75450 67650 64717 131207 82857 45041 35094 37816 23263 20319 48350 23650 62823 2266 22867 22661 30976 23541 2203 20396 18239 20483 17333 12122 9587 7894
is_linear=0
shrinkage=0.05


Tree=41
num_leaves=37
num_cat=0
split_feature=1 5 4 4 3 6 3 6 2 6 3 1 2 6 4 2 1 4 1 4 6 3 1 2 5 5 6 6 3 5 4 2 5 4 6 6
split_gain=3.91683 10.891 2.18854 1.53455 2.44103 2.91539 1.55367 1.56325 1.40632 3.66486 3.78645 3.4296 1.03508 0.712373 2.1936 1.62114 0.970201 0.69667 0.516036 0.473808 0.219249 0.751205 0.159253 0.325923 0.670737 0.801997 0.10825 0.048091 0.131589 0.0163202 0.0964404 0.250237 0.333921 0.0122839 0.00188875 0.00166048
threshold=-0.90786865308604425 0.59984983164983185 0.47734828822148084 1.659267256390611 0.73457438115837548 1.2122198222354637 -1.6562519875823425 -1.6816926975463558 0.4723424242424244 0.26548316268486927 -1.3347424616905583 -0.78499524749579574 -1.6818607239643824 -0.20878742443714596 -1.5118557232241441 1.5324515819750721 1.4870395038255373 0.46428793583237854 1.4870395038255373 1.700072262773723 -0.65354971115840665 -1.0680831294066337 1.2908380046163268 0.5968657064337245 0.073357806412945772 -1.5845704821494293 1.6360099158307391 -1.38699828141263 1.2794756897549684 0.25381205915813432 -0.58874378654970749 -1.4721532636134149 -1.6253274354281062 -1.6941449707672114 -0.87126844509793611 -1.6941449707672114
decision_type=2 2 2 2 2 2 2 2 2 2 2 2 2 2 2 2 2 2 2 2 2 2 2 2 2 2 2 2 2 2 2 2 2 2 2 2
left_child=1 20 8 4 5 6 -4 -8 9 29 -11 -12 -9 22 -15 16 17 -16 -13 33 27 -22 23 -10 25 -25 -23 28 -1 30 31 -2 -33 -3 35 -31
right_child=2 19 3 -5 -6 -7 7 12 13 10 11 18 -14 14 15 -17 -18 -19 -20 -21 21 26 -24 24 -26 -27 -28 -29 -30 34 -32 32 -34 -35 -36 -37
leaf_value=-0.00031327919593556245 0 0 0 0 0 0 0 0 0 0 0 -0.001091386630347502 0.00083654109619488853 0 0.00089918326087382581 0 0 0 0 0 0 0.00031911552679825625 0 0 0 -0.00068205245891672628 0 0 0 0 0 0 0.00032209518245338503 -0.0013847695637681362 0 -4.1496152955233979e-05
leaf_weight=6238 1540 173 829 4584 21052 5032 728 391 1998 5342 1335 27079 45347 2743 18571 5126 1908 134 2907 294 3813 23740 3481 900 5331 9941 218 12196 187 78 17593 842 16213 20097 9535 4572
leaf_count=6238 1540 173 829 4584 21052 5032 728 391 1998 5342 1335 27079 45347 2743 18571 5126 1908 134 2907 294 3813 23740 3481 900 5331 9941 218 12196 187 78 17593 842 16213 20097 9535 4572
internal_value=-7.08045e-05 -0.000407395 0 0.000240235 0.000336394 0.000523002 0.000674179 0.000738299 -8.25338e-05 -0.000225469 -0.000604646 -0.000850612 0.000798766 0 0.000247545 0.000525379 0.000730759 0.000844159 -0.00101766 -0.00134824 0 0.000107572 0 -0.000145714 -0.000269075 -0.000502993 0.000299836 -0.000107048 -0.000220382 0 3.33113e-05 0.000121247 0.000226841 -0.00137848 0 -3.00446e-05
internal_weight=282088 66956 215132 77963 73379 52327 47295 46466 137169 87036 36663 31321 45738 50133 28482 25739 20613 18705 29986 20564 46392 27771 21651 18170 16172 10841 23958 18621 6425 50373 36188 18595 17055 20270 14185 4650
internal_count=282088 66956 215132 77963 73379 52327 47295 46466 137169 87036 36663 31321 45738 50133 28482 25739 20613 18705 29986 20564 46392 27771 21651 18170 16172 10841 23958 18621 6425 50373 36188 18595 17055 20270 14185 4650
is_linear=0
shrinkage=0.05


Tree=42
num_leaves=36
num_cat=0
split_feature=6 0 4 3 1 6 2 2 6 3 6 0 6 0 1 2 4 4 0 1 1 6 1 0 6 2 0 2 2 3 3 0 0 0 0
split_gain=3.59785 4.54028 2.77702 4.10394 3.56509 2.6714 2.6229 2.28279 2.18537 1.70926 1.61041 1.66447 1.26695 1.26242 1.2504 1.2651 1.2502 1.33993 1.46424 1.19423 0.987433 0.863748 0.784725 0.595538 0.580106 0.492615 0.391549 0.331487 0.275715 0.218864 0.271338 0.511982 0.186394 0.147831 0.0293253
threshold=1.6604520661713547 -1.6419261081138259 -1.4587531123607784 -0.42329602052623633 0.059554083518983746 -0.85899276585483475 1.0355844583069354 1.3175129520552284 1.4789283385988667 -1.6818607239643824 -0.51628106725146194 -0.50432404076738591 1.6360099158307391 -1.6565130441320199 -0.026862709832134353 1.5450759947154811 -1.0331519925402433 0.56084006119806995 1.5718975784531752 1.6609253623188407 0.76332508998026249 1.145295288975231 -1.5966896086369768 1.5462826103300504 1.6360099158307391 -1.69426839672947 1.3337236952861955 1.6837895206243034 -1.69426839672947 -1.2779056014959986 -0.65721916376306611 -0.27655972222222219 1.6953421404682276 -1.625678099257031 1.2410205100629901
decision_type=2 2 2 2 2 2 2 2 2 2 2 2 2 2 2 2 2 2 2 2 2 2 2 2 2 2 2 2 2 2 2 2 2 2 2
left_child=1 12 5 4 29 -3 16 10 9 -6 -8 -12 20 -2 -7 28 -5 18 -18 -11 27 23 -15 -9 -23 -24 -19 -1 -16 33 31 -31 -30 -4 -35
right_child=13 2 3 6 8 14 7 21 -10 19 11 -13 -14 22 15 -17 17 26 -20 -21 -22 24 25 -25 -26 -27 -28 -29 32 30 -32 -33 -34 34 -36
leaf_value=-0.0021285260976822025 0 0 0 0 0 0 0 -0.00048183050178200417 0 0.00085697430405790281 0 0.001374199453976734 0 0 0 0 -0.00047699653712800547 1.2086334086711581e-05 0 0 0 0.00068360002404996756 0 0 0 -0.0017251251045271058 -0.0003704943442450401 0 -0.0016100021761057516 0.00032768489090305854 0 0 0 -0.00024466904535516313 0
leaf_weight=3353 713 5551 331 17391 338 7312 4226 11046 1489 44503 112 8130 204 132 95 625 61997 40040 2935 469 2477 4553 135 1000 364 5051 6507 22 7038 20353 9528 2823 67 11121 57
leaf_count=3353 713 5551 331 17391 338 7312 4226 11046 1489 44503 112 8130 204 132 95 625 61997 40040 2935 469 2477 4553 135 1000 364 5051 6507 22 7038 20353 9528 2823 67 11121 57
internal_value=-7.10033e-05 -5.38009e-06 0 7.25659e-05 0.000353953 -0.000514342 -2.51811e-05 0.000291824 0.000655975 0.000750544 0.000795749 0.00118018 -0.00130822 -0.00125486 -0.000884801 -0.00135489 -0.000178013 -0.000253965 -0.000401816 0.000813205 -0.00150269 0 -0.00151658 -0.00030962 0.000415438 -0.00164099 0 -0.00207267 -0.00154585 0 9.32666e-05 0.000201844 -0.00158395 -0.000145976 -0.00023095
internal_weight=282088 276057 270001 249313 91012 20688 158301 29431 46799 45310 12468 8242 6056 6031 15137 7825 128870 111479 64932 44972 5852 16963 5318 12046 4917 5186 46547 3375 7200 44213 32704 23176 7105 11509 11178
internal_count=282088 276057 270001 249313 91012 20688 158301 29431 46799 45310 12468 8242 6056 6031 15137 7825 128870 111479 64932 44972 5852 16963 5318 12046 4917 5186 46547 3375 7200 44213 32704 23176 7105 11509 11178
is_linear=0
shrinkage=0.05


Tree=43
num_leaves=32
num_cat=0
split_feature=5 5 0 4 6 1 0 6 5 1 3 0 6 1 0 6 6 5 4 4 6 5 5 1 4 0 5 6 5 6 1
split_gain=3.86813 3.99996 3.17369 2.23333 2.62291 2.53149 3.10522 4.13257 2.50842 2.0049 1.85101 1.56939 3.82731 1.4359 1.18445 0.969612 0.717046 1.20235 1.03819 1.3324 0.689869 0.577271 0.758822 0.568414 0.511464 0.346847 0.408931 0.235243 0.162181 0.00411955 0.000226079
threshold=-1.6951091451427021 1.5324515819750721 -1.2322871905791875 -1.4298930555555553 -0.84619466470619098 0.079051210773412386 0.66820253952446174 1.2122198222354637 0.59984983164983185 -0.75799053381708159 0.65024251511257081 -0.7085372390007455 -0.32796764506441917 -1.5746282066579165 -1.69426839672947 -1.106833215547703 1.1176169524669077 0.24001688443255326 1.4789283385988667 -1.27996301369863 -0.39414277071990317 -1.4039313424096032 0.086955799908568041 -1.6544031478091876 -1.4170763656633218 1.6347157246119208 1.4001850917045264 1.7242333333333335 -1.6375790412486062 -0.95458251643409053 0.16303714578104814
decision_type=2 2 2 2 2 2 2 2 2 2 2 2 2 2 2 2 2 2 2 2 2 2 2 2 2 2 2 2 2 2 2
left_child=24 3 -3 4 -2 8 7 14 11 10 -10 21 29 -14 -7 -16 18 -18 19 -8 -4 -5 -23 -6 -1 26 28 -19 -25 -13 -9
right_child=1 2 20 5 23 6 16 30 9 -11 -12 12 13 -15 15 -17 17 27 -20 -21 -22 22 -24 25 -26 -27 -28 -29 -30 -31 -32
leaf_value=0 0 0 0 0 0 0 0 0 -0.0012365452610374101 0 0 0 0 0.00072421044391998376 0 0.000736057233591429 0 0.00069222964410128743 0 -0.00059048064503244391 -0.0012527232161547858 -0.00049532476891075831 0 0 -0.0021549287151671095 0 0 0 -0.00096148810555473285 -2.5505124915496333e-05 -9.247679709563905e-06
leaf_weight=205 6124 4265 499 2423 45 306 1114 340 9725 16630 8525 20646 1538 31839 16753 57207 2055 7104 2013 21304 11979 13986 5925 241 2061 157 793 62 14945 15251 6028
leaf_count=205 6124 4265 499 2423 45 306 1114 340 9725 16630 8525 20646 1538 31839 16753 57207 2055 7104 2013 21304 11979 13986 5925 241 2061 157 793 62 14945 15251 6028
internal_value=-6.96533e-05 -1.35885e-05 -0.00076172 0 -0.000422222 7.89242e-05 0.000261065 0.000438157 -5.14695e-06 -0.000415383 -0.000768823 4.11205e-05 0.000234631 0.000628502 0.000588515 0.000622492 0 9.50259e-05 -0.00026102 -0.000432373 -0.00117358 -0.000100994 -0.000286063 -0.00079662 -0.00196474 -0.000849304 -0.000883469 0.000632007 -0.000940539 0 0
internal_weight=282088 279822 16743 263079 22305 240774 114286 80634 126488 34880 18250 91608 69274 33377 74266 73960 33652 9221 24431 22418 12478 22334 19911 16181 2266 16136 15979 7166 15186 35897 6368
internal_count=282088 279822 16743 263079 22305 240774 114286 80634 126488 34880 18250 91608 69274 33377 74266 73960 33652 9221 24431 22418 12478 22334 19911 16181 2266 16136 15979 7166 15186 35897 6368
is_linear=0
shrinkage=0.05


Tree=44
num_leaves=30
num_cat=0
split_feature=5 5 3 4 1 3 6 1 3 1 6 5 5 3 4 6 6 2 2 1 5 3 6 1 4 5 2 2 3
split_gain=3.51902 3.55071 2.01214 1.88539 2.4778 3.9006 2.41101 2.09164 1.67954 2.86144 1.63769 1.55503 1.16398 2.92297 1.49485 0.92082 0.811271 0.75539 0.729654 0.673316 1.26391 0.909747 0.543267 0.538166 0.489531 0.264177 0.16429 0.138619 0.121477
threshold=-1.6951091451427021 1.5324515819750721 -0.42329602052623633 -1.4298930555555553 1.2657120641676218 0.44569734165431169 -0.84619466470619098 1.5939021526418788 -1.5567107023411368 0.66977195182233584 1.4789283385988667 1.4898976074614765 -1.3197980275202263 0.03111551052624777 -0.94890344982078834 -1.2886718352233275 -0.84619466470619098 -1.69426839672947 -1.556400666498843 -0.90786865308604425 -0.22272996515679441 -0.97063958589226174 1.6228051901884111 -1.6544031478091876 -1.4170763656633218 1.4001850917045264 1.700072262773723 -1.7068173553904511 1.6604520661713547
decision_type=2 2 2 2 2 2 2 2 2 2 2 2 2 2 2 2 2 2 2 2 2 2 2 2 2 2 2 2 2
left_child=18 3 -3 6 8 7 -2 10 9 11 15 22 13 14 -10 -6 -4 -18 -1 20 -14 -21 -5 -8 -20 27 -19 -25 -29
right_child=1 2 16 4 5 -7 23 -9 12 -11 -12 -13 19 -15 -16 -17 17 26 24 21 -22 -23 -24 25 -26 -27 -28 28 -30
leaf_value=0 0 0 0 -0.0018219487632578858 0 0 0 0 0 0 0 0 0 0 0.0011190257003557337 0.0014325720438191762 0 -0.001276390897272015 0 0.00031561409202804927 -0.00039343506529399257 0 0 0 -0.0022600016494314875 0 0 -0.00087979160344938865 0
leaf_weight=63 6124 5183 193 4346 2354 12695 45 3217 1824 2110 489 296 19814 11536 10757 13447 284 10651 203 25407 28676 103613 193 64 2000 855 432 15154 63
leaf_count=63 6124 5183 193 4346 2354 12695 45 3217 1824 2110 489 296 19814 11536 10757 13447 284 10651 203 25407 28676 103613 193 64 2000 855 432 15154 63
internal_value=-7.04119e-05 -1.51452e-05 -0.000718409 0 7.103e-05 0.000475499 -0.000390829 0.000924352 0 -0.000724991 0.00115208 -0.00143221 3.46744e-05 0.000357302 0.000891488 0.00127155 -0.00107274 -0.0011572 -0.00188674 0 -0.000167024 4.92499e-05 -0.00171146 -0.000753757 -0.00207258 -0.000806325 -0.00123839 -0.00085255 -0.00086702
internal_weight=282088 279822 16743 263079 240774 32202 22305 19507 208572 6945 16290 4835 201627 24117 12581 15801 11560 11367 2266 177510 48490 129020 4539 16181 2203 16136 11083 15281 15217
internal_count=282088 279822 16743 263079 240774 32202 22305 19507 208572 6945 16290 4835 201627 24117 12581 15801 11560 11367 2266 177510 48490 129020 4539 16181 2203 16136 11083 15281 15217
is_linear=0
shrinkage=0.05


Tree=45
num_leaves=39
num_cat=0
split_feature=0 6 5 1 3 2 5 2 6 5 6 6 0 0 3 1 5 0 0 1 0 2 2 0 6 1 0 3 6 5 0 3 5 2 3 0 0 3
split_gain=3.22129 3.94647 3.88072 2.58626 2.26054 2.37688 4.99874 2.18063 2.34484 2.20679 2.0956 3.37714 1.41494 1.49712 1.37523 1.61898 1.32022 1.29063 1.2217 1.16342 1.19222 1.06853 1.06617 1.24189 0.865362 0.833581 0.823932 0.378422 0.296686 0.293297 0.862716 1.39648 0.246092 0.118863 0.17173 0.0368984 0.0664106 0.000414151
threshold=-1.5976169909020517 1.6604520661713547 1.3599184638450008 1.4557332442933466 -0.42329602052623633 1.0355844583069354 0.19821525096525108 1.3175129520552284 1.145295288975231 1.1036590493149332 0.68026781609195408 -1.1492574925074923 -0.50432404076738591 1.5976169909020521 -1.6562519875823425 1.5746605060778964 1.0755754299754303 -1.5126171389586023 0.30882455507455514 1.4189654929577467 1.6347157246119208 -1.69426839672947 -1.69426839672947 -1.3834214046822741 1.6360099158307391 -1.6261388692579504 1.5462826103300504 1.3469071922886802 -1.6941449707672114 -0.95838868974506797 -0.31649856126003323 1.035625897417791 -1.5845704821494293 0.017774181063298176 -0.39639280303030294 -1.314555477031802 1.1741540667361836 -1.2361289549376797
decision_type=2 2 2 2 2 2 2 2 2 2 2 2 2 2 2 2 2 2 2 2 2 2 2 2 2 2 2 2 2 2 2 2 2 2 2 2 2 2
left_child=2 4 3 21 10 6 29 9 18 12 11 37 -7 -14 -13 17 -3 -16 -9 20 28 -1 -18 -24 32 -25 -20 -23 -8 33 -31 -32 -10 34 -6 -12 -37 -2
right_child=1 16 -4 -5 5 7 19 8 24 -11 35 14 13 -15 15 -17 22 -19 26 -21 -22 27 23 25 -26 -27 -28 -29 -30 30 31 -33 -34 -35 -36 36 -38 -39
leaf_value=0 -1.4989746056287703e-05 0 0 0 0 0 0 0 0 0 0 0 0.0013096442653409257 0 0 0 0 0.00075322050457236097 -0.00093348970773664503 0 0 -0.0023480881478347136 0 0 0 -0.0021654182018345423 0 0 -0.00071892245765396202 0 0.00043950550891394351 0 0.00094006574414122717 0 -0.00019559140381664557 -0.00013159588267114958 0 0
leaf_weight=175 4027 985 4645 718 327 213 134 2263 25 2360 7660 459 10646 156 2782 1678 115 50720 9700 5034 2430 4708 124 44 384 3902 1045 25 47794 8995 31824 7671 4846 13718 21591 14333 435 13397
leaf_count=175 4027 985 4645 718 327 213 134 2263 25 2360 7660 459 10646 156 2782 1678 115 50720 9700 5034 2430 4708 124 44 384 3902 1045 25 47794 8995 31824 7671 4846 13718 21591 14333 435 13397
internal_value=-6.84082e-05 0 -0.000929512 -0.00175317 0 -7.39905e-05 -0.000204778 0.000176831 0 0.000680304 0.000221445 0.000367576 0.00101625 0.00116741 0.000571981 0.00062571 -0.0013098 0.000691735 -0.000531915 -0.00057291 -0.000646344 -0.00215722 -0.00166212 -0.00184501 0.000587935 -0.00204527 -0.000780471 -0.00230425 -0.0007072 0 0.000111633 0.000262824 0.000875686 -5.79746e-05 -0.000136448 0 -7.75236e-05 0
internal_weight=282088 271817 10271 5626 266647 171156 139518 31638 18263 13375 95491 73063 11015 10802 55639 55180 5170 53502 13008 55392 50358 4908 4185 4070 5255 3946 10745 4733 47928 84126 48490 39495 4871 35636 21918 22428 14768 17424
internal_count=282088 271817 10271 5626 266647 171156 139518 31638 18263 13375 95491 73063 11015 10802 55639 55180 5170 53502 13008 55392 50358 4908 4185 4070 5255 3946 10745 4733 47928 84126 48490 39495 4871 35636 21918 22428 14768 17424
is_linear=0
shrinkage=0.05


Tree=46
num_leaves=35
num_cat=0
split_feature=5 4 6 5 0 2 6 3 0 2 0 2 2 4 3 0 6 5 3 2 4 5 6 5 0 5 0 3 0 5 5 2 5 5
split_gain=3.19685 3.01117 3.32951 1.77019 2.75554 2.65021 2.86149 2.49305 2.08339 1.95411 1.95149 0.711883 0.696686 0.455061 0.425888 2.78754 1.54783 2.64424 1.42947 2.16223 1.50589 0.329146 0.564866 0.374686 0.322353 0.321091 0.307789 0.0322734 0.896783 1.60738 0.836055 0.0271026 2.51454e-05 0.0203586
threshold=-1.6951091451427021 -1.4587531123607784 -0.85899276585483475 1.2252884045077108 -1.1073197231833907 0.63894708705424952 -0.20878742443714596 1.4001850917045264 1.6471963392397964 1.6343865887125644 -0.36965984804208057 -1.4558866286281318 -1.556400666498843 -1.4170763656633218 -0.65721916376306611 -0.59884317673378062 -1.2046550505665894 -1.1261571690054908 -1.1391181321065875 -0.19554242424242413 -1.2666654566574704 0.073357806412945772 -1.3027424242424239 1.0620713853599517 1.6347157246119208 -1.5976169909020517 -1.6818607239643824 -1.6818607239643824 -1.6818607239643824 1.3599184638450008 1.6347157246119208 1.6343865887125644 0.85899276585483497 -1.5567107023411368
decision_type=2 2 2 2 2 2 2 2 2 2 2 2 2 2 2 2 2 2 2 2 2 2 2 2 2 2 2 2 2 2 2 2 2 2
left_child=12 2 -2 5 27 14 -7 9 11 10 -8 -6 -1 -14 18 16 -16 -18 32 20 -20 22 -17 -23 25 -4 -27 -5 -29 -30 -31 -28 33 -3
right_child=1 3 24 4 8 6 7 -9 -10 -11 -12 -13 13 -15 15 21 17 -19 19 -21 -22 23 -24 -25 -26 26 31 28 29 30 -32 -33 -34 -35
leaf_value=0 0 0 0 0 0 0 0 0 0 0 0.0012269428560076588 -0.0009155142830120285 0 -0.0021695347274934859 0 0 0 -0.0012960305775917167 0 0 0.00096452214430654381 -0.00020967268116977019 0.00019385202181691253 0 0 0 -0.0011128761816703908 0 0 0.0012539576084579431 0 0 0 -5.7554275655552168e-05
leaf_weight=63 5505 526 362 2297 2173 32895 9284 2268 5835 2955 20319 19243 203 2000 2787 10441 2174 10215 852 8758 13526 27944 50451 4479 519 248 14239 659 2796 4781 692 606 5190 14803
leaf_count=63 5505 526 362 2297 2173 32895 9284 2268 5835 2955 20319 19243 203 2000 2787 10441 2174 10215 852 8758 13526 27944 50451 4479 519 248 14239 659 2796 4781 692 606 5190 14803
internal_value=-6.86911e-05 -1.42469e-05 -0.000586368 0 -0.000264807 8.74716e-05 0.000348853 0.000660913 -0.000588149 0.000809182 0.000938471 -0.000821255 -0.00180436 -0.00198872 0 -7.92437e-05 -0.00069695 -0.000942583 9.26589e-05 0.000408281 0.000790979 0 9.06856e-05 -9.80537e-05 -0.000980284 -0.00102094 -0.00105717 0 9.2114e-05 0.000512295 0.00102344 -0.00108878 0 -1.98776e-06
internal_weight=282088 279822 21479 258343 38476 219867 67721 34826 27251 32558 29603 21416 2266 2203 152146 108491 15176 12389 43655 23136 14378 93315 60892 32423 15974 15455 15093 11225 8928 8269 5473 14845 20519 15329
internal_count=282088 279822 21479 258343 38476 219867 67721 34826 27251 32558 29603 21416 2266 2203 152146 108491 15176 12389 43655 23136 14378 93315 60892 32423 15974 15455 15093 11225 8928 8269 5473 14845 20519 15329
is_linear=0
shrinkage=0.05


Tree=47
num_leaves=38
num_cat=0
split_feature=1 5 3 0 6 0 6 2 1 0 1 0 2 1 1 2 1 6 1 6 5 3 5 6 3 2 5 0 6 0 3 3 6 2 2 1 6
split_gain=2.97842 8.33922 0.966684 4.16861 2.28303 2.17205 1.74167 2.04556 1.68726 1.80823 1.42069 1.27696 1.52038 1.2291 0.872175 0.636209 0.559226 0.54818 0.69927 0.63997 0.397677 0.367587 0.367499 0.905114 1.10489 0.233946 0.227199 0.198726 1.05313 0.148789 0.15497 0.136896 0.135508 0.114772 0.0452778 0.0224033 0.00113428
threshold=-0.90786865308604425 0.59984983164983185 -0.42329602052623633 -0.36965984804208057 1.2122198222354637 -1.4712559614593166 -1.6104832358907049 -1.2037323736780257 1.5746605060778964 0.099295957173655178 -0.7996040387340575 0.5968657064337245 1.0213240661736822 0.13754119146065744 -0.69078799813506075 -1.6375790412486062 0.20317758962478202 -1.3462005965697239 1.6214969405594408 1.533482767617828 1.700072262773723 -0.56067547759221414 -0.039055183946488263 1.7050629821052907 1.0000000180025095e-35 0.88538812992460747 -1.5567107023411368 -0.59884317673378062 -1.472589131684876 1.6837895206243034 -1.3197980275202263 -0.84746541569647971 1.6228051901884111 -1.69426839672947 -1.69426839672947 1.1014540767386094 1.7050629821052907
decision_type=2 2 2 2 2 2 2 2 2 2 2 2 2 2 2 2 2 2 2 2 2 2 2 2 2 2 2 2 2 2 2 2 2 2 2 2 2
left_child=1 27 4 10 5 35 -7 -8 9 -9 -4 14 13 -13 -5 -12 -6 -16 19 -19 21 26 -14 24 -24 33 -18 31 -29 30 -30 32 -1 -15 -3 -2 -32
right_child=2 34 3 11 16 6 7 8 -10 -11 15 12 22 25 17 -17 20 18 -20 -21 -22 -23 23 -25 -26 -27 -28 28 29 -31 36 -33 -34 -35 -36 -37 -38
leaf_value=-0.00034283174224533956 -8.1909669665336182e-05 0 0 0 0 0 0 0.00079804932282986928 0 0 0 0 0 0 0 -0.0010832849660984301 0 0.00050671232085178924 0 0 0 0 0 0 0.00069833662318755563 0 -0.00077826259428418008 0 0 0 0.00034693127490568993 0 0 -0.00052860793799311856 -0.0011930689744055149 0 0
leaf_weight=7634 7767 270 677 4321 3837 2373 6037 48515 2026 2999 989 18295 5664 327 6811 13071 94 36522 486 472 281 240 472 644 11607 1816 5883 3623 164 49 29390 5449 48 29160 20294 3746 35
leaf_count=7634 7767 270 677 4321 3837 2373 6037 48515 2026 2999 989 18295 5664 327 6811 13071 94 36522 486 472 281 240 472 644 11607 1816 5883 3623 164 49 29390 5449 48 29160 20294 3746 35
internal_value=-6.79834e-05 -0.000359994 0 -5.88519e-05 0.000152402 0.00032104 0.000457036 0.000538052 0.0006452 0.000716549 -0.000842718 0 -9.07691e-05 -0.000294968 0.00023111 -0.000992774 -5.73951e-05 0.000327334 0.0004029 0.000459296 -0.000450084 -0.00059766 0 0.000262789 0.000501305 -0.000483014 -0.000714422 0 7.92023e-05 0.000306838 0.000326546 -0.000144049 -0.000275413 -0.00051657 -0.00118317 0 0.000346593
internal_weight=282088 66956 215132 131334 83798 73463 61950 59577 53540 51514 14737 116597 67985 49598 48612 14060 10335 44291 37480 36994 6498 6217 18387 12723 12079 31303 5977 46392 33261 29638 29589 13131 7682 29487 20564 11513 29425
internal_count=282088 66956 215132 131334 83798 73463 61950 59577 53540 51514 14737 116597 67985 49598 48612 14060 10335 44291 37480 36994 6498 6217 18387 12723 12079 31303 5977 46392 33261 29638 29589 13131 7682 29487 20564 11513 29425
is_linear=0
shrinkage=0.05


Tree=48
num_leaves=40
num_cat=0
split_feature=6 6 4 0 0 3 3 3 3 6 5 0 0 4 2 5 6 6 4 5 0 2 5 5 6 5 5 2 6 4 5 2 5 3 2 2 0 4 2
split_gain=2.89238 3.57244 3.1408 2.3079 4.40925 2.50846 1.83545 1.67573 1.53849 1.94944 1.47707 1.3671 1.29792 1.05516 1.47514 1.711 1.09614 1.5321 0.817445 0.755596 2.139 3.02266 0.725585 1.25446 0.677048 0.6 0.545475 0.571541 0.97973 0.697274 0.459509 0.470674 0.422436 0.352458 0.278961 0.12648 0.119651 0.693192 0.0627018
threshold=-1.5971549182524789 0.63769130272489749 -0.78100322835377167 0.6408539211653399 -0.87249639918951227 -0.93015275424249111 -1.3475278308647873 -0.42329602052623633 0.54117855389578506 -1.3319434487253401 -1.4606310115589625 1.5338106382978727 1.6602182902854048 -0.28981394349041051 1.4267127673197593 0.6128980263157896 0.72257954818553227 1.5850780926390684 1.5840593031875463 0.059862308429118924 -1.5268215010141983 -1.1756715066896473 0.43322324414715729 -0.75017833421059221 -1.5118557232241441 1.4647534262485484 -0.091981389870435845 1.0213240661736822 0.5968657064337245 1.5971549182524793 -1.6694043675622621 -1.69426839672947 0.19821525096525108 -1.5976169909020517 -1.4143713845424368 1.72117679623086 -1.1897584219858153 1.2799630136986304 1.6720433884761288
decision_type=2 2 2 2 2 2 2 2 2 2 2 2 2 2 2 2 2 2 2 2 2 2 2 2 2 2 2 2 2 2 2 2 2 2 2 2 2 2 2
left_child=11 3 12 4 5 19 -6 18 9 -7 -11 25 35 16 15 -15 -4 30 24 36 -21 -22 23 -9 -8 33 -5 28 29 32 -18 -32 -28 -1 -17 -3 37 -2 -35
right_child=1 2 13 26 6 8 7 22 -10 10 -12 -13 -14 14 -16 34 17 -19 -20 20 21 -23 -24 -25 -26 -27 27 -29 -30 -31 31 -33 -34 38 -36 -37 -38 -39 -40
leaf_value=0 -0.00056463565269767853 -0.00089803250558715569 0 0 0 0 0 0 0 0 -0.0013832781467709374 0 0 0 0 0 0 0 0 0 0 0.0010498757590713785 0 0.00047906826692647038 0.0010226245819450453 0 0 0 0 0 0 0.00097113111297559532 -0.00075596926521033579 -0.001175288374397472 -0.00069114371093794336 0 0 0 0
leaf_weight=133 5793 22934 1024 19068 1121 1296 1226 30749 437 717 9185 84 1372 20330 6710 4003 63 1728 1108 5050 1709 12840 8552 25124 27431 69 2764 6026 558 783 92 9742 14261 9981 21319 202 5581 844 79
leaf_count=133 5793 22934 1024 19068 1121 1296 1226 30749 437 717 9185 84 1372 20330 6710 4003 63 1728 1108 5050 1709 12840 8552 25124 27431 69 2764 6026 558 783 92 9742 14261 9981 21319 202 5581 844 79
internal_value=-7.04435e-05 0 -0.000289493 8.68908e-05 0.000219425 -8.43433e-06 0.000429983 0.000485273 -0.000716668 -0.000926931 -0.00119596 -0.000888887 -0.000783539 0 -0.000184307 -0.000344479 0.0002519 0.000541558 0.000917719 0 0.000305953 0.000691583 0.000120847 0.000221242 0.000971607 -0.00105425 -0.000100055 -0.000268815 -0.000413107 -0.000555905 0.000840956 0.000906523 -0.00064945 -0.00112151 -0.000613951 -0.000886714 0 -0.000203573 -0.00116461
internal_weight=282088 271742 89519 182223 138763 43452 95311 94190 11635 11198 9902 10346 24508 65011 52362 45652 12649 11625 29765 31817 19599 14549 64425 55873 28657 10262 43460 24392 18366 17808 9897 9834 17025 10193 25322 23136 12218 6637 10060
internal_count=282088 271742 89519 182223 138763 43452 95311 94190 11635 11198 9902 10346 24508 65011 52362 45652 12649 11625 29765 31817 19599 14549 64425 55873 28657 10262 43460 24392 18366 17808 9897 9834 17025 10193 25322 23136 12218 6637 10060
is_linear=0
shrinkage=0.05


Tree=49
num_leaves=31
num_cat=0
split_feature=5 5 3 1 3 5 1 4 5 3 6 5 4 2 1 2 3 1 6 4 1 3 2 2 1 4 5 5 2 2
split_gain=2.86292 2.5886 1.62001 1.53209 2.26961 2.56048 1.88627 1.7836 2.0991 2.04446 2.01962 1.17901 2.52328 1.75892 1.20429 1.15488 1.79953 1.08745 0.712947 0.699053 0.697912 0.773926 0.663071 0.655769 0.467789 0.426449 0.420973 0.185736 0.137095 0.101728
threshold=-1.6951091451427021 1.5324515819750721 -0.42329602052623633 1.2908380046163268 -1.2509252548396146 1.4001850917045264 0.035131832134512368 -1.5118557232241441 -1.0570582100872201 0.046599854888445418 1.4789283385988667 0.59984983164983185 0.40869065656565662 -0.23493641114982569 0.61464574071849098 1.4771372618835679 -0.6163693890126557 1.6214969405594408 -0.84619466470619098 -1.6375790412486062 -0.04364318181818188 -0.9572072164948453 -1.556400666498843 -1.69426839672947 0.10941491228070167 -1.4170763656633218 -0.34133187723249825 -1.6820275855440212 1.700072262773723 -1.6691913763281441
decision_type=2 2 2 2 2 2 2 2 2 2 2 2 2 2 2 2 2 2 2 2 2 2 2 2 2 2 2 2 2 2
left_child=22 3 -3 4 5 6 27 -5 -9 10 17 12 20 24 -15 16 -13 -10 -4 -18 26 -22 -1 -20 -14 -24 -6 -2 -25 -29
right_child=1 2 18 7 11 -7 -8 8 9 -11 -12 15 13 14 -16 -17 19 -19 23 -21 21 -23 25 28 -26 -27 -28 29 -30 -31
leaf_value=0 0 0 0 0 0.00018787796881106518 0 0 0 0.0015006619903295485 0 0 0 -0.00011873666956289951 0.0007612699082833156 0 0 0 0 0 -0.00053495958219331168 0 -0.00030930482231978371 0 -0.001130259149797285 0.00030749846707635092 -0.0020781201141076597 0 0 0 -0.0011667124210660359
leaf_weight=63 52 5183 193 2103 32914 2645 12688 5890 11105 12288 537 8736 15275 25989 6926 4432 884 1283 284 35757 4412 36523 203 10651 9423 2000 20706 156 432 12355
leaf_count=63 52 5183 193 2103 32914 2645 12688 5890 11105 12288 537 8736 15275 25989 6926 4432 884 1283 284 35757 4412 36523 203 10651 9423 2000 20706 156 432 12355
internal_value=-6.85351e-05 -1.49463e-05 -0.000614145 0 -2.07387e-05 -0.000450256 -0.000686506 0.00033231 0.000508422 0.000721781 0.00117192 0 0.000104933 0.000370542 0.000608127 -0.000158481 -0.000300601 0.00134892 -0.000933687 -0.000482114 0 -0.000197227 -0.00171999 -0.00101736 0 -0.00190282 4.8951e-05 -0.00113358 -0.0010958 -0.00115134
internal_weight=282088 279822 16743 263079 229873 27896 25251 33206 31103 25213 12925 201977 152168 57613 32915 49809 45377 12388 11560 36641 94555 40935 2266 11367 24698 2203 53620 12563 11083 12511
internal_count=282088 279822 16743 263079 229873 27896 25251 33206 31103 25213 12925 201977 152168 57613 32915 49809 45377 12388 11560 36641 94555 40935 2266 11367 24698 2203 53620 12563 11083 12511
is_linear=0
shrinkage=0.05


Tree=50
num_leaves=33
num_cat=0
split_feature=0 6 6 6 2 1 6 0 0 0 4 1 0 2 3 4 4 2 1 2 4 0 1 2 0 3 0 3 2 2 3 3
split_gain=2.63739 3.12438 1.95111 1.79107 2.07657 1.70553 3.20587 1.69369 1.6564 2.18292 1.61641 1.44805 1.47105 1.60811 1.1431 1.18079 1.03915 0.77354 0.717797 0.716108 0.696031 0.518397 0.412432 0.303673 0.401708 0.197569 0.184314 0.0612489 0.060267 0.0137552 0.000319576 0.363266
threshold=-1.5976169909020517 1.6604520661713547 -1.2601271777003482 0.25235579774614475 1.0213240661736822 1.2657120641676218 1.6360099158307391 1.133238222438077 -1.314555477031802 0.84691615675990684 -1.3760785730300686 -0.73320806340793088 -0.88595256055653326 1.570778262286044 -1.6562519875823425 1.1594687794755709 0.54838801099278611 -1.6559890696492119 -1.5966896086369768 1.6837895206243034 1.0235067498416106 1.5338106382978727 1.6463382651234937 -1.7068173553904511 -1.5268215010141983 -0.94337336576467001 -1.5567107023411368 1.4278366264607878 1.6720433884761288 -1.556400666498843 -0.65721916376306611 -1.6104832358907049
decision_type=2 2 2 2 2 2 2 2 2 2 2 2 2 2 2 2 2 2 2 2 2 2 2 2 2 2 2 2 2 2 2 2
left_child=5 2 20 7 8 6 17 11 30 16 -6 -4 25 -14 -12 -16 -10 -1 -3 29 21 22 26 -20 -25 -13 -2 -11 -28 -19 31 -5
right_child=1 18 3 4 10 -7 -8 -9 9 27 14 12 13 -15 15 -17 -18 19 23 -21 -22 -23 -24 24 -26 -27 28 -29 -30 -31 -32 -33
leaf_value=0 0 0 0 0 0 0 0 0 -0.00071789288677977714 8.0146221463403458e-05 0 0.00013485107882878241 0.00061177088480728265 0 0.00081299778457492042 0 0 0 0 0 0 0 0 0 -0.0014424623213631362 -0.00019250103152186656 -0.00052417664912838148 -5.5433200732335304e-05 0 -0.0018947713553431021 0 0.00031792290644371029
leaf_weight=486 165 129 31717 657 2613 2280 862 10649 28823 16700 423 14268 57090 1871 17702 4297 14714 528 67 55 8005 146 202 91 4883 5461 28543 13126 238 6060 825 8412
leaf_count=486 165 129 31717 657 2613 2280 862 10649 28823 16700 423 14268 57090 1871 17702 4297 14714 528 67 55 8005 146 202 91 4883 5461 28543 13126 238 6060 825 8412
internal_value=-6.54718e-05 0 0 8.2217e-05 0 -0.000848079 -0.00118657 0.000222687 -0.000187828 -0.000309841 0.000295294 0.000304135 0.000418539 0.000543124 0.000522281 0.000635963 -0.000533481 -0.00161397 -0.00116542 -0.00174581 -0.000296207 -0.000411696 -0.000462514 -0.00130712 -0.00136595 0 -0.000500303 0 -0.00051711 -0.00182235 0 9.099e-06
internal_weight=282088 271817 266647 229348 108292 10271 7991 121056 83257 73363 25035 110407 78690 58961 22422 21999 43537 7129 5170 6643 37299 29294 29148 5041 4974 19729 28946 29826 28781 6588 9894 9069
internal_count=282088 271817 266647 229348 108292 10271 7991 121056 83257 73363 25035 110407 78690 58961 22422 21999 43537 7129 5170 6643 37299 29294 29148 5041 4974 19729 28946 29826 28781 6588 9894 9069
is_linear=0
shrinkage=0.05


Tree=51
num_leaves=33
num_cat=0
split_feature=5 4 6 3 3 5 2 6 6 6 0 0 0 2 4 2 4 4 5 0 0 2 6 6 0 5 0 2 6 6 2 6
split_gain=2.60156 2.44522 2.96349 1.05555 2.545 2.05513 3.13875 1.98382 1.7704 1.60546 1.27578 1.22078 1.40616 1.07248 0.933692 0.630206 0.541831 0.888569 1.13811 0.401341 0.318389 0.306343 0.293353 0.32394 0.298555 0.286484 0.301536 0.130425 0.045766 1.26115 0.0187888 0.0114325
threshold=-1.6951091451427021 -1.4587531123607784 -0.85899276585483475 -0.42329602052623633 -1.6562519875823425 0.59984983164983185 0.89886292538976909 1.3204286088943842 -1.1492574925074923 -0.32796764506441917 -0.18259142125480149 -1.4712559614593166 0.099295957173655178 1.5324515819750721 1.6343865887125644 -1.556400666498843 -0.54808768984010814 1.5201158008658011 -1.1824160065886682 1.6953421404682276 1.6347157246119208 -1.6818607239643824 1.5208414339965131 -1.5835445179913401 1.1741540667361836 -1.5976169909020517 -1.6818607239643824 -1.6559890696492119 1.6722369007803792 1.2666654566574709 1.6343865887125644 -1.6941449707672114
decision_type=2 2 2 2 2 2 2 2 2 2 2 2 2 2 2 2 2 2 2 2 2 2 2 2 2 2 2 2 2 2 2 2
left_child=15 2 -2 4 22 9 21 8 -6 16 -11 -10 -13 14 -12 -1 -5 18 -18 -17 25 -7 23 -3 27 -4 -27 -25 29 -8 -28 -23
right_child=1 3 20 5 7 6 28 -9 11 10 13 12 -14 -15 -16 19 17 -19 -20 -21 -22 31 -24 24 -26 26 30 -29 -30 -31 -32 -33
leaf_value=0 0 0 0 0 0 0 0 0 0 0 0.00053389365729173278 0.00065236469441270844 0 0 0 -0.001930578165678213 0 0 -0.00051339989042002341 0 0 0 0 0 0 0 -0.0010351067885281985 -0.00088101091703272872 0 0.00076058556342863712 0 -0.00061665123925588004
leaf_weight=63 5505 55 362 15581 15995 1016 8003 6874 9972 10027 41087 55841 3273 2585 1116 2168 10407 3476 25076 35 519 60 1325 82 36 248 14239 3616 1328 5067 606 36445
leaf_count=63 5505 55 362 15581 15995 1016 8003 6874 9972 10027 41087 55841 3273 2585 1116 2168 10407 3476 25076 35 519 60 1325 82 36 248 14239 3616 1328 5067 606 36445
internal_value=-6.53474e-05 -1.25344e-05 -0.000528306 0 0.000154753 -4.30749e-05 -0.000321844 0.000295114 0.000389843 0 0.00025747 0.000500401 0.000585966 0.000388899 0.00047228 -0.00164104 -7.8698e-05 -0.000207105 -0.00032958 -0.00182205 -0.000905229 -0.000590483 -0.000335735 -0.000560997 -0.000711627 -0.00094636 -0.000980804 -0.000827711 0 9.15503e-05 -0.00101307 -0.000615526
internal_weight=282088 279822 21479 258343 97069 161274 51919 91955 85081 109355 54815 69086 59114 44788 42203 2266 54540 38959 35483 2203 15974 37521 5114 3789 3734 15455 15093 3698 14398 13070 14845 36505
internal_count=282088 279822 21479 258343 97069 161274 51919 91955 85081 109355 54815 69086 59114 44788 42203 2266 54540 38959 35483 2203 15974 37521 5114 3789 3734 15455 15093 3698 14398 13070 14845 36505
is_linear=0
shrinkage=0.05


Tree=52
num_leaves=39
num_cat=0
split_feature=6 6 0 5 0 0 3 3 4 3 4 6 3 6 5 4 0 3 4 5 5 5 6 5 2 0 4 5 5 6 2 4 3 4 3 0 4 2
split_gain=2.33304 2.75938 2.7881 2.02533 1.86001 3.87343 2.17171 1.68814 1.4618 2.15542 1.45669 2.03732 1.45147 1.84629 1.39503 1.24786 1.24783 1.10746 0.756413 0.647192 0.614258 1.14462 0.601133 0.585063 1.91519 2.67158 0.570199 0.552787 0.403017 0.475183 0.969391 0.707362 0.379527 0.365716 0.329611 0.0905693 0.636886 0.0552157
threshold=-1.5971549182524789 0.63769130272489749 0.84691615675990684 1.5186493110596271 0.6408539211653399 -0.87249639918951227 -0.93015275424249111 -1.3475278308647873 0.25595502618599703 -1.3347424616905583 -1.4587531123607784 0.76386024125746321 0.54117855389578506 -1.3319434487253401 -1.4606310115589625 0.87397966880994304 1.5338106382978727 -0.42329602052623633 1.5840593031875463 -1.4874964912280699 0.43322324414715729 -0.75017833421059221 -1.5690692524321554 0.059862308429118924 -1.04982992402104 -1.5840593031875461 1.5840593031875463 1.4647534262485484 -0.091981389870435845 0.5968657064337245 1.0355844583069354 1.5971549182524793 1.6347157246119208 -1.6816926975463558 -1.5976169909020517 -1.1897584219858153 1.2799630136986304 1.6720433884761288
decision_type=2 2 2 2 2 2 2 2 2 2 2 2 2 2 2 2 2 2 2 2 2 2 2 2 2 2 2 2 2 2 2 2 2 2 2 2 2 2
left_child=16 4 8 10 5 6 23 -7 9 -3 -4 -12 13 -8 -15 19 27 18 22 -13 21 -19 -9 35 -25 -26 -5 34 -6 30 31 33 -11 -30 -1 36 -2 -36
right_child=1 2 3 26 28 7 12 17 -10 32 11 15 -14 14 -16 -17 -18 20 -20 -21 -22 -23 -24 24 25 -27 -28 -29 29 -31 -32 -33 -34 -35 37 -37 -38 -39
leaf_value=0 -0.00053415562475067461 0 0 -0.00065411054570968063 0 0 0 0 0 -0.0010427267437464836 0 0 0 0 -0.0013257812844586687 0 0 0 0 0.00092303115213036759 0 0.00044763216835032516 0.00092371586956142447 0 0 0.00095482563107274806 0 0 0 0 0 0 0 -0.00065918735818784255 -0.0010893880938581122 0 0 0
leaf_weight=133 5793 7893 2248 9625 19068 1121 1296 397 21360 20485 2514 302 437 717 9185 6747 84 30749 1108 17723 8552 25124 28260 3668 2330 13601 569 69 221 749 5707 788 53 16927 9981 5581 844 79
leaf_count=133 5793 7893 2248 9625 19068 1121 1296 397 21360 20485 2514 302 437 717 9185 6747 84 30749 1108 17723 8552 25124 28260 3668 2330 13601 569 69 221 749 5707 788 53 16927 9981 5581 844 79
internal_value=-6.61895e-05 0 -0.000256816 0 7.23148e-05 0.000195026 -9.96831e-06 0.000395232 -0.000506308 -0.000755677 0.000265454 0.000454789 -0.000666932 -0.000877134 -0.00114227 0.000654399 -0.000804434 0.000450098 0.000836119 0.000866716 0.000107658 0.000201365 0.000888969 0 0.000269222 0.000615266 -0.000522465 -0.000969449 -8.33599e-05 -0.000229347 -0.000321352 -0.000515725 -0.00101962 -0.000614444 -0.0010364 0 -0.000177114 -0.00107934
internal_weight=282088 271742 89519 39728 182223 138763 43452 95311 49791 28431 29534 27286 11635 11198 9902 24772 10346 94190 29765 18025 64425 55873 28657 31817 19599 15931 10194 10262 43460 24392 23643 17936 20538 17148 10193 12218 6637 10060
internal_count=282088 271742 89519 39728 182223 138763 43452 95311 49791 28431 29534 27286 11635 11198 9902 24772 10346 94190 29765 18025 64425 55873 28657 31817 19599 15931 10194 10262 43460 24392 23643 17936 20538 17148 10193 12218 6637 10060
is_linear=0
shrinkage=0.05


Tree=53
num_leaves=35
num_cat=0
split_feature=5 4 6 5 3 2 4 6 0 4 4 0 0 3 4 0 5 3 2 6 2 4 4 5 4 0 5 0 2 5 3 5 2 3
split_gain=2.28686 2.09125 2.71359 0.888367 2.34992 2.48106 1.58128 0.807453 2.34948 1.86936 1.16682 1.07579 2.17281 3.80064 2.24738 1.47031 1.44992 1.31031 1.16636 0.857772 0.597124 0.399094 0.391209 0.383137 0.334026 0.300006 0.264843 0.281151 0.244443 0.0196446 0.773822 0.231026 0.00633402 0.000817427
threshold=-1.6951091451427021 -1.4587531123607784 -0.85899276585483475 -1.3197980275202263 0.03111551052624777 0.017774181063298176 -0.96310018303843792 -0.65354971115840665 0.36420580094568122 -1.2529694163518947 1.5201158008658011 1.4798143906386159 -0.42329602052623633 -0.65721916376306611 0.21437590020262179 -0.64085392116533979 1.2113013937282233 -1.6562519875823425 1.4401748627211715 -1.7068173553904511 -1.556400666498843 -1.4170763656633218 1.6466262590354308 0.59984983164983185 1.7174409749670621 1.6347157246119208 -1.5976169909020517 -1.6818607239643824 0.058249818610556912 -0.79228849686749248 -1.3197980275202263 1.3469071922886802 1.6343865887125644 1.1046861880025618
decision_type=2 2 2 2 2 2 2 2 2 2 2 2 2 2 2 2 2 2 2 2 2 2 2 2 2 2 2 2 2 2 2 2 2 2
left_child=20 2 -2 4 5 -3 -7 8 29 -10 19 12 13 17 -14 -15 -16 -9 23 -11 -1 -22 28 -13 -25 26 -4 -28 -8 33 -31 -32 -29 -5
right_child=1 3 25 7 -6 6 22 11 9 10 -12 18 14 15 16 -17 -18 -19 -20 -21 21 -23 -24 24 -26 -27 27 32 -30 30 31 -33 -34 -35
leaf_value=0 0 0 0 -2.1559743172594497e-05 0 0 0 0 0 0 0 0 0 -0.0011501888533931484 0.0006835251636928808 0 0 0.0002790841271138002 0 -0.0010136644338961877 0 -0.0019082401561232043 0 -0.00067046499411646521 0 0 0 -0.00097893533671920504 0.0016615733025735345 0 0.00030014618739758665 0 0 0
leaf_weight=63 5505 6718 362 12817 13409 1179 163 4422 1208 129 1535 1342 44952 9276 34104 5178 5017 43239 4317 16581 203 2000 202 12474 102 519 248 14239 6603 5102 27803 442 606 29
leaf_count=63 5505 6718 362 12817 13409 1179 163 4422 1208 129 1535 1342 44952 9276 34104 5178 5017 43239 4317 16581 203 2000 202 12474 102 519 248 14239 6603 5102 27803 442 606 29
internal_value=-6.64967e-05 -1.45394e-05 -0.000489574 0 0.000276995 0.000723656 0.00127962 -5.50437e-06 -0.000174888 -0.00062793 -0.000817214 1.68228e-07 0.000102093 0 0.000286772 -0.000789201 0.000562909 5.33412e-05 -0.000248263 -0.000946483 -0.00155768 -0.00173709 0.00155462 -0.000530185 -0.000618522 -0.000853913 -0.000894169 -0.000927495 0.00161753 0 3.63895e-05 0.00026205 -0.000958979 -1.76528e-05
internal_weight=282088 279822 21479 258343 28274 14865 8147 230069 65646 19453 18245 164423 146188 62115 84073 14454 39121 47661 18235 16710 2266 2203 6968 13918 12576 15974 15455 15093 6766 46193 33347 28245 14845 12846
internal_count=282088 279822 21479 258343 28274 14865 8147 230069 65646 19453 18245 164423 146188 62115 84073 14454 39121 47661 18235 16710 2266 2203 6968 13918 12576 15974 15455 15093 6766 46193 33347 28245 14845 12846
is_linear=0
shrinkage=0.05


Tree=54
num_leaves=30
num_cat=0
split_feature=1 5 4 0 4 0 1 3 2 2 4 3 1 4 1 2 4 5 5 4 0 3 0 3 3 3 4 4 3
split_gain=2.46173 6.61091 1.13213 1.36885 0.991867 1.84594 0.975918 0.924363 0.819291 0.77333 1.27836 1.28182 1.43391 0.396154 0.324425 0.274469 0.749576 0.317709 0.216309 0.185232 0.105027 0.189707 0.326117 0.13804 0.129666 0.100655 0.0991757 0.0444877 0.00839319
threshold=-0.90786865308604425 0.59984983164983185 0.47734828822148084 -1.6818607239643824 1.659267256390611 0.6408539211653399 1.5645187350228744 -1.6818607239643824 -1.7068173553904511 0.4723424242424244 -0.48004406415545736 -0.56067547759221414 -0.55909914089347057 1.700072262773723 1.6609253623188407 1.2650480077982211 -1.4989476031215159 -0.43556799315792116 -1.6820275855440212 -1.6816926975463558 -0.59884317673378062 0.44569734165431169 0.34958244215438466 -1.4743593439833631 -0.84746541569647971 -1.5441033412715595 -0.88007041826018328 -1.6816926975463558 1.4278366264607878
decision_type=2 2 2 2 2 2 2 2 2 2 2 2 2 2 2 2 2 2 2 2 2 2 2 2 2 2 2 2 2
left_child=1 20 9 -4 5 6 7 -5 -9 10 26 -12 -13 27 -14 16 -11 19 -18 -17 24 22 23 -22 -1 -21 -2 -3 -27
right_child=2 13 3 4 -6 -7 -8 8 -10 15 11 12 14 -15 -16 17 18 -19 -20 25 21 -23 -24 -25 -26 28 -28 -29 -30
leaf_value=-0.00024655617745631943 -5.14355066324467e-05 0 0 0 0 0 0 0 0.00064208616813928368 0 0 0 -0.00077352672417103289 0 0 0 0 0 0.00033018933603187474 0 0 0 0 0.00034079208058729777 0 -0.00051197378047218155 9.8217949759159013e-05 -0.0011025092967916392 0
leaf_weight=7682 33074 252 1319 321 4403 23167 1872 195 46686 3017 12565 3509 21795 294 202 151 305 13411 27861 92 53 14873 4114 14221 5449 5256 15891 20018 40
leaf_count=7682 33074 252 1319 321 4403 23167 1872 195 46686 3017 12565 3509 21795 294 202 151 305 13411 27861 92 53 14873 4114 14221 5449 5256 15891 20018 40
internal_value=-6.66422e-05 -0.00033123 0 0.000166271 0.000269131 0.00033296 0.000505494 0.000562668 0.000606156 -6.91612e-05 -0.000172005 -0.000386975 -0.000587128 -0.00106397 -0.00074637 0 0.000146977 0 0.000298424 -0.000360255 0 4.99476e-05 0.000171619 0.000304127 -0.000113981 -0.000458964 0 -0.00109339 -0.000506718
internal_weight=282088 66956 215132 77963 76644 72241 49074 47202 46881 137169 87036 38071 25506 20564 21997 50133 31183 18950 28166 5539 46392 33261 18388 14274 13131 5388 48965 20270 5296
internal_count=282088 66956 215132 77963 76644 72241 49074 47202 46881 137169 87036 38071 25506 20564 21997 50133 31183 18950 28166 5539 46392 33261 18388 14274 13131 5388 48965 20270 5296
is_linear=0
shrinkage=0.05


Tree=55
num_leaves=35
num_cat=0
split_feature=1 5 4 0 6 6 1 0 3 1 1 0 0 6 3 4 0 3 0 3 0 3 4 5 5 1 0 6 0 3 6 3 6 4
split_gain=2.21287 5.94255 0.915974 1.24571 0.935697 1.09323 0.905541 1.05975 0.837349 0.621263 1.0593 1.07756 1.44491 0.512389 0.945 0.370511 0.29422 0.638986 0.373832 0.328422 0.118559 0.105888 0.650366 1.22144 0.411477 0.933048 0.0876649 0.768307 0.119992 0.119795 0.118792 0.092241 0.0368353 0.0367231
threshold=-0.90786865308604425 0.59984983164983185 0.47734828822148084 -1.6818607239643824 1.572451355661882 -1.4568488342016772 1.6463382651234937 1.3599184638450008 -1.6818607239643824 1.2908380046163268 -0.026862709832134353 1.6602182902854048 0.36420580094568122 1.6100689638600543 0.88353666003367526 1.700072262773723 -0.16799354329245633 -0.54808768984010814 1.7094562500000001 -0.60160433224248078 -1.625678099257031 0.94040911535673366 -1.5261172385620914 -1.5279128100935608 1.5186493110596271 1.6032739837398375 -0.59884317673378062 -1.6689768824963915 1.6837895206243034 -0.84746541569647971 1.6228051901884111 -1.4606310115589625 -1.472589131684876 -1.6816926975463558
decision_type=2 2 2 2 2 2 2 2 2 2 2 2 2 2 2 2 2 2 2 2 2 2 2 2 2 2 2 2 2 2 2 2 2 2
left_child=1 26 9 -4 5 -5 7 8 -7 10 16 12 -12 14 -14 33 19 -18 -19 -2 -21 22 -11 -24 25 -25 29 -28 31 30 -1 -29 -33 -3
right_child=2 15 3 4 -6 6 -8 -9 -10 21 11 -13 13 -15 -16 -17 17 18 -20 20 -22 -23 23 24 -26 -27 27 28 -30 -31 -32 32 -34 -35
leaf_value=-0.00030289228014516312 0 0 0 0 0 0 0 0 0.00053105262820944037 0 0 0 0 0 -0.0010325040126934585 0 0 0.00036237248053769776 0 0 -0.00038776193680268439 0 0 0.00084247047001051337 0 0 0 0 0 0 0 0 0.00029420749702116451 -0.0010489386112821461
leaf_weight=7634 12657 252 1319 5931 3371 293 841 6882 59326 1551 42679 1260 10295 1044 13245 294 1278 23515 148 49 7539 7073 1116 11121 605 1994 1024 75 49 5449 48 2594 29519 20018
leaf_count=7634 12657 252 1319 5931 3371 293 841 6882 59326 1551 42679 1260 10295 1044 13245 294 1278 23515 148 49 7539 7073 1116 11121 605 1994 1024 75 49 5449 48 2594 29519 20018
internal_value=-6.67073e-05 -0.000317077 0 0.000147188 0.000249723 0.000311258 0.000381549 0.00042562 0.000495853 -6.53532e-05 -0.000136885 -0.000263272 -0.000332124 -0.000664023 -0.000716322 -0.00101179 0 0.000157373 0.000303254 -7.04834e-05 -0.000336414 0 0.000124904 0.00035019 0.000587986 0.000660385 0 4.27872e-05 0.000245796 -0.000107074 -0.000235095 0.000263933 0.000277261 -0.00104047
internal_weight=282088 66956 215132 77963 76644 73273 67342 66501 59619 137169 113709 68523 67263 24584 23540 20564 45186 24941 23663 20245 7588 23460 16387 14836 13720 13115 46392 33261 32237 13131 7682 32188 32113 20270
internal_count=282088 66956 215132 77963 76644 73273 67342 66501 59619 137169 113709 68523 67263 24584 23540 20564 45186 24941 23663 20245 7588 23460 16387 14836 13720 13115 46392 33261 32237 13131 7682 32188 32113 20270
is_linear=0
shrinkage=0.05


Tree=56
num_leaves=39
num_cat=0
split_feature=6 6 0 0 0 3 1 0 3 0 1 4 3 1 4 3 3 3 6 3 0 1 1 1 2 3 3 4 1 6 1 3 0 2 3 1 1 4
split_gain=2.11418 2.95593 2.7573 1.74675 2.5968 2.8109 2.77513 1.65434 1.44651 1.44278 1.46799 1.33394 1.22607 1.0751 0.923288 1.88711 0.828909 0.751832 1.27845 1.35742 0.724023 0.690914 0.567202 0.490358 0.552212 0.374966 0.374392 0.389499 0.654256 0.668337 0.370456 0.35646 0.277091 0.158593 0.0152598 0.014375 0.0183272 7.5272e-05
threshold=-1.2601271777003482 0.63769130272489749 0.84691615675990684 1.133238222438077 -0.87249639918951227 -0.93015275424249111 -1.0210319738908518 1.3337236952861955 -1.3197980275202263 -1.4712559614593166 -1.4566856574425751 -1.4587531123607784 0.54117855389578506 1.4557332442933466 0.25595502618599703 -1.3347424616905583 -1.6562519875823425 0.54117855389578506 0.77775764095128974 1.4406821810215236 1.4661517204921188 1.6463382651234937 -1.5746282066579165 1.5746605060778964 1.570778262286044 0.46033597364532614 0.85882111332210842 1.6837895206243034 -1.1294294100801829 0.5968657064337245 1.6032739837398375 1.6347157246119208 1.6471963392397964 1.6720433884761288 1.71748639669335 1.1014540767386094 -1.6544031478091876 0.87397966880994304
decision_type=2 2 2 2 2 2 2 2 2 2 2 2 2 2 2 2 2 2 2 2 2 2 2 2 2 2 2 2 2 2 2 2 2 2 2 2 2 2
left_child=20 3 14 4 5 9 -7 11 -6 35 -11 -4 13 -8 15 -3 -12 -13 -19 -20 21 33 -10 24 -24 -9 -5 28 -28 30 -30 -17 34 -1 -27 36 -2 -16
right_child=1 2 7 26 8 6 12 25 22 10 16 17 -14 -15 37 31 -18 18 19 -21 -22 -23 23 -25 -26 32 27 -29 29 -31 -32 -33 -34 -35 -36 -37 -38 -39
leaf_value=-0.00053199367680104796 0 0 0 0 0 0 -0.0015968324959802008 0 0 0 0 0 0 0 0 -0.0009768151545854328 0.00070553386624396116 0 0.0011847438960141355 0 0 0 0.00046695718241533197 0 0 -0.00037207705028536057 0 0 -0.00075685360445005602 0 0 0 0 0 0 0 -0.00011438106760998106 -3.8018795347437306e-06
leaf_weight=36877 52 7893 1217 1433 1185 1998 7092 804 1902 1408 114 1641 281 550 8922 20485 18508 1698 10221 680 340 267 93304 2266 2829 17090 2321 283 10365 412 653 53 6321 303 56 2158 5668 12438
leaf_count=36877 52 7893 1217 1433 1185 1998 7092 804 1902 1408 114 1641 281 550 8922 20485 18508 1698 10221 680 340 267 93304 2266 2829 17090 2321 283 10365 412 653 53 6321 303 56 2158 5668 12438
internal_value=-6.99216e-05 0 -0.000242309 0.000116254 0.000212863 0 -0.00080906 0 0.000354556 7.32575e-05 0.000427106 0.000457561 -0.00127444 -0.00143264 -0.0004918 -0.000706755 0.00062202 0.000671984 0.00080647 0.00101239 -0.000416864 -0.000472152 0.000403774 0.000424844 0.000444293 -0.000176945 -8.92406e-05 -0.000269791 -0.00037705 -0.000553008 -0.000678772 -0.000953717 -0.00026709 -0.000519852 -0.000368581 0 -7.55214e-05 0
internal_weight=282088 244301 89519 154782 139315 37829 9921 39728 101486 27908 20030 15457 7923 7642 49791 28431 18622 14240 12599 10901 37787 37447 100301 98399 96133 24271 15467 14034 13751 11430 11018 20538 23467 37180 17146 7878 5720 21360
internal_count=282088 244301 89519 154782 139315 37829 9921 39728 101486 27908 20030 15457 7923 7642 49791 28431 18622 14240 12599 10901 37787 37447 100301 98399 96133 24271 15467 14034 13751 11430 11018 20538 23467 37180 17146 7878 5720 21360
is_linear=0
shrinkage=0.05


Tree=57
num_leaves=24
num_cat=0
split_feature=1 6 0 6 4 6 0 6 1 4 3 4 1 4 3 6 4 0 0 1 5 1 5
split_gain=2.04736 1.75723 1.39316 1.21093 0.926024 2.50374 2.09467 1.36855 2.8092 1.35426 1.33178 0.994436 0.969725 0.846597 1.51532 0.783077 0.715289 0.61308 0.485606 0.48346 0.371163 0.132569 0.000252799
threshold=-1.4715624382166863 1.6604520661713547 -1.6565130441320199 1.453440277777778 -1.4298930555555553 -0.65354971115840665 -0.01240159301130518 -0.85899276585483475 -0.026862709832134353 -1.3079057461761054 -1.6562519875823425 1.5061828904223562 1.5939021526418788 0.35324662507919491 -1.3197980275202263 1.6485880053329718 1.6343865887125644 -1.6565130441320199 1.6953421404682276 0.40514822134387357 -1.6375790412486062 1.6463382651234937 0.58474628257348982
decision_type=2 2 2 2 2 2 2 2 2 2 2 2 2 2 2 2 2 2 2 2 2 2 2
left_child=3 2 15 16 7 6 13 -4 -9 -8 -7 -11 19 22 -15 21 -1 -3 20 -12 -10 -2 -6
right_child=1 17 4 -5 5 10 9 8 18 11 12 -13 -14 14 -16 -17 -18 -19 -20 -21 -22 -23 -24
leaf_value=-0.00075687026533534894 -0.0010186565839630755 0 0 0 -5.6505518778066265e-06 0 0 0 0 -0.0006171619142979019 6.5849624697632693e-05 0 0 0 0.00061147010794999467 0 0 -0.0010417822092278362 0 0.00050257685852755506 -0.0011922708539726544 0 0
leaf_weight=19208 4470 668 5629 1779 19213 1520 1272 6814 163 28784 89886 2485 4820 2286 15229 95 622 4879 80 60049 8469 126 3542
leaf_count=19208 4470 668 5629 1779 19213 1520 1272 6814 163 28784 89886 2485 4820 2286 15229 95 622 4879 80 60049 8469 126 3542
internal_value=-7.04317e-05 0 0 -0.000542083 4.60028e-05 0.000105732 -3.36034e-05 -0.000113163 -0.000479267 -0.000400511 0.000236105 -0.000522604 0.000278792 1.25945e-05 0.000342516 -0.000748304 -0.000683948 -0.000846692 -0.00107417 0.000310355 -0.00113826 -0.000973852 0
internal_weight=282088 260479 254932 21609 250241 229086 72811 21155 15526 32541 156275 31269 154755 40270 17515 4691 19830 5547 8712 149935 8632 4596 22755
internal_count=282088 260479 254932 21609 250241 229086 72811 21155 15526 32541 156275 31269 154755 40270 17515 4691 19830 5547 8712 149935 8632 4596 22755
is_linear=0
shrinkage=0.05


Tree=58
num_leaves=34
num_cat=0
split_feature=5 4 1 5 0 6 5 1 0 4 1 2 2 2 1 2 4 0 6 4 2 6 1 2 6 2 4 2 6 2 2 1 1
split_gain=2.00208 1.59706 2.16172 2.55529 2.29458 2.43513 1.92452 1.33048 1.27778 1.05484 0.991339 0.831659 0.723803 0.696541 0.819129 0.660416 1.85588 1.93192 1.44534 0.680091 0.567883 0.545708 0.432913 0.947061 0.542763 0.417734 0.376467 0.369568 0.268843 0.25824 0.230845 0.105117 0.0956628
threshold=-1.6951091451427021 -0.88007041826018328 0.079051210773412386 0.59984983164983185 0.057763099219621035 1.4915954522738633 -0.039055183946488263 1.6032739837398375 -1.6818607239643824 -0.28981394349041051 1.6609253623188407 1.5450759947154811 0.4851372880934009 -1.4558866286281318 0.035131832134512368 -0.02902717250543339 -0.1589000384559919 -0.50432404076738591 -1.6253274354281062 0.14440774804905229 -1.556400666498843 1.0094126848691698 0.61464574071849098 1.2238020574083293 -1.0523927618772977 -1.6691913763281441 -1.4170763656633218 -1.69426839672947 -1.6689768824963915 -1.5686573476702506 -1.6818607239643824 -1.6544031478091876 1.6756542847396509
decision_type=2 2 2 2 2 2 2 2 2 2 2 2 2 2 2 2 2 2 2 2 2 2 2 2 2 2 2 2 2 2 2 2 2
left_child=20 6 3 15 5 8 -2 12 -4 -5 11 -10 27 -11 28 19 -17 -18 -19 -3 -1 25 24 30 -6 -21 -22 -8 -15 -26 -24 -29 -32
right_child=1 2 4 9 22 -7 7 -9 10 13 -12 -13 -14 14 -16 16 17 18 -20 21 26 -23 23 -25 29 -27 -28 31 -30 -31 32 -33 -34
leaf_value=0 0 0 0 0 0 0 0 0 0.00070525382904502716 0 0 0 0 0 0 0 0 0 0.00084266453654314945 0 0 0 0 0 0 -0.00045764994008121634 -0.0018285623519048739 0 -0.00076921000891574118 0.00044048882729914212 -0.00038188284784489905 -0.00084226858337655178 0
leaf_weight=63 33380 14656 1085 7758 2412 2236 399 991 47922 2687 468 1587 12603 121 730 10679 7058 824 20070 396 203 2490 325 6562 413 19371 2000 71 23675 11998 25668 20857 330
leaf_count=63 33380 14656 1085 7758 2412 2236 399 991 47922 2687 468 1587 12603 121 730 10679 7058 824 20070 396 203 2490 325 6562 413 19371 2000 71 23675 11998 25668 20857 330
internal_value=-6.92405e-05 -1.80544e-05 6.62822e-06 -8.82528e-05 0.000211596 0.000436906 -0.000243218 -0.000500297 0.000563058 -0.000451691 0.000622111 0.000663412 -0.000594866 -0.000596535 -0.000680658 0 0.000200801 0.000466927 0.000717341 -4.32013e-05 -0.00148391 -0.000278409 0 -0.00013873 0.000168662 -0.000392484 -0.00166186 -0.000800018 -0.000749117 0.000371713 -0.00033458 -0.000833581 -0.000367459
internal_weight=282088 279822 211521 110515 101006 53298 68301 34921 51062 34971 49977 49509 33930 27213 24526 75544 38631 27952 20894 36913 2266 22257 47708 32885 14823 19767 2203 21327 23796 12411 26323 20928 25998
internal_count=282088 279822 211521 110515 101006 53298 68301 34921 51062 34971 49977 49509 33930 27213 24526 75544 38631 27952 20894 36913 2266 22257 47708 32885 14823 19767 2203 21327 23796 12411 26323 20928 25998
is_linear=0
shrinkage=0.05


Tree=59
num_leaves=31
num_cat=0
split_feature=0 5 6 1 6 6 2 0 0 5 2 5 2 2 0 0 0 1 3 1 5 5 0 5 0 3 2 3 5 3
split_gain=1.89206 3.34535 2.24917 2.15254 1.15388 1.14005 1.51699 1.40511 2.19465 2.42227 1.12407 1.0411 0.936439 0.856096 1.02064 0.797394 0.829877 0.795293 0.752181 1.13922 2.47998 0.539702 0.423064 0.613765 0.402718 0.345803 0.18002 0.237429 0.0741151 0.0265933
threshold=-1.5976169909020517 1.3599184638450008 1.6604520661713547 1.4557332442933466 -1.2601271777003482 0.25235579774614475 1.0213240661736822 -1.314555477031802 0.84691615675990684 -0.3137378490052305 1.2779056014959991 1.0755754299754303 -1.69426839672947 -1.69426839672947 -1.0666860770368956 -1.3286694366127514 1.453440277777778 -1.6261388692579504 -1.1814664885866923 0.13754119146065744 1.1713561222644244 1.3599184638450008 1.4661517204921188 0.16971921299039947 -1.4712559614593166 1.3469071922886802 -0.6027487598482637 1.4789283385988667 -0.93107957559681676 1.4278366264607878
decision_type=2 2 2 2 2 2 2 2 2 2 2 2 2 2 2 2 2 2 2 2 2 2 2 2 2 2 2 2 2 2
left_child=1 3 4 12 22 10 7 -7 9 -9 15 -4 -1 -13 -15 -6 21 -16 -8 20 -20 -17 23 28 -25 -14 -26 -28 -2 -10
right_child=2 -3 11 -5 5 6 18 8 29 -11 -12 13 25 14 17 16 -18 -19 19 -21 -22 -23 -24 24 26 -27 27 -29 -30 -31
leaf_value=0 -0.00011303419516769146 0 0 0 0 0 0 0 6.2025749203601071e-05 -0.0008142264251872677 0 0 -0.0020861133703509128 0 0 0.00035083647336090661 0 -0.0018401968023237251 0.0012108459152348845 0 0 0 0 0 0 0 -0.0010405435546892861 0 0 0
leaf_weight=175 13921 4645 985 718 7922 9894 4603 17989 16700 25548 13492 115 4708 205 43 95876 2009 3822 7913 9491 3028 1757 340 498 2268 25 5637 44 14591 13126
leaf_count=175 13921 4645 985 718 7922 9894 4603 17989 16700 25548 13492 115 4708 205 43 95876 2009 3822 7913 9491 3028 1757 340 498 2268 25 5637 44 14591 13126
internal_value=-6.88676e-05 -0.000747684 -3.92034e-06 -0.00152473 0 5.87934e-05 0 -0.000164458 -0.000279591 -0.000505353 0.000173106 -0.000989172 -0.00189981 -0.00131407 -0.0014932 0.000244314 0.000290341 -0.00170481 0.000243992 0.00040257 0.000736711 0.000327332 -0.000234887 -0.000289561 -0.000720144 -0.00204174 -0.000816649 -0.000990118 0 0
internal_weight=282088 10271 271817 5626 266647 229348 108292 83257 73363 43537 121056 5170 4908 4185 4070 107564 99642 3865 25035 20432 10941 97633 37299 36959 8447 4733 7949 5681 28512 29826
internal_count=282088 10271 271817 5626 266647 229348 108292 83257 73363 43537 121056 5170 4908 4185 4070 107564 99642 3865 25035 20432 10941 97633 37299 36959 8447 4733 7949 5681 28512 29826
is_linear=0
shrinkage=0.05


Tree=60
num_leaves=34
num_cat=0
split_feature=5 4 1 5 0 3 2 4 1 4 4 5 0 0 2 5 3 3 5 0 2 2 3 0 4 4 1 2 4 4 1 2 1
split_gain=1.79616 1.44325 1.18906 2.95914 1.94284 1.46085 1.80824 1.36928 1.35225 0.797126 0.795828 0.722895 0.576637 0.575205 1.132 0.671307 0.889601 1.01097 0.822658 1.63101 0.542213 0.439775 0.394191 0.352302 0.338371 0.283624 0.249817 0.228442 0.531535 1.14108 0.870621 0.0926471 0.135802
threshold=-1.6951091451427021 -1.5830260882640401 0.079051210773412386 0.59984983164983185 0.66820253952446174 -0.73809397042093272 -1.4558866286281318 -0.78100322835377167 1.5746605060778964 1.7242333333333335 -1.4730443606150316 -1.0570582100872201 -1.7068173553904511 0.90181036217303823 -0.96772964323811772 -1.3197980275202263 0.22591795974804116 -1.4170763656633218 0.046288143176733708 -0.23710519081871076 -1.556400666498843 1.0355844583069354 1.7049727933867003 1.6953421404682276 1.6343865887125644 -1.4730443606150316 -1.6544031478091876 0.4723424242424244 -0.44014286963146121 1.0639371459087956 0.25059388327037896 1.6343865887125644 1.6609253623188407
decision_type=2 2 2 2 2 2 2 2 2 2 2 2 2 2 2 2 2 2 2 2 2 2 2 2 2 2 2 2 2 2 2 2 2
left_child=20 11 3 13 7 -5 -7 -4 9 12 -8 -2 -9 15 -15 16 17 -3 19 -17 -1 -12 26 -22 25 -16 -13 28 -6 30 -30 32 -28
right_child=1 2 4 5 27 6 10 8 -10 -11 21 22 -14 14 24 18 -18 -19 -20 -21 23 -23 -24 -25 -26 -27 31 -29 29 -31 -32 -33 -34
leaf_value=0 0 0 0 0 0 0 0 0 0 0 -0.00099211211063437998 0 0.00051947795737148999 0 0 -0.00055075509733304646 0 0.00070387989980172654 0 0 -0.0017025914054910236 0 0 0 0 0.0007074119193108743 -0.00091476269777600284 0 0 0 -0.00084151443853271645 0 0
leaf_weight=63 2201 514 21232 13648 8363 3098 865 452 3841 252 19653 27 61717 1704 401 24546 4541 9394 17861 25736 2168 6835 142 35 332 11055 8608 18328 846 3971 9204 380 75
leaf_count=63 2201 514 21232 13648 8363 3098 865 452 3841 252 19653 27 61717 1704 401 24546 4541 9394 17861 25736 2168 6835 142 35 332 11055 8608 18328 846 3971 9204 380 75
internal_value=-6.87187e-05 -1.81875e-05 0 -9.44762e-05 0.000115439 -0.000440108 -0.00062974 0.000273191 0.00038672 0.000460792 -0.000776135 -0.00055502 0.000494914 0 0.00031966 0 0.000112625 0.0004798 -0.000147127 -0.000263975 -0.00141899 -0.000833747 -0.000749205 -0.00159562 0.000587417 0.000651808 -0.000819421 0 -0.000157698 -0.000360715 -0.000668623 -0.000859122 -0.000890712
internal_weight=282088 279822 268389 140183 128206 44099 30451 87494 66262 62421 27353 11433 62169 96084 13492 82592 14449 9908 68143 50282 2266 26488 9232 2203 11788 11456 9090 40712 22384 14021 10050 9063 8683
internal_count=282088 279822 268389 140183 128206 44099 30451 87494 66262 62421 27353 11433 62169 96084 13492 82592 14449 9908 68143 50282 2266 26488 9232 2203 11788 11456 9090 40712 22384 14021 10050 9063 8683
is_linear=0
shrinkage=0.05


Tree=61
num_leaves=34
num_cat=0
split_feature=6 3 3 5 4 6 1 1 1 4 6 5 2 2 1 2 2 2 3 4 4 6 2 2 2 3 4 3 5 3 3 5 5
split_gain=1.67906 2.11539 1.73812 2.40399 1.92895 1.58144 1.04452 0.873187 0.889659 0.86204 0.742006 0.611305 0.576185 0.513482 1.89856 0.502214 0.454557 0.275119 1.724 2.15543 2.72524 0.819165 1.29635 0.731488 0.725248 0.995067 0.273517 0.204684 0.688362 0.102717 0.0136879 0.00640142 0.0468189
threshold=-1.5971549182524789 -1.6562519875823425 -0.42329602052623633 1.5186493110596271 -1.5261172385620914 1.3337236952861955 1.279094818913481 1.5746605060778964 -0.94695140419349666 1.659267256390611 -0.39414277071990317 1.4647534262485484 -1.3852101600812021 -1.4143713845424368 1.1014540767386094 1.6720433884761288 1.700072262773723 0.4723424242424244 0.48748747518669072 0.58837593623307904 -0.66956769642901015 1.145295288975231 1.3175129520552284 1.0355844583069354 0.55461021897810237 1.6347157246119208 1.7174409749670621 1.0222958408857103 -1.4039313424096032 1.5976169909020521 -1.6818607239643824 1.4898976074614765 -1.6820275855440212
decision_type=2 2 2 2 2 2 2 2 2 2 2 2 2 2 2 2 2 2 2 2 2 2 2 2 2 2 2 2 2 2 2 2 2
left_child=6 13 4 17 31 7 11 8 -6 -10 -5 15 -12 -2 -15 29 26 18 19 20 -4 22 23 -19 -23 -26 -14 28 -20 30 -1 32 -3
right_child=1 2 3 10 5 -7 -8 -9 9 -11 12 -13 16 14 -16 -17 -18 21 27 -21 -22 24 -24 -25 25 -27 -28 -29 -30 -31 -32 -33 -34
leaf_value=0 0 0 0 0 0 0 0 0 0.00054071718671310507 0 0 0 -0.0011091310887914377 -0.001710959898137715 0 0 0 0 0 0 -0.00097891237137173975 0 -0.00046109679254708371 0.00047129454362392618 0.00082689740463265382 0 0 0 0.00029948659628073162 0 -0.0010834100243198471 0 -0.00015110784551412263
leaf_weight=20 749 44 13652 435 16939 6796 1221 2695 63199 1357 1919 67 9305 3287 1632 77 448 21966 3030 14896 17157 475 12036 10166 8999 466 101 30223 24311 22 8939 213 5246
leaf_count=20 749 44 13652 435 16939 6796 1221 2695 63199 1357 1919 67 9305 3287 1632 77 448 21966 3030 14896 17157 475 12036 10166 8999 466 101 30223 24311 22 8939 213 5246
internal_value=-6.76867e-05 -4.05375e-06 0 -7.80198e-05 0.000184645 0.000298006 -0.000708706 0.000377579 0.000416946 0.000503188 -0.000742244 -0.000913503 -0.000848811 -0.000920332 -0.00109351 -0.000999419 -0.0009955 0 -6.84162e-05 -0.000321898 -0.00056961 6.07299e-05 0 0.000130649 0.000462408 0.000635935 -0.00107204 0 0.000135375 -0.00106686 -0.00108062 0 -5.22099e-05
internal_weight=282088 271742 266074 169585 96489 90986 10346 84190 81495 64556 12208 9125 11773 5668 4919 9058 9854 157377 103269 45705 30809 54108 44168 32132 9940 9465 9406 57564 27341 8981 8959 5503 5290
internal_count=282088 271742 266074 169585 96489 90986 10346 84190 81495 64556 12208 9125 11773 5668 4919 9058 9854 157377 103269 45705 30809 54108 44168 32132 9940 9465 9406 57564 27341 8981 8959 5503 5290
is_linear=0
shrinkage=0.05


Tree=62
num_leaves=27
num_cat=0
split_feature=0 6 3 2 6 2 1 6 1 3 1 3 6 1 4 0 1 1 1 3 6 3 6 2 1 2
split_gain=1.69895 2.07741 1.9682 2.82044 1.22605 1.19071 1.07832 1.02758 1.23857 1.33813 1.28881 0.624948 1.55079 1.34466 0.441692 0.430818 0.358622 0.352714 0.271408 0.196231 0.158001 0.237307 0.305494 0.130216 0.0809398 0.0615002
threshold=-1.4712559614593166 1.6360099158307391 -1.4997365967365965 -1.2884247982391781 -1.2601271777003482 -0.42491078575034774 -1.6092317438658899 -0.50321378590573773 1.5645187350228744 -1.5707782622860436 -1.5746282066579165 -0.62936877610022479 0.058249818610556912 1.4870395038255373 1.2131248764333731 1.5212125755628543 1.6463382651234937 1.6463382651234937 -1.5966896086369768 1.7049727933867003 -1.1761537366548038 -1.5441033412715595 1.5069633679606345 -1.7068173553904511 0.61464574071849098 1.6720433884761288
decision_type=2 2 2 2 2 2 2 2 2 2 2 2 2 2 2 2 2 2 2 2 2 2 2 2 2 2
left_child=2 4 24 -4 14 11 -5 -7 9 -9 -11 20 -13 19 15 17 -8 25 -3 -14 -6 -22 -23 -20 -1 -2
right_child=1 18 3 6 5 7 16 8 -10 10 -12 12 13 -15 -16 -17 -18 -19 23 -21 21 22 -24 -25 -26 -27
leaf_value=-0.00016387399981357894 -0.00040686053053056137 0 0 0 0 0 -0.0020460048478245373 0 0 0 0.00042135955384266878 0 -0.00053541710842062887 0 0 0 0 0 0 0 0 0.00033061524281230133 0 -0.00093660385754157642 0 0
leaf_weight=6954 30073 171 2869 73 532 38502 4469 1416 3936 2223 91887 28114 31332 2370 5794 167 38 206 75 513 240 16756 369 6484 6276 249
leaf_count=6954 30073 171 2869 73 532 38502 4469 1416 3936 2223 91887 28114 31332 2370 5794 167 38 206 75 513 240 16756 369 6484 6276 249
internal_value=-6.85569e-05 0 -0.000512127 -0.00114331 0 7.42965e-05 -0.00184392 0.000173788 0.000259816 0.000320137 0.000373295 0 -0.000150204 -0.000390142 -0.000223849 -0.000307729 -0.00199466 -0.000360315 -0.000842837 -0.000516727 8.79829e-05 0.00017315 0.000252773 -0.000906873 0 -0.000399032
internal_weight=282088 261409 20679 7449 254679 218190 4580 137964 99462 95526 94110 80226 62329 34215 36489 30695 4507 30528 6730 31845 17897 17365 17125 6559 13230 30322
internal_count=282088 261409 20679 7449 254679 218190 4580 137964 99462 95526 94110 80226 62329 34215 36489 30695 4507 30528 6730 31845 17897 17365 17125 6559 13230 30322
is_linear=0
shrinkage=0.05


Tree=63
num_leaves=31
num_cat=0
split_feature=5 4 5 5 3 2 3 2 3 0 6 5 3 4 2 4 2 2 5 6 5 2 4 0 2 6 3 6 5 3
split_gain=1.54678 1.33765 1.59212 0.870778 4.02575 1.41726 0.785426 0.510977 0.404407 3.26138 3.02106 1.06516 2.51548 1.79865 1.21325 0.611685 0.739253 0.4649 1.74663 1.88916 0.634675 0.824037 0.348347 0.305546 0.21899 0.199507 0.246418 0.0374949 0.00718868 0.000324874
threshold=-1.6951091451427021 -0.88007041826018328 -0.039055183946488263 -1.3049841326866651 0.03111551052624777 0.043250551665199762 1.6879917274939176 -1.556400666498843 -0.94337336576467001 -0.87249639918951227 -1.3319434487253401 0.059862308429118924 -1.6818607239643824 1.700072262773723 -1.69426839672947 -0.86355351170568551 -1.1332382224380766 1.0355844583069354 1.0620713853599517 -1.0934045196952804 0.19821525096525108 -0.19554242424242413 -1.4170763656633218 1.6837895206243034 1.72117679623086 -1.7068173553904511 -1.6104832358907049 -1.6689768824963915 -0.57266886939805339 -1.0135025062656637
decision_type=2 2 2 2 2 2 2 2 2 2 2 2 2 2 2 2 2 2 2 2 2 2 2 2 2 2 2 2 2 2
left_child=7 2 -2 4 5 -3 23 -1 11 10 -10 29 -13 14 -14 -12 -17 20 19 -19 28 -22 -9 24 -4 -7 -27 -28 -11 -5
right_child=1 3 6 8 -6 25 -8 22 9 17 15 12 13 -15 -16 16 -18 18 -20 -21 21 -23 -24 -25 -26 26 27 -29 -30 -31
leaf_value=0 0 0 -0.00055928887244210523 -8.360717827590037e-06 0 0 0 0 0 0 0 0 0 0 0.00076041056420921916 0 -0.0017314582285426598 0 0 0.00076349413818651971 0 -0.00043103600533047861 -0.0016746958938195816 0 0 0 0 0.0015339355354196402 2.5263527670435309e-05 0
leaf_weight=63 33380 5809 33616 11038 11351 45 911 203 1369 29783 60 2370 302 456 28310 4535 6047 3801 7505 16574 25251 20402 2000 176 218 72 156 6641 27577 2067
leaf_count=63 33380 5809 33616 11038 11351 45 911 203 1369 29783 60 2370 302 456 28310 4535 6047 3801 7505 16574 25251 20402 2000 176 218 72 156 6641 27577 2067
internal_value=-6.83606e-05 -1.86573e-05 -0.00022353 0 0.000297147 0.000959231 -0.000457231 -0.00133715 0 -7.40547e-05 -0.000842617 7.04771e-05 0.000300277 0.000556308 0.000684356 -0.00121226 -0.00127061 0 0.000178867 0.000501817 -4.92909e-05 -0.000199405 -0.00151238 -0.000520895 -0.00054306 0.00145121 0.0014784 0.00151344 0 0
internal_weight=282088 279822 68301 211521 24074 12723 34921 2266 187447 142904 12011 44543 31438 29068 28612 10642 10582 130893 27880 20375 103013 45653 2203 34010 33834 6914 6869 6797 57360 13105
internal_count=282088 279822 68301 211521 24074 12723 34921 2266 187447 142904 12011 44543 31438 29068 28612 10642 10582 130893 27880 20375 103013 45653 2203 34010 33834 6914 6869 6797 57360 13105
is_linear=0
shrinkage=0.05


Tree=64
num_leaves=30
num_cat=0
split_feature=0 5 1 6 6 2 6 0 1 3 3 5 1 3 2 3 3 6 1 5 0 5 2 3 5 6 6 2 5
split_gain=1.57802 4.2813 2.6446 1.85532 1.04774 0.967087 0.907023 1.15941 1.22169 1.11103 0.995297 0.857509 0.808008 0.781232 0.563013 0.513911 0.475583 1.36963 1.24548 0.428493 0.980119 0.421401 0.179489 0.197433 0.143061 0.316743 0.330044 0.133305 0.045305
threshold=-1.4712559614593166 1.3869982814126305 1.4557332442933466 1.6360099158307391 -1.2601271777003482 -0.42491078575034774 -0.50321378590573773 -0.39639280303030294 1.5093359176116643 -1.3197980275202263 -0.75153465691396715 1.0903945801072068 -1.6261388692579504 1.4143713845424375 -1.69426839672947 -1.6562519875823425 -0.62936877610022479 0.058249818610556912 1.4870395038255373 0.16971921299039947 1.4798143906386159 1.6837895206243034 -0.6027487598482637 1.4789283385988667 -1.2374101930320149 1.3058166949090106 -1.1761537366548038 1.5962210279219178 -0.93107957559681676
decision_type=2 2 2 2 2 2 2 2 2 2 2 2 2 2 2 2 2 2 2 2 2 2 2 2 2 2 2 2 2
left_child=1 2 13 4 19 16 -7 10 9 -9 15 -5 -13 -1 -14 -8 24 -18 21 28 22 -19 -21 27 -6 26 -26 -24 -2
right_child=3 -3 -4 11 5 6 7 8 -10 -11 -12 12 14 -15 -16 -17 17 18 -20 20 -22 -23 23 -25 25 -27 -28 -29 -30
leaf_value=-0.0013586518292246735 -8.8454340010413722e-05 0 0 0 0 0 0 0 0 0.00046613859786456894 -0.00051873542342941305 0 0 0 -0.0013438973634708731 0.00028094208066031578 0 -0.00052221887322008431 0 0 0 0 -0.001035577345494246 0 0 0 0.00037180178486327078 0 0
leaf_weight=12723 13895 6295 1629 1470 1828 38502 273 870 4321 65843 7092 65 123 32 5072 21063 28114 31241 2370 2271 178 604 5386 46 456 1172 14441 257 14456
leaf_count=12723 13895 6295 1629 1470 1828 38502 273 870 4321 65843 7092 65 123 32 5072 21063 28114 31241 2370 2271 178 604 5386 46 456 1172 14441 257 14456
internal_value=-6.89899e-05 -0.000498844 -0.0010338 0 0 6.81929e-05 0.000157461 0.00023875 0.000346558 0.000416174 0 -0.00079651 -0.00107755 -0.00130194 -0.00123447 0.000139015 0 -0.000131448 -0.00036006 -0.000207884 -0.000553715 -0.000484916 -0.000774518 -0.00094272 7.42847e-05 0.000166147 0.000284351 -0.000987215 0
internal_weight=282088 20679 14384 261409 254679 218190 137964 99462 71034 66713 28428 6730 5260 12755 5195 21336 80226 62329 34215 36489 8138 31845 7960 5689 17897 16069 14897 5643 28351
internal_count=282088 20679 14384 261409 254679 218190 137964 99462 71034 66713 28428 6730 5260 12755 5195 21336 80226 62329 34215 36489 8138 31845 7960 5689 17897 16069 14897 5643 28351
is_linear=0
shrinkage=0.05


Tree=65
num_leaves=31
num_cat=0
split_feature=1 6 6 0 3 6 0 1 2 0 1 3 4 2 4 0 4 2 4 4 4 2 0 1 3 6 2 2 4 2
split_gain=1.54295 1.13698 1.1147 2.59637 0.700977 0.664014 2.29011 2.03402 1.4522 1.34833 1.38176 1.72753 1.37937 1.02657 0.656426 0.559044 2.30873 1.01089 0.800482 0.697837 0.767955 0.507613 0.385352 2.19685 0.852151 0.773864 0.377752 0.294857 0.233939 0.17296
threshold=-1.4715624382166863 1.453440277777778 1.4143713845424375 1.1190725490196078 -1.5845704821494293 -0.23493641114982569 -1.2742672165047606 1.4626932537529393 -1.6253274354281062 1.3599184638450008 1.5645187350228744 -1.624974406224406 -1.6375790412486062 -1.5971549182524789 1.6343865887125644 -0.01240159301130518 0.35324662507919491 1.2238020574083293 1.7242333333333335 -1.1572700372786577 1.6343865887125644 -1.6559890696492119 1.5845704821494297 1.279094818913481 0.94040911535673366 -0.10386113074204949 1.5324515819750721 -1.2322019437081912 -1.7067394300951346 -0.02902717250543339
decision_type=2 2 2 2 2 2 2 2 2 2 2 2 2 2 2 2 2 2 2 2 2 2 2 2 2 2 2 2 2 2
left_child=1 14 5 4 -4 6 7 8 -2 10 11 -7 -13 -14 21 16 -8 18 -18 -17 27 -1 23 24 -11 -26 -10 -21 -6 -23
right_child=2 -3 3 -5 28 9 15 -9 26 22 -12 12 13 -15 -16 19 17 -19 -20 20 -22 29 -24 -25 25 -27 -28 -29 -30 -31
leaf_value=0 0 0 0 0 0 0 0 0 -0.0012924651711011738 0 0 0 0 0.00044032143289694813 0 0 0.00078297339485521836 0 0 0 0 -0.0010713174494179614 0 0 0 -0.0011674519384669672 0 -0.0003527275859164234 -0.0011633633360491555 0
leaf_weight=312 310 1779 2649 13542 48 3714 31440 1077 8700 427 4112 2444 3982 95872 622 8062 18117 1991 144 3603 1490 9288 4325 2099 219 7138 286 36687 8001 9608
leaf_count=312 310 1779 2649 13542 48 3714 31440 1077 8700 427 4112 2444 3982 95872 622 8062 18117 1991 144 3603 1490 9288 4325 2099 219 7138 286 36687 8001 9608
internal_value=-6.74114e-05 -0.000481375 0 -0.000335074 -0.000906953 0 -3.24368e-05 -0.000730391 -0.00105189 0.000111095 0.000210653 0.000280168 0.000351152 0.000400803 -0.000625443 0 0.000149126 0.000576934 0.000708627 -6.82884e-05 -0.000216182 -0.000697425 0 -0.000303424 -0.000878481 -0.00104001 -0.00123362 -0.00030889 -0.00113054 -0.000747897
internal_weight=282088 21609 260479 24240 10698 236239 111907 10373 9296 124332 110124 106012 102298 99854 19830 101534 51692 20252 18261 49842 41780 19208 14208 9883 7784 7357 8986 40290 8049 18896
internal_count=282088 21609 260479 24240 10698 236239 111907 10373 9296 124332 110124 106012 102298 99854 19830 101534 51692 20252 18261 49842 41780 19208 14208 9883 7784 7357 8986 40290 8049 18896
is_linear=0
shrinkage=0.05


Tree=66
num_leaves=30
num_cat=0
split_feature=1 5 4 0 4 0 1 3 5 1 1 3 4 4 6 3 3 6 4 6 6 4 3 4 5 6 4 0 0
split_gain=1.4112 4.60603 0.457671 0.856269 0.725654 1.15859 0.762761 0.714759 0.709019 0.57875 0.61471 0.9777 0.440798 0.459564 0.433013 0.831676 0.765928 0.387302 0.258226 0.222106 0.728129 1.17114 1.08493 1.33677 0.217658 0.182808 0.179984 0.11508 0.112603
threshold=-0.90786865308604425 -0.22272996515679441 0.47734828822148084 -1.6818607239643824 1.659267256390611 0.6408539211653399 1.5645187350228744 -1.6818607239643824 0.93948492338111744 -0.45541491228070169 1.3240051540066269 -0.9572072164948453 -1.7067394300951346 0.3946632520899564 -1.1349269949066212 -1.4606310115589625 0.40397759352984569 1.4661954073608057 1.700072262773723 1.6604520661713547 -0.96842527075812257 -1.6100689638600538 -1.5141241349480967 0.34108309354333888 -0.24885640471040613 -1.3462005965697239 -1.6941449707672114 1.0403987936462167 -1.6108946557649009
decision_type=2 2 2 2 2 2 2 2 2 2 2 2 2 2 2 2 2 2 2 2 2 2 2 2 2 2 2 2 2
left_child=1 14 8 -4 5 6 7 -5 9 -2 11 -11 -13 -14 -1 -16 24 -9 25 20 -10 -22 -23 -24 27 -3 -27 28 -17
right_child=2 18 3 4 -6 -7 -8 17 19 10 -12 12 13 -15 15 16 -18 -19 -20 -21 21 22 23 -25 -26 26 -28 -29 -30
leaf_value=0 0 0 0 0 0 0 0 0.00051421490695909954 0 0 0 0 -0.00042339065386122758 0 0 0 0 0 0 0 0 0 0.00075868204223523549 0 0 0 -0.00073205414143461206 0 0.00065190871617918148
leaf_weight=8092 18409 2567 1319 321 4403 23167 1872 45394 2076 14164 15661 343 54938 2155 695 62 7687 1487 450 2411 1387 5086 19151 1388 227 266 32842 84 13984
leaf_count=8092 18409 2567 1319 321 4403 23167 1872 45394 2076 14164 15661 343 54938 2155 695 62 7687 1487 450 2411 1387 5086 19151 1388 227 266 32842 84 13984
internal_value=-6.82291e-05 -0.000267809 0 9.04947e-05 0.000189866 0.000251278 0.000388499 0.000443568 -6.03053e-05 -0.000146279 -0.000205799 -0.000269876 -0.000364341 -0.000390693 0 0.000215455 0.000373825 0.000485522 -0.000667589 0 0.000136804 0.000293418 0.000449861 0.000616064 0.000582959 -0.000684845 -0.000719941 0.000618122 0.000635561
internal_weight=282088 66956 215132 77963 76644 72241 49074 47202 137169 105670 87261 71600 57436 57093 30831 22739 22044 46881 36125 31499 29088 27012 25625 20539 14357 35675 33108 14130 14046
internal_count=282088 66956 215132 77963 76644 72241 49074 47202 137169 105670 87261 71600 57436 57093 30831 22739 22044 46881 36125 31499 29088 27012 25625 20539 14357 35675 33108 14130 14046
is_linear=0
shrinkage=0.05


Tree=67
num_leaves=38
num_cat=0
split_feature=5 4 1 5 0 4 1 3 2 4 0 2 4 5 5 4 5 0 2 3 3 2 4 0 2 1 3 2 1 0 5 4 4 3 2 1 3
split_gain=1.35058 1.11656 1.1422 2.75252 1.11035 1.2487 1.17865 0.875171 1.40409 0.708142 0.615645 1.0054 0.656081 0.585077 1.36722 0.941599 0.519783 0.507077 0.485271 0.480286 0.636195 0.383529 0.326899 0.239947 0.219219 0.27664 0.149036 0.274142 0.128955 0.144746 0.0127179 0.786347 1.45948 2.11967 0.0200689 0.859754 1.88602
threshold=-1.6951091451427021 -1.4587531123607784 0.079051210773412386 0.59984983164983185 0.66820253952446174 -0.78100322835377167 1.5746605060778964 -0.88853850425768222 -1.4558866286281318 1.7242333333333335 0.86052458816351451 -1.0639371459087952 1.6096518099109565 -1.3197980275202263 0.046288143176733708 1.5328033867539232 -1.5567107023411368 -1.7068173553904511 -1.556400666498843 0.40397759352984569 -1.4170763656633218 1.5962210279219178 -1.4170763656633218 1.6347157246119208 1.6343865887125644 1.6032739837398375 -0.75153465691396715 1.0355844583069354 -1.6544031478091876 -1.6818607239643824 1.035625897417791 -1.27996301369863 1.348166993426364 0.69258249158249174 -0.84672444576699879 1.5093359176116643 0.67772774522774537
decision_type=2 2 2 2 2 2 2 2 2 2 2 2 2 2 2 2 2 2 2 2 2 2 2 2 2 2 2 2 2 2 2 2 2 2 2 2 2
left_child=18 16 3 10 5 -4 9 -5 -9 17 13 -12 21 19 15 -15 -2 -7 -1 20 -3 -13 -20 24 25 28 -10 -28 -18 -30 31 -6 33 -33 -32 36 -36
right_child=1 2 4 7 30 6 -8 8 26 -11 11 12 -14 14 -16 -17 23 -19 22 -21 -22 -23 -24 -25 -26 -27 27 -29 29 -31 34 32 -34 -35 35 -37 -38
leaf_value=0 0 0 0 0 0 0 0 0 0 0 0 0.00074826693966525417 0 -0.00039690754938921088 0 0 0 0.00046802181011206727 0 0 0.00051234085983285175 0 -0.0016012611324192944 0 0 0 -0.00085342713509692402 0 0 -0.00059230257317080884 0 0 0 -0.0008053964888226011 0 0 0.00088406889017655184
leaf_weight=63 927 490 17824 12035 1369 452 3841 3058 961 252 1525 11299 478 44986 16877 2746 50 61717 203 2920 10267 878 2000 518 721 469 19642 6827 227 18567 3671 4030 3030 16293 700 1909 8266
leaf_count=63 927 490 17824 12035 1369 452 3841 3058 961 252 1525 11299 478 44986 16877 2746 50 61717 203 2920 10267 878 2000 518 721 469 19642 6827 227 18567 3671 4030 3030 16293 700 1909 8266
internal_value=-6.81735e-05 -1.91571e-05 0 -8.9739e-05 0.000119294 0.000231554 0.000338552 -0.000430085 -0.00057188 0.000410336 0 0.000322907 0.000553337 0 -0.000146879 -0.000316003 -0.000362218 0.000444144 -0.00126936 6.28472e-05 0.00033297 0.000667994 -0.00144344 -0.000445473 -0.000482215 -0.000518177 -0.000698617 -0.000720541 -0.00055731 -0.000572744 0 -3.54481e-05 -0.000288904 -0.00051972 0 6.61783e-05 0.000479993
internal_weight=282088 279822 258343 134989 123354 84086 66262 42523 30488 62421 92466 14180 12655 78286 64609 47732 21479 62169 2266 13677 10757 12177 2203 20552 20034 19313 27430 26469 18844 18794 39268 24722 23353 20323 14546 10875 8966
internal_count=282088 279822 258343 134989 123354 84086 66262 42523 30488 62421 92466 14180 12655 78286 64609 47732 21479 62169 2266 13677 10757 12177 2203 20552 20034 19313 27430 26469 18844 18794 39268 24722 23353 20323 14546 10875 8966
is_linear=0
shrinkage=0.05


Tree=68
num_leaves=39
num_cat=0
split_feature=6 3 1 3 5 4 6 5 6 4 5 6 2 2 1 2 2 6 5 1 1 5 2 5 6 6 6 1 3 4 3 5 5 5 6 6 6 4
split_gain=1.27701 1.63972 1.58542 1.05165 1.98605 1.57483 1.26319 0.80826 1.60292 1.13553 0.726486 0.667179 0.563056 0.428801 1.61532 0.419032 0.411465 0.374943 0.374275 0.275586 1.81455 1.8922 1.3861 1.40202 1.77801 1.0844 1.00443 1.08345 0.257689 0.252438 0.0334558 0.0465104 0.0271411 0.0623298 0.0207962 0.00241992 0.0472619 0.000289251
threshold=-1.6253274354281062 -1.6562519875823425 0.2207876008804108 -0.42329602052623633 1.5186493110596271 -1.5261172385620914 1.3337236952861955 0.10211928673908587 -1.4421655132641289 -1.1572700372786577 -1.3197980275202263 -0.39414277071990317 -1.3852101600812021 -1.4143713845424368 1.1014540767386094 1.700072262773723 1.6720433884761288 1.7242333333333335 -1.6951091451427021 0.56067547759221437 0.86802451250076429 1.292274608904934 -0.34352395217246584 -0.70990187332738619 -0.32796764506441917 -1.4862562624066544 -0.041473089147695985 0.23493641114982575 1.557307829181495 1.7174409749670621 -1.5845704821494293 1.4647534262485484 1.4396909466372554 -1.6820275855440212 -1.3462005965697239 -0.65354971115840665 1.5069633679606345 -0.65684033164627775
decision_type=2 2 2 2 2 2 2 2 2 2 2 2 2 2 2 2 2 2 2 2 2 2 2 2 2 2 2 2 2 2 2 2 2 2 2 2 2 2
left_child=2 13 16 5 19 32 7 10 -9 -10 18 -6 -13 -2 17 29 28 34 -7 22 21 25 26 -24 -25 -21 37 -28 30 -14 -1 -32 33 -3 -15 -22 -37 -5
right_child=1 3 -4 4 11 6 -8 8 9 -11 -12 12 15 14 -16 -17 -18 -19 -20 20 35 -23 23 24 -26 -27 27 -29 -30 -31 31 -33 -34 -35 -36 36 -38 -39
leaf_value=0 0 0 0 9.7447969182112376e-06 0 0 0 0 0 0.00072276371415513387 0 0 -0.0010262992778191 0 0 0 0 0 0.00055674914355990782 0 0 0 0 0 0.00063891874116538767 -0.00098840649000971384 -0.00051248620626087409 0 0 0 -0.0013888207664167873 0 0 -0.00019619426505828805 -0.0016548086259324723 7.0407988354366711e-05 0 0
leaf_weight=71 749 45 3148 7034 439 426 6796 1636 4155 33680 36779 1919 9305 78 1636 448 40 67 8297 575 10318 933 21659 14129 27478 12292 19490 3037 25 101 4730 28 287 5230 3150 24474 2099 15305
leaf_count=71 749 45 3148 7034 439 426 6796 1636 4155 33680 36779 1919 9305 78 1636 448 40 67 8297 575 10318 933 21659 14129 27478 12292 19490 3037 25 101 4730 28 287 5230 3150 24474 2099 15305
internal_value=-6.60451e-05 -8.07989e-06 -0.000714944 0 -6.35647e-05 0.000140605 0.000252176 0.000324894 0.000525287 0.000626091 0 -0.000665069 -0.000770095 -0.000810925 -0.00097028 -0.00091488 -0.00123652 -0.00154295 0.000441824 0 -0.00010803 -0.000597537 2.88685e-05 0.00023427 0.000407603 -0.000856496 -3.37545e-05 -0.000333028 -0.0013151 -0.00098967 -0.00136256 -0.00137729 0 -0.000107643 -0.00163361 0 1.49263e-05 0
internal_weight=282088 274046 8042 268366 171035 97331 91769 84973 39471 37835 45502 12212 11773 5680 4931 9854 4894 3295 8723 158823 50691 13800 108132 63266 41607 12867 44866 22527 4854 9406 4829 4758 5562 5275 3228 36891 26573 22339
internal_count=282088 274046 8042 268366 171035 97331 91769 84973 39471 37835 45502 12212 11773 5680 4931 9854 4894 3295 8723 158823 50691 13800 108132 63266 41607 12867 44866 22527 4854 9406 4829 4758 5562 5275 3228 36891 26573 22339
is_linear=0
shrinkage=0.05


Tree=69
num_leaves=44
num_cat=0
split_feature=0 3 1 2 1 0 6 6 6 4 4 3 1 1 1 3 6 3 3 6 6 0 2 0 2 4 4 2 2 0 2 1 2 2 4 2 2 6 0 2 4 6 2
split_gain=1.46936 6.07309 4.45671 2.9798 1.72713 1.43115 2.74835 1.51347 1.17387 2.10248 1.31904 1.14862 0.936392 0.919177 0.750915 1.59841 1.36603 1.26013 2.9828 1.67521 0.934985 0.731609 1.18904 1.17633 2.56858 1.21829 0.74778 0.93625 0.713636 0.680264 0.613282 0.59702 0.585303 0.571641 0.338798 0.337077 0.31408 0.296753 0.143133 0.104835 0.0518281 0.0244274 0.161191
threshold=-0.87249639918951227 -0.94337336576467001 -0.58874378654970749 -1.1187129564193166 1.4626932537529393 0.36420580094568122 1.0770577109723021 -1.6253274354281062 -0.65354971115840665 -1.0185397978599846 1.5061828904223562 -1.3475278308647873 1.5746605060778964 -1.5966896086369768 -0.87951358625271658 -1.0680831294066337 1.5069633679606345 -1.6818607239643824 -1.3475278308647873 -1.3594923554706162 1.5850780926390684 1.4798143906386159 1.4401748627211715 0.88822252252252276 -1.217638721754245 -1.4587531123607784 0.12937201927034178 -1.2322019437081912 1.6087482456140352 1.5718975784531752 1.5186493110596271 1.5746605060778964 1.557307829181495 1.570778262286044 0.62993046441191325 -1.69426839672947 -1.7068173553904511 -0.64019102242024928 0.34958244215438466 -1.7068173553904511 1.7174409749670621 0.74976507394766789 1.3036798326189021
decision_type=2 2 2 2 2 2 2 2 2 2 2 2 2 2 2 2 2 2 2 2 2 2 2 2 2 2 2 2 2 2 2 2 2 2 2 2 2 2 2 2 2 2 2
left_child=1 14 -3 -4 -5 6 7 -2 9 -7 29 -9 13 -13 15 16 -1 -16 19 -19 31 23 35 26 -25 -26 27 -10 -27 30 36 -21 34 -15 38 -23 -11 -29 39 -8 -37 42 -28
right_child=5 2 3 4 -6 8 32 11 21 10 -12 12 -14 33 17 -17 -18 18 -20 20 -22 22 -24 24 25 28 41 37 -30 -31 -32 -33 -34 -35 -36 40 -38 -39 -40 -41 -42 -43 -44
leaf_value=-0.001000176382004317 0 0 0 -0.0025199926694640441 0 0 0 0 0 0 0 0 0 0.00049363219903077779 0 0 0 0 0 0.00103936653034602 0 0 0 0 0 0.00069062967473536882 0.0002378307496776114 0 0 0 0 0 0 0 0 -0.00060173196422777867 -0.00098066461026756133 -0.00060373041304757793 0 -0.00085937434407952831 0 0 0
leaf_weight=8240 4171 6098 4697 6194 584 5136 40 1281 1883 34 1906 787 1739 83171 2776 1338 623 1272 18531 17090 877 203 4600 4877 2480 29458 7623 91 2044 227 1056 1123 451 2115 2188 14991 17345 13005 55 4784 111 3772 1021
leaf_count=8240 4171 6098 4697 6194 584 5136 40 1281 1883 34 1906 787 1739 83171 2776 1338 623 1272 18531 17090 877 203 4600 4877 2480 29458 7623 91 2044 227 1056 1123 451 2115 2188 14991 17345 13005 55 4784 111 3772 1021
internal_value=-6.67198e-05 -0.000265385 -0.00105261 -0.00161015 -0.0022934 0 0.000134949 0.000286162 -0.000124107 -0.000421353 -0.000684971 0.000357619 0.000402779 0.00043875 0 -0.000362011 -0.000756801 0.000104828 0.000302605 0.000727087 0.000880763 0 -0.000287513 4.50382e-05 0.000279288 0.000524212 0 -0.000346619 0.000625278 -0.00082887 -0.00088581 0.000967634 -0.000356963 0.000470136 -0.000571194 -0.000541961 -0.000957164 -0.000554817 -0.000782391 -0.000827387 -0.000592669 0 8.13628e-05
internal_weight=282088 69443 17573 11475 6778 212645 100782 93264 111863 25704 20568 89093 87812 86073 51870 10201 8863 41669 38893 20362 19090 86159 19905 66254 38859 33982 27395 14979 31502 18662 18435 18213 7518 85286 7067 15305 17379 13096 4879 4824 15102 12416 8644
internal_count=282088 69443 17573 11475 6778 212645 100782 93264 111863 25704 20568 89093 87812 86073 51870 10201 8863 41669 38893 20362 19090 86159 19905 66254 38859 33982 27395 14979 31502 18662 18435 18213 7518 85286 7067 15305 17379 13096 4879 4824 15102 12416 8644
is_linear=0
shrinkage=0.05


end of trees

feature_importances:
Column_3=401
Column_2=375
Column_1=363
Column_6=356
Column_0=338
Column_5=312
Column_4=265

parameters:
[boosting: gbdt]
[objective: regression]
[metric: l2]
[tree_learner: serial]
[device_type: cpu]
[data_sample_strategy: bagging]
[data: ]
[valid: ]
[num_iterations: 500]
[learning_rate: 0.05]
[num_leaves: 210]
[num_threads: 20]
[seed: 0]
[deterministic: 0]
[force_col_wise: 0]
[force_row_wise: 0]
[histogram_pool_size: -1]
[max_depth: 8]
[min_data_in_leaf: 20]
[min_sum_hessian_in_leaf: 0.001]
[bagging_fraction: 0.8789]
[pos_bagging_fraction: 1]
[neg_bagging_fraction: 1]
[bagging_freq: 0]
[bagging_seed: 3]
[bagging_by_query: 0]
[feature_fraction: 0.8879]
[feature_fraction_bynode: 1]
[feature_fraction_seed: 2]
[extra_trees: 0]
[extra_seed: 6]
[early_stopping_round: 50]
[early_stopping_min_delta: 0]
[first_metric_only: 0]
[max_delta_step: 0]
[lambda_l1: 205.7]
[lambda_l2: 580.977]
[linear_lambda: 0]
[min_gain_to_split: 0]
[drop_rate: 0.1]
[max_drop: 50]
[skip_drop: 0.5]
[xgboost_dart_mode: 0]
[uniform_drop: 0]
[drop_seed: 4]
[top_rate: 0.2]
[other_rate: 0.1]
[min_data_per_group: 100]
[max_cat_threshold: 32]
[cat_l2: 10]
[cat_smooth: 10]
[max_cat_to_onehot: 4]
[top_k: 20]
[monotone_constraints: ]
[monotone_constraints_method: basic]
[monotone_penalty: 0]
[feature_contri: ]
[forcedsplits_filename: ]
[refit_decay_rate: 0.9]
[cegb_tradeoff: 1]
[cegb_penalty_split: 0]
[cegb_penalty_feature_lazy: ]
[cegb_penalty_feature_coupled: ]
[path_smooth: 0]
[interaction_constraints: ]
[verbosity: -1]
[saved_feature_importance_type: 0]
[use_quantized_grad: 0]
[num_grad_quant_bins: 4]
[quant_train_renew_leaf: 0]
[stochastic_rounding: 1]
[linear_tree: 0]
[max_bin: 255]
[max_bin_by_feature: ]
[min_data_in_bin: 3]
[bin_construct_sample_cnt: 200000]
[data_random_seed: 1]
[is_enable_sparse: 1]
[enable_bundle: 1]
[use_missing: 1]
[zero_as_missing: 0]
[feature_pre_filter: 1]
[pre_partition: 0]
[two_round: 0]
[header: 0]
[label_column: ]
[weight_column: ]
[group_column: ]
[ignore_column: ]
[categorical_feature: ]
[forcedbins_filename: ]
[precise_float_parser: 0]
[parser_config_file: ]
[objective_seed: 5]
[num_class: 1]
[is_unbalance: 0]
[scale_pos_weight: 1]
[sigmoid: 1]
[boost_from_average: 1]
[reg_sqrt: 0]
[alpha: 0.9]
[fair_c: 1]
[poisson_max_delta_step: 0.7]
[tweedie_variance_power: 1.5]
[lambdarank_truncation_level: 30]
[lambdarank_norm: 1]
[label_gain: ]
[lambdarank_position_bias_regularization: 0]
[eval_at: ]
[multi_error_top_k: 1]
[auc_mu_weights: ]
[num_machines: 1]
[local_listen_port: 12400]
[time_out: 120]
[machine_list_filename: ]
[machines: ]
[gpu_platform_id: -1]
[gpu_device_id: -1]
[gpu_use_dp: 0]
[num_gpu: 1]

end of parameters

pandas_categorical:null
