tree
version=v4
num_class=1
num_tree_per_iteration=1
label_index=0
max_feature_idx=6
objective=regression
feature_names=Column_0 Column_1 Column_2 Column_3 Column_4 Column_5 Column_6
feature_infos=[-1.7184666666666666:1.73] [-1.7184666666666666:1.73] [-1.7184666666666666:1.73] [-1.7184666666666666:1.73] [-1.7184666666666666:1.73] [-1.7184666666666666:1.73] [-1.7184666666666666:1.73]
tree_sizes=4421 2986 3207 3204 2935 2795 2868 2797 3205 2751 3896 3806 3761 3469 3868 3406 2820 3160 3103 3298 2751 3456 3415 3513 2992 2676 2763 3433 2770 2703 3431 3314 2732 3115 2672 3052 2933 2842 2661 2726 3149 2816 2649

Tree=0
num_leaves=46
num_cat=0
split_feature=3 6 1 6 0 3 3 2 5 2 6 3 1 2 0 6 2 2 2 3 3 5 0 0 0 1 2 3 6 3 6 1 3 2 3 1 3 1 2 2 0 0 0 2 2
split_gain=105.973 32.9191 26.5009 20.4333 14.7984 13.4264 12.6132 9.16548 11.2164 5.63717 3.27799 3.26525 2.92806 2.8528 2.02333 1.86954 1.83374 1.15652 1.11879 0.775615 3.74204 2.00389 1.22508 0.699168 0.653727 0.497575 2.19473 1.86196 0.496134 2.15198 1.20857 0.504294 0.410386 0.409751 0.397153 0.333735 0.87045 0.413433 0.278373 0.224303 0.193015 0.188507 0.172316 0.104716 0.0482072
threshold=1.0222958408857103 0.63769130272489749 -1.0838140715109572 -1.2601271777003482 -1.4712559614593166 0.44569734165431169 1.3726924080664296 -0.60107652108995879 0.15620064567075426 1.1045136244867491 0.66583419958419965 -1.6562519875823425 -0.82096305405691294 1.7174409749670621 -1.1222459556330522 -1.6816926975463558 -1.3492126353790612 -1.69426839672947 -0.83464874913818565 0.21278604118993141 -1.2361289549376797 0.19821525096525108 -1.2322871905791875 1.3869982814126305 1.5338106382978727 -0.26085123768324919 1.4411845039018953 0.47292810734111684 1.3337236952861955 -1.6104832358907049 0.73623389531031458 -0.027092620169421155 1.3599184638450008 -1.2217146652630519 1.0083933701095662 -1.5573078291814944 0.85882111332210842 0.16799354329245639 -0.76548586218133507 0.39113207318844095 -1.4989476031215159 1.6720433884761288 -0.76386024125746299 -0.71146020214001526 1.7174409749670621
decision_type=2 2 2 2 2 2 2 2 2 2 2 2 2 2 2 2 2 2 2 2 2 2 2 2 2 2 2 2 2 2 2 2 2 2 2 2 2 2 2 2 2 2 2 2 2
left_child=1 3 -2 15 18 11 24 28 -9 10 -10 -6 -12 17 -8 23 -16 -13 -5 20 -17 22 -22 43 32 -7 27 -27 29 -3 -31 34 33 -4 -32 -30 37 -37 -21 42 -20 -14 -40 -1 -35
right_child=2 7 6 4 5 25 14 8 9 -11 12 13 41 -15 16 19 -18 -19 40 38 21 -23 -24 -25 -26 26 -28 -29 35 30 31 -33 -34 44 -36 36 -38 -39 39 -41 -42 -43 -44 -45 -46
leaf_value=0.0059795170884533282 0.0059795170884533282 0.0059795170884533282 0.0059795170884533282 0.0059795170884533282 0.0059795170884533282 0.0059795170884533282 0.0059795170884533282 0.0059795170884533282 0.0059795170884533282 0.0059795170884533282 0.0059795170884533282 0.0059795170884533282 0.0034616151279384198 0.0059795170884533282 0.0059795170884533282 0.0059795170884533282 0.0024877395493869171 0.0076322611066442321 0.0052278212941596182 0.0059795170884533282 0.0059795170884533282 0.0059795170884533282 0.0070998765665960476 0.0059795170884533282 0.0059795170884533282 0.0059795170884533282 0.0059795170884533282 0.0068704801443060437 0.0059795170884533282 0.0059795170884533282 0.0068797804981100379 0.0059795170884533282 0.0059795170884533282 0.0050036612813500183 0.0059795170884533282 0.0051520982545028094 0.0059795170884533282 0.0059795170884533282 0.0059795170884533282 0.0059795170884533282 0.0059795170884533282 0.0059795170884533282 0.0052827512160633335 0.0045932698930693273 0.0059795170884533282
leaf_weight=311 10248 1425 421 2267 204 10125 83 10881 374 2418 246 175 13928 525 223 3239 24034 96864 5223 1146 662 3291 14836 23 577 736 3081 13762 2452 2462 14096 850 885 21522 95 5326 425 313 70 5213 897 104 2926 2897 227
leaf_count=311 10248 1425 421 2267 204 10125 83 10881 374 2418 246 175 13928 525 223 3239 24034 96864 5223 1146 662 3291 14836 23 577 736 3081 13762 2452 2462 14096 850 885 21522 95 5326 425 313 70 5213 897 104 2926 2897 227
internal_value=0.00597952 0.00647453 0.00409001 0.00684402 0.00712833 0.00728377 0.00359449 0.00553722 0.00489007 0.00410677 0.0037459 0.00756745 0.00359915 0.00759505 0.00256545 0.00597952 0.0025301 0.00762179 0.00597952 0.00597952 0.00627123 0.0067426 0.00698602 0.00487222 0.00513562 0.00597952 0.00624124 0.00664762 0.00597952 0.00623166 0.00658457 0.00676513 0.00508583 0.00504418 0.00683861 0.00597952 0.00562517 0.00528382 0.00594054 0.0056951 0.00533345 0.00347703 0.00538324 0.00467765 0.00501142
internal_weight=282088 223868 58220 168473 133859 125472 47972 55395 27951 17070 14652 97768 14278 97564 24340 34614 24257 97039 8387 31383 22028 18789 15498 3231 23632 27704 17579 14498 27444 18928 17503 15041 23055 22170 14191 8516 6064 5639 9355 8209 6120 14032 2996 3208 21749
internal_count=282088 223868 58220 168473 133859 125472 47972 55395 27951 17070 14652 97768 14278 97564 24340 34614 24257 97039 8387 31383 22028 18789 15498 3231 23632 27704 17579 14498 27444 18928 17503 15041 23055 22170 14191 8516 6064 5639 9355 8209 6120 14032 2996 3208 21749
is_linear=0
shrinkage=1


Tree=1
num_leaves=36
num_cat=0
split_feature=3 6 1 6 3 3 5 1 3 2 5 6 2 2 5 6 5 2 3 1 3 3 5 2 2 5 1 2 1 3 1 2 3 5 3
split_gain=95.3193 29.4239 24.4608 18.4796 10.8346 10.5276 10.2304 12.6906 9.38858 3.27515 1.92204 1.69589 1.55404 1.30207 0.893565 0.773358 0.829493 0.926383 0.83341 0.630476 0.591128 3.43069 1.84497 0.573246 0.378062 0.304147 0.144786 1.44168 0.132528 0.101961 0.0999454 0.0497256 0.195763 0.0149041 0.0236871
threshold=1.0222958408857103 0.68026781609195408 -1.0838140715109572 -1.2601271777003482 0.44569734165431169 1.3726924080664296 -1.0000000180025095e-35 -1.3778194577352469 -1.6562519875823425 1.7174409749670621 -1.7068947603121514 -1.6816926975463558 1.0496310734463279 -1.3492126353790612 1.6347157246119208 1.5457120567375886 -1.6820275855440212 1.4283635385730657 -1.4606310115589625 -0.86200677706335227 0.21278604118993141 -1.2361289549376797 0.19821525096525108 -1.4175987086584911 -1.5438816084229388 -0.18227154452136543 -0.26085123768324919 1.4283635385730657 1.4798143906386159 1.3599184638450008 1.5457120567375886 -0.71146020214001526 0.59665565300973233 -1.5976169909020517 0.99452754272440702
decision_type=2 2 2 2 2 2 2 2 2 2 2 2 2 2 2 2 2 2 2 2 2 2 2 2 2 2 2 2 2 2 2 2 2 2 2
left_child=1 3 -2 11 8 24 15 -8 -5 10 -10 31 19 -7 -12 16 -3 18 -18 -9 21 -13 -23 -21 -4 -20 -6 28 -28 -26 -25 -1 -33 -22 -35
right_child=2 6 5 4 26 13 7 12 9 -11 14 20 -14 -15 -16 -17 17 -19 25 23 33 22 -24 30 29 -27 27 -29 -30 -31 -32 32 -34 34 -36
leaf_value=0 0 0 0 0 0 0 0 0 0 0 0.0014488759738681318 0 0 -0.0032805978169615441 0 0 0 0 0.00079810679446580416 0 0 0.00095481588323114005 0 -0.002001496761468797 -0.00084809961764442448 0 0.00053481135780261409 0 0 0 0 -0.0012520649466392594 0 -0.00010710825879797271 0
leaf_weight=311 10248 311 36 1654 10417 225 7332 5880 281 620 105402 3239 2668 24115 218 916 641 354 13955 192 590 15498 3291 18175 22660 2220 14444 3269 226 936 79 2515 405 8543 222
leaf_count=311 10248 311 36 1654 10417 225 7332 5880 281 620 105402 3239 2668 24115 218 916 641 354 13955 192 590 15498 3291 18175 22660 2220 14444 3269 226 936 79 2515 405 8543 222
internal_value=0 0.000461105 -0.00180029 0.000802164 0.00106904 -0.00227697 -0.00044974 -0.00101927 0.00129996 0.00139109 0.00142243 0 -0.00157026 -0.00324569 0.0014401 6.96504e-05 0.000334872 0.00048055 0.000607249 -0.00169877 0 0.000254955 0.000720178 -0.00196481 -0.000800522 0.000712182 0 0.000139802 0.000509961 -0.000825157 -0.00199397 -0.00105462 -0.00111648 -2.87173e-05 -6.97389e-05
internal_weight=282088 223868 58220 171145 136531 47972 52723 34326 108175 106521 105901 34614 26994 24340 105620 18397 17481 17170 16816 24326 31383 22028 18789 18446 23632 16175 28356 17939 14670 23596 18254 3231 2920 9355 8765
internal_count=282088 223868 58220 171145 136531 47972 52723 34326 108175 106521 105901 34614 26994 24340 105620 18397 17481 17170 16816 24326 31383 22028 18789 18446 23632 16175 28356 17939 14670 23596 18254 3231 2920 9355 8765
is_linear=0
shrinkage=0.05


Tree=2
num_leaves=39
num_cat=0
split_feature=3 6 1 6 3 3 3 6 1 3 2 5 6 2 2 2 3 5 5 1 3 3 5 2 5 1 3 1 2 3 5 5 2 3 2 3 5 3
split_gain=85.8061 26.3101 22.6206 17.541 8.66436 8.5002 9.19514 7.69728 6.65108 3.41321 2.92786 1.66416 1.56566 1.19391 1.14937 2.95684 1.79918 0.874691 0.853117 0.628864 0.448934 3.15694 1.70966 0.359148 0.350105 0.373604 0.281882 0.208838 1.71824 1.64862 0.763821 0.18736 0.091748 0.0849384 0.0421647 0.179056 0.0134076 0.0223212
threshold=1.0222958408857103 0.63769130272489749 -1.0838140715109572 -1.2601271777003482 1.3726924080664296 0.44569734165431169 -1.6562519875823425 1.4143713845424375 -1.5573078291814944 0.85882111332210842 1.7174409749670621 -1.7068947603121514 -1.6816926975463558 -1.3492126353790612 -0.58861862829324163 0.80352633477633495 -1.6104832358907049 1.6347157246119208 -0.012581984555167689 -0.83496382927417401 0.21278604118993141 -1.2361289549376797 0.24001688443255326 -1.5438816084229388 -1.6104832358907049 -0.51870875420875406 0.99452754272440702 -0.26085123768324919 1.4411845039018953 0.47292810734111684 1.252969416351895 1.700072262773723 -1.6818607239643824 1.3599184638450008 -0.71146020214001526 0.59665565300973233 -1.5976169909020517 0.99452754272440702
decision_type=2 2 2 2 2 2 2 2 2 2 2 2 2 2 2 2 2 2 2 2 2 2 2 2 2 2 2 2 2 2 2 2 2 2 2 2 2 2
left_child=1 3 -2 12 23 6 -5 14 -9 32 11 -8 34 -6 16 18 -3 -13 -16 -20 21 -14 -23 -4 -18 26 -26 -7 29 -29 -31 -21 -10 -25 -1 -36 -22 -38
right_child=2 7 4 5 13 27 10 8 9 -11 -12 17 20 -15 15 -17 24 -19 19 31 36 22 -24 33 25 -27 -28 28 -30 30 -32 -33 -34 -35 35 -37 37 -39
leaf_value=0 0 0 0 0 0 0 0 0 0 0 0 0.001386178223450674 0 -0.0031204257702070557 0 0 0 0 0 -0.0011450575253892513 0 0.00090372360941405681 0 -0.00080675287983775353 0.00067572996674546365 0 0 0 0 0.00087822524417445881 0 0 -0.002395003999761659 0 -0.0012012097018263557 0 -0.00010209268605283302 0
leaf_weight=311 10248 1715 36 1571 225 10151 272 2005 73 804 615 103439 3239 24115 6279 6159 377 210 156 9992 590 15683 3106 22660 16037 2772 210 737 3084 13485 295 66 8750 936 2515 405 8543 222
leaf_count=311 10248 1715 36 1571 225 10151 272 2005 73 804 615 103439 3239 24115 6279 6159 377 210 156 9992 590 15683 3106 22660 16037 2772 210 737 3084 13485 295 66 8750 936 2515 405 8543 222
internal_value=0 0.000428596 -0.00171668 0.000761827 -0.00217571 0.00102762 0.00123688 -0.000398511 -0.00151773 -0.002094 0.00133095 0.00136084 0 -0.00308697 0 -0.00031446 0.000162957 0.00137719 -0.000753326 -0.0010465 0 0.000222229 0.00068198 -0.000760835 0.000503975 0.000550938 0.000639559 0 0.000169455 0.000564886 0.000788966 -0.00112205 -0.00238057 -0.000785411 -0.00101331 -0.00107151 -2.41116e-05 -6.48424e-05
internal_weight=282088 223868 58220 168473 47972 133859 106107 55395 11632 9627 104536 103921 34614 24340 43763 22652 21111 103649 16493 10214 31383 22028 18789 23632 19396 19019 16247 27752 17601 14517 13780 10058 8823 23596 3231 2920 9355 8765
internal_count=282088 223868 58220 168473 47972 133859 106107 55395 11632 9627 104536 103921 34614 24340 43763 22652 21111 103649 16493 10214 31383 22028 18789 23632 19396 19019 16247 27752 17601 14517 13780 10058 8823 23596 3231 2920 9355 8765
is_linear=0
shrinkage=0.05


Tree=3
num_leaves=39
num_cat=0
split_feature=3 6 1 6 3 3 2 5 3 2 2 1 6 5 6 2 3 5 2 3 3 5 6 3 6 1 3 2 1 1 1 2 5 5 3 2 5 3
split_gain=77.157 23.4687 20.9347 16.2212 7.80027 8.6585 7.06955 9.12568 7.02449 2.75756 2.40962 2.10421 2.09544 1.57093 1.44561 1.17708 1.15132 0.823511 0.402279 0.331067 2.89778 1.58771 0.280018 1.80252 1.11486 0.433079 0.360746 0.212556 0.149428 0.157121 0.136279 1.5325 0.650519 0.378484 0.0394591 0.0230946 0.0119917 0.0210238
threshold=1.0222958408857103 0.63769130272489749 -1.0838140715109572 -1.2601271777003482 0.44569734165431169 -1.6562519875823425 -0.60107652108995879 0.4052743947175349 1.386968561092865 1.7174409749670621 1.1045136244867491 -0.82096305405691294 0.66583419958419965 -1.7068947603121514 -1.6816926975463558 -1.3492126353790612 0.91131935483870974 1.6347157246119208 -1.5438816084229388 0.21278604118993141 -1.2361289549376797 0.19821525096525108 1.3337236952861955 -1.6104832358907049 0.73623389531031458 -0.027092620169421155 1.0083933701095662 1.2391774031264575 -1.5573078291814944 0.16799354329245639 -0.26085123768324919 1.4411845039018953 1.252969416351895 -1.5976169909020517 0.9543766106270708 -0.71146020214001526 -1.5976169909020517 0.99452754272440702
decision_type=2 2 2 2 2 2 2 2 2 2 2 2 2 2 2 2 2 2 2 2 2 2 2 2 2 2 2 2 2 2 2 2 2 2 2 2 2 2
left_child=1 3 -2 14 5 -5 22 -8 18 13 11 -9 -13 -7 34 -10 -14 -15 -4 20 -16 -22 23 -3 -25 26 -26 -20 -24 -30 -6 32 33 -32 35 -1 -21 -38
right_child=2 6 8 4 30 9 7 10 15 -11 -12 12 16 17 19 -17 -18 -19 27 36 21 -23 28 24 25 -27 -28 -29 29 -31 31 -33 -34 -35 -36 -37 37 -39
leaf_value=0 0 0 0 0 0 0 0 0 0 0 0 0 -0.0023842127076644116 0.0013172566936519479 0 -0.0030104353013438792 0 0 -0.00088716896680081944 0 0.00086524577692389517 0 0 0 0.00082452652052953821 0 0 0 -0.0003485582692746416 0 0 0 0 0.00069400590179971783 0 -0.0010441973850329558 -9.7313928912550648e-05 0
leaf_weight=306 10248 1425 38 1571 10151 272 13190 238 217 615 2111 293 11371 103439 3239 23235 748 210 19927 590 15498 3291 2452 2462 14096 850 95 4555 5727 337 792 3084 303 13422 48 2877 8543 222
leaf_count=306 10248 1425 38 1571 10151 272 13190 238 217 615 2111 293 11371 103439 3239 23235 748 210 19927 590 15498 3291 2452 2462 14096 850 95 4555 5727 337 792 3084 303 13422 48 2877 8543 222
internal_value=0 0.000396529 -0.00163715 0.000712876 0.000969886 0.00116968 -0.000379251 -0.000949536 -0.0020794 0.00126275 -0.00177871 -0.00203074 -0.00214577 0.00129224 0 -0.00297631 -0.00226341 0.0013084 -0.000762767 0 0.000190885 0.000645394 0 0.000189429 0.000536561 0.00071532 0.000783849 -0.000789191 0 -0.000237105 0 0.000136888 0.000525666 0.000626024 -0.000973688 -0.00099316 -1.97234e-05 -6.01772e-05
internal_weight=282088 223868 58220 168473 133859 106107 55395 27951 47972 104536 14761 12650 12412 103921 34614 23452 12119 103649 24520 31383 22028 18789 27444 18928 17503 15041 14191 24482 8516 6064 27752 17601 14517 14214 3231 3183 9355 8765
internal_count=282088 223868 58220 168473 133859 106107 55395 27951 47972 104536 14761 12650 12412 103921 34614 23452 12119 103649 24520 31383 22028 18789 27444 18928 17503 15041 14191 24482 8516 6064 27752 17601 14517 14214 3231 3183 9355 8765
is_linear=0
shrinkage=0.05


Tree=4
num_leaves=35
num_cat=0
split_feature=3 0 6 2 3 2 6 3 3 6 0 5 0 5 6 2 0 3 0 0 3 0 5 5 2 3 0 0 2 5 5 5 2 5
split_gain=69.4503 24.128 19.912 17.8314 17.285 11.3316 7.35237 4.88428 4.23579 4.05468 3.70565 2.83606 2.21531 2.02773 2.63455 3.54324 2.78849 1.37895 1.29694 2.39353 1.26293 1.03966 0.781829 0.75371 0.207323 0.140519 0.326829 0.325338 0.00843009 0.00489733 0.00239703 0.503947 0.00120444 0.318584
threshold=1.0222958408857103 -1.4712559614593166 1.4283635385730657 -0.90364443709625974 1.0000000180025095e-35 -0.98689280195576445 -1.2886718352233275 -1.6562519875823425 1.3726924080664296 0.84697829756450471 0.33630398508048692 0.4052743947175349 -1.1222459556330522 0.25381205915813432 -1.4019446792162886 1.4143713845424375 -0.51870875420875406 0.99452754272440702 0.92968600963517078 0.26639233526330297 0.9543766106270708 1.5338106382978727 -1.5141241349480967 1.6347157246119208 -1.6818607239643824 -1.2361289549376797 -1.2742672165047606 0.47292810734111684 0.086644648829431459 1.3869982814126305 1.5450759947154811 0.35088221387153756 -0.77864862542955315 -0.079191122683032675
decision_type=2 2 2 2 2 2 2 2 2 2 2 2 2 2 2 2 2 2 2 2 2 2 2 2 2 2 2 2 2 2 2 2 2 2
left_child=1 5 4 30 6 29 25 -8 21 10 -9 -4 -10 14 32 16 -16 24 19 -15 -21 22 -5 -24 -13 -3 -27 -28 -11 -1 31 -2 -6 -34
right_child=3 2 11 8 13 -7 7 9 12 28 -12 17 -14 18 15 -17 -18 -19 -20 20 -22 -23 23 -25 -26 26 27 -29 -30 -31 -32 -33 33 -35
leaf_value=0 0 0 0 0 0 -0.0019698489127940818 0 0.0015497312588696422 0 4.3656435804184647e-05 0 0 -0.0028697390588801881 0 0 0 0.00076445115789257854 0 0 -0.0012246544924580946 0 0 -0.00091545365545349616 0 -0.0024795338127126415 0 0.00035703569441482692 0 0 6.0132270782354933e-05 0 0.0003898963284188553 -0.00033773364656805328 0
leaf_weight=4489 3242 2415 2695 870 919 13185 444 78376 77 10477 4487 196 22849 6261 2143 4412 44262 87 4969 8529 823 541 20624 150 4248 650 14965 562 4216 2805 2121 7746 6428 825
leaf_count=4489 3242 2415 2695 870 919 13185 444 78376 77 10477 4487 196 22849 6261 2143 4412 44262 87 4969 8529 823 541 20624 150 4248 650 14965 562 4216 2805 2121 7746 6428 825
internal_value=0 0.000365863 0.000565711 -0.00156264 0.000700068 -0.00109144 0.00109165 0.00126606 -0.00202929 0.00131704 0.0014702 -0.0015449 -0.00282362 0 0.000252232 0.000449311 0.000639815 -0.0022432 -0.00024588 -0.000528419 -0.00102842 -0.000705551 -0.000791749 -0.000862515 -0.00240938 0 0.000144786 0.000269321 0 0 0 2.27593e-05 0 -1.96052e-05
internal_weight=282088 223868 203389 58220 196163 20479 116592 98000 45111 97556 82863 7226 22926 79571 58989 50817 46405 4531 20582 15613 9352 22185 21644 20774 4444 18592 16177 15527 14693 7294 13109 10988 8172 7253
internal_count=282088 223868 203389 58220 196163 20479 116592 98000 45111 97556 82863 7226 22926 79571 58989 50817 46405 4531 20582 15613 9352 22185 21644 20774 4444 18592 16177 15527 14693 7294 13109 10988 8172 7253
is_linear=0
shrinkage=0.05


Tree=5
num_leaves=33
num_cat=0
split_feature=3 0 6 1 3 1 6 3 3 6 0 3 0 1 2 1 0 2 6 2 6 2 2 3 3 0 2 1 3 0 0 2
split_gain=62.8865 21.5899 18.2578 17.9443 15.9121 12.2638 6.7477 4.71176 4.63637 3.35996 3.32932 1.97372 1.86571 1.29666 0.984049 3.51488 1.87165 1.15296 2.64905 0.752898 0.608766 0.581089 0.546861 0.441595 0.364908 0.211105 0.354146 0.11388 0.111278 0.300282 0.306656 0.00765047
threshold=1.0222958408857103 -1.4712559614593166 1.4283635385730657 -1.0838140715109572 1.0000000180025095e-35 -0.88919698748043796 -1.2886718352233275 1.4143713845424375 -1.6562519875823425 0.84697829756450471 0.33630398508048692 0.85882111332210842 -1.4411845039018949 -1.544746177735308 -0.46731489307209623 -0.16760599848958899 -0.50432404076738591 1.4794884476953445 0.50070851856301823 -1.2217146652630519 -1.1492574925074923 -1.6104832358907049 -1.3492126353790612 0.98043742478941043 0.018147075004584592 1.5338106382978727 1.2391774031264575 1.7175314910526454 -1.2361289549376797 -1.2742672165047606 0.47292810734111684 0.086644648829431459
decision_type=2 2 2 2 2 2 2 2 2 2 2 2 2 2 2 2 2 2 2 2 2 2 2 2 2 2 2 2 2 2 2 2
left_child=1 5 4 -2 6 -1 28 19 -8 10 -10 13 -9 -4 16 23 -6 18 -17 -5 -18 -22 -14 24 -16 26 -21 -19 -3 -30 -31 -11
right_child=3 2 11 7 14 -7 8 12 9 31 -12 -13 22 -15 15 17 20 27 -20 25 21 -23 -24 -25 -26 -27 -28 -29 29 30 -32 -33
leaf_value=0 0 0 0 0 0 -0.0020244668733950732 0 0 0.0014728152373831549 4.1588779916462883e-05 0 0 0 -0.0019923313237588435 0 0.00054518291992828151 0 -0.0002495021706928208 0 -0.00094096516693457802 0 0.00070210552746335529 -0.0028494574992474981 0 -0.0011339410244866177 0 0 0 0 0.00033985098934510188 0 0
leaf_weight=8126 10248 2415 667 500 1540 12353 444 41 78376 10477 4487 787 203 5772 118 30986 3135 5961 7971 20253 1251 19936 21423 334 7821 769 4783 518 650 14965 562 4216
leaf_count=8126 10248 2415 667 500 1540 12353 444 41 78376 10477 4487 787 203 5772 118 30986 3135 5961 7971 20253 1251 19936 21423 334 7821 769 4783 518 650 14965 562 4216
internal_value=-3.60019e-06 0.00034088 0.000531895 -0.00149339 0.000662333 -0.00103017 0.00103735 -0.00190392 0.00120423 0.00125492 0.00139742 -0.00147745 -0.00278554 -0.00176931 0 0 0.000305016 0 0.000264202 -0.000750694 0.000535428 0.000630782 -0.00282553 -0.000996221 -0.00107747 -0.000803464 -0.000827971 -0.00013175 0 0.000128844 0.000252736 0
internal_weight=282088 223868 203389 58220 196163 20479 116592 47972 98000 97556 82863 7226 21667 6439 79571 53709 25862 45436 38957 26305 24322 21187 21626 8273 7939 25805 25036 6479 18592 16177 15527 14693
internal_count=282088 223868 203389 58220 196163 20479 116592 47972 98000 97556 82863 7226 21667 6439 79571 53709 25862 45436 38957 26305 24322 21187 21626 8273 7939 25805 25036 6479 18592 16177 15527 14693
is_linear=0
shrinkage=0.05


Tree=6
num_leaves=34
num_cat=0
split_feature=3 6 1 6 3 3 2 5 3 2 2 1 6 5 6 2 5 2 3 3 5 2 6 6 1 1 1 1 1 3 2 5 3
split_gain=56.8227 17.8127 16.6519 13.0763 6.18209 7.22086 5.89649 7.40192 3.48698 2.387 2.0625 1.91465 1.8573 1.37005 1.32559 0.712928 0.70816 0.306922 0.180574 2.42831 1.42365 0.163935 0.127364 0.262159 0.116865 0.0557208 0.111078 0.0461469 0.822034 0.0370677 0.0143621 0.0107432 0.0196883
threshold=1.0222958408857103 0.63769130272489749 -1.0838140715109572 -1.2601271777003482 0.44569734165431169 -1.6562519875823425 -0.60107652108995879 0.4052743947175349 1.4143713845424375 1.7174409749670621 1.1045136244867491 -0.82096305405691294 0.66583419958419965 -1.7068947603121514 -1.6816926975463558 -1.2217146652630519 1.6347157246119208 -1.3492126353790612 0.21278604118993141 -1.2361289549376797 0.19821525096525108 1.7174409749670621 1.3337236952861955 0.73623389531031458 -0.027092620169421155 -1.5573078291814944 0.16799354329245639 -0.26085123768324919 1.3204286088943842 0.9543766106270708 -0.71146020214001526 -1.5976169909020517 0.99452754272440702
decision_type=2 2 2 2 2 2 2 2 2 2 2 2 2 2 2 2 2 2 2 2 2 2 2 2 2 2 2 2 2 2 2 2 2
left_child=1 3 -2 14 5 -5 22 -8 15 13 11 -9 -13 -7 29 -4 -15 -10 19 -16 -21 -17 23 -3 -25 -24 -27 -6 -29 30 -1 -20 -33
right_child=2 6 8 4 27 9 7 10 17 -11 -12 12 -14 16 18 21 -18 -19 31 20 -22 -23 25 24 -26 26 -28 28 -30 -31 -32 32 -34
leaf_value=0 0 0 0 0 0 0 0 0 0 0 0 0 -0.0020737037987794979 0.0011506788446236621 0 -0.00078157994419551118 0 -0.0026671143549124266 0 0.00079171908117973066 0 0 0 0.00028096404651069024 0 -0.00025711110497809281 0 0.00039553997335661637 0 0 -0.00099895710610545209 -9.293162873918155e-05 0
leaf_weight=306 10248 2597 500 1571 10151 272 13190 238 204 615 2111 293 12119 103439 3239 25524 210 21463 590 15498 3291 281 2452 15456 875 5727 337 13292 4309 48 2877 8543 222
leaf_count=306 10248 2597 500 1571 10151 272 13190 238 204 615 2111 293 12119 103439 3239 25524 210 21463 590 15498 3291 281 2452 15456 875 5727 337 13292 4309 48 2877 8543 222
internal_value=-8.00119e-06 0.000317494 -0.00142528 0.000597612 0.000831982 0.00100852 -0.000348051 -0.000868514 -0.00182143 0.00109729 -0.00161523 -0.00184796 -0.0019611 0.00112616 -1.52835e-05 -0.000715253 0.00114211 -0.00264835 0 0.000140879 0.000580153 -0.000767352 0 0.000127755 0.00023996 0 -0.000144788 0 7.96564e-05 -0.000933549 -0.000952496 -1.65416e-05 -5.62551e-05
internal_weight=282088 223868 58220 168473 133859 106107 55395 27951 47972 104536 14761 12650 12412 103921 34614 26305 103649 21667 31383 22028 18789 25805 27444 18928 16331 8516 6064 27752 17601 3231 3183 9355 8765
internal_count=282088 223868 58220 168473 133859 106107 55395 27951 47972 104536 14761 12650 12412 103921 34614 26305 103649 21667 31383 22028 18789 25805 27444 18928 16331 8516 6064 27752 17601 3231 3183 9355 8765
is_linear=0
shrinkage=0.05


Tree=7
num_leaves=33
num_cat=0
split_feature=3 0 6 1 3 1 6 3 3 1 6 3 0 1 2 2 1 0 2 6 6 2 0 3 3 3 2 0 0 3 3 3
split_gain=51.158 18.5793 15.6391 15.4501 14.0709 11.1476 6.00935 4.02531 2.67783 1.93947 2.55285 1.82288 1.45727 1.15509 1.08018 0.720002 3.22473 1.67232 0.862823 2.07043 0.536686 0.530073 0.456794 0.48061 0.421652 0.345487 0.341143 0.265673 0.141583 0.0694896 1.70112e-05 0.492649
threshold=1.0222958408857103 -1.4712559614593166 1.4283635385730657 -1.0838140715109572 1.0000000180025095e-35 -0.88919698748043796 -1.5118557232241441 -1.6562519875823425 1.3726924080664296 1.7175314910526454 0.84697829756450471 0.85882111332210842 -1.1222459556330522 -1.544746177735308 -1.3492126353790612 -0.46731489307209623 -0.16760599848958899 -0.50432404076738591 1.1717396717600457 0.62350374493231653 -1.1492574925074923 -1.6104832358907049 1.5338106382978727 1.2794756897549684 0.98043742478941043 0.018147075004584592 1.7174409749670621 -0.84646333996632472 1.5081341973646245 0.9543766106270708 -1.4298930555555553 -1.6818607239643824
decision_type=2 2 2 2 2 2 2 2 2 2 2 2 2 2 2 2 2 2 2 2 2 2 2 2 2 2 2 2 2 2 2 2
left_child=1 5 4 -2 6 30 -3 -8 22 10 -9 13 -10 -4 -14 17 24 -6 19 -18 -19 -22 23 26 25 -17 27 -5 -29 -20 31 -1
right_child=3 2 11 8 15 -7 7 9 12 -11 -12 -13 14 -15 -16 16 18 20 29 -21 21 -23 -24 -25 -26 -27 -28 28 -30 -31 -32 -33
leaf_value=0 0 0 0 0 0 -0.0019238867179724721 0 0.0012378138788174007 0 0 0 0 0 -0.0018632481538465679 -0.0024873408624081859 0 0.00054035617812077982 0 -0.00010990125527155157 0 0 0.00064905393444017955 0 0 0 -0.0010900966843667087 0 -0.00084532605811905479 0 0 0 0.00047275075872809833
leaf_weight=1552 10248 9026 667 153 1540 12353 467 91885 83 560 14654 787 223 5772 24034 118 24524 3135 14039 5873 1251 19936 577 6028 334 7821 169 16617 88 1000 1644 4930
leaf_count=1552 10248 9026 667 153 1540 12353 467 91885 83 560 14654 787 223 5772 24034 118 24524 3135 14039 5873 1251 19936 577 6028 334 7821 169 16617 88 1000 1644 4930
internal_value=-1.39145e-05 0.00029285 0.000473306 -0.00135964 0.00059725 -0.00097461 0.000948241 0.00105505 -0.00174193 0.00110064 0.00112383 -0.00136802 -0.00241999 -0.00165241 -0.0024541 0 -9.08706e-06 0.00026058 0 0.000263704 0.000489881 0.000579813 -0.000577485 -0.000624456 -0.000954483 -0.00103464 -0.000769207 -0.000803939 -0.00083094 -1.35322e-05 0 2.45382e-06
internal_weight=282088 223868 203389 58220 196163 20479 116592 107566 47972 107099 106539 7226 24340 6439 24257 79571 53709 25862 45436 30397 24322 21187 23632 23055 8273 7939 17027 16858 16705 15039 8126 6482
internal_count=282088 223868 203389 58220 196163 20479 116592 107566 47972 107099 106539 7226 24340 6439 24257 79571 53709 25862 45436 30397 24322 21187 23632 23055 8273 7939 17027 16858 16705 15039 8126 6482
is_linear=0
shrinkage=0.05


Tree=8
num_leaves=38
num_cat=0
split_feature=5 0 0 0 6 0 1 2 6 5 5 2 2 5 0 6 5 2 5 2 1 2 5 1 5 0 2 0 2 1 0 5 2 0 0 1 0
split_gain=46.7917 26.6003 15.2834 17.6342 9.72171 8.87909 8.5213 7.91035 5.87442 5.37624 2.34204 1.71833 1.58394 1.4412 1.28543 1.5368 1.05762 1.03225 0.89568 0.867025 0.872567 0.85674 0.747559 1.04066 0.728117 0.664558 0.592164 0.581046 0.503923 0.503741 0.489019 0.437404 0.0138572 0.302328 0.0584054 0.115624 0.019324
threshold=1.2252884045077108 -0.94067349582008697 -1.4989476031215159 0.36420580094568122 1.0770577109723021 -1.1897584219858153 -1.2666654566574704 -0.34423012173012163 -1.6253274354281062 0.16971921299039947 -1.1674491056035798 0.70730516467253624 1.3597091474505663 -1.7068947603121514 1.4944993050983839 -1.4568488342016772 0.44645448120783832 -1.6691913763281441 0.44645448120783832 1.7174409749670621 -0.77925778035913051 -0.30440942204953853 0.93948492338111744 -1.5300381885606227 1.2113013937282233 0.30882455507455514 -0.066539275016810326 0.41821711530540567 -1.487091474505662 0.48748747518669072 -1.3834214046822741 -1.5567107023411368 -0.88928100068945126 -1.4712559614593166 -1.6818607239643824 -0.50420394736842089 -0.98124405936974457
decision_type=2 2 2 2 2 2 2 2 2 2 2 2 2 2 2 2 2 2 2 2 2 2 2 2 2 2 2 2 2 2 2 2 2 2 2 2 2
left_child=2 32 24 4 5 18 -3 10 -7 11 -5 26 29 -10 15 -12 -15 -17 31 20 -11 -22 23 -6 -1 30 -9 -28 -8 -13 -25 -4 34 -34 -2 36 -36
right_child=1 6 3 7 22 8 28 9 13 19 14 12 -14 16 -16 17 -18 -19 -20 -21 21 -23 -24 25 -26 -27 27 -29 -30 -31 -32 -33 33 -35 35 -37 -38
leaf_value=-0.0015331724073189053 0 0 0 0 0 0 0 0 0 0 0 0 0 0.0012149730415878877 0 0 0 0.00086134763614482263 0.00016622881449538838 0 0 -0.0013056179878104611 0 0 0 0 0 -0.00078405733731476727 -0.0027852478462903462 0.00072352898849236953 -0.00095280589578664086 -0.00052863359204447121 -0.00037555063232199196 0 0.00034433869995557822 0 0
leaf_weight=10036 1255 4011 629 4693 1134 4944 131 3759 290 57 928 473 5863 91513 1997 657 16537 24273 7498 335 403 21880 1716 736 173 260 764 10295 24573 10426 7652 10546 4778 2934 3788 118 33
leaf_count=10036 1255 4011 629 4693 1134 4944 131 3759 290 57 928 473 5863 91513 1997 657 16537 24273 7498 335 403 21880 1716 736 173 260 764 10295 24573 10426 7652 10546 4778 2934 3788 118 33
internal_value=-1.81315e-05 -0.00158537 0.000213633 0.000336081 0.000690274 0.000836831 -0.00242706 -0.000132275 0.00100503 -0.000578577 0.000298323 0 0.000176927 0.00109122 0.000556407 0.000674181 0.00110775 0.000788451 0 -0.0011693 -0.0012173 -0.00125734 -9.95627e-05 -0.000438061 -0.00146432 -0.000705249 -0.000493673 -0.000670523 -0.00276904 0.000626279 -0.000834885 -0.000414106 0 0 7.74519e-05 0.000199921 0.000326658
internal_weight=282088 41621 240467 230258 143455 131957 28715 86803 113284 54255 32548 31580 16762 108340 27855 25858 108050 24930 18673 22675 22340 22283 11498 9782 10209 8648 14818 11059 24704 10899 8388 11175 12906 7712 5194 3939 3821
internal_count=282088 41621 240467 230258 143455 131957 28715 86803 113284 54255 32548 31580 16762 108340 27855 25858 108050 24930 18673 22675 22340 22283 11498 9782 10209 8648 14818 11059 24704 10899 8388 11175 12906 7712 5194 3939 3821
is_linear=0
shrinkage=0.05


Tree=9
num_leaves=33
num_cat=0
split_feature=3 0 1 6 3 6 1 3 0 1 6 5 0 5 5 0 6 3 0 0 0 3 4 3 0 3 4 0 3 1 0 1
split_gain=42.3204 15.8442 13.4058 11.5937 10.0674 4.95491 4.85905 4.76041 3.64132 2.62285 2.18237 2.12704 1.73571 1.38531 2.42908 2.94107 3.7657 1.29086 1.31808 1.1514 2.24276 1.57593 0.962755 0.890619 0.421108 0.471958 0.266171 0.240781 0.160911 0.56422 0.131384 0.0567486
threshold=1.0222958408857103 -1.5976169909020517 -1.0838140715109572 1.4789283385988667 1.0000000180025095e-35 -1.5118557232241441 -0.88919698748043796 -1.6562519875823425 -1.4858257642232076 -1.544746177735308 0.84697829756450471 0.39197259001161427 -1.5268215010141983 0.25381205915813432 -0.75017833421059221 -0.14289445062415032 -1.1492574925074923 1.3726924080664296 -1.1222459556330522 0.88822252252252276 0.26639233526330297 0.98043742478941043 -1.3492126353790612 0.99452754272440702 1.5338106382978727 1.2794756897549684 1.71748639669335 -0.84646333996632472 0.43176194539249146 0.042943802421940812 1.5081341973646245 1.5976169909020521
decision_type=2 2 2 2 2 2 2 2 2 2 2 2 2 2 2 2 2 2 2 2 2 2 2 2 2 2 2 2 2 2 2 2
left_child=1 6 -2 4 5 -3 -1 -7 -9 -5 -10 -11 -13 14 28 -16 -17 24 -19 20 -15 -22 -20 31 25 26 27 -4 -6 -30 -29 -14
right_child=2 3 17 9 13 7 -8 8 10 11 -12 12 23 19 15 16 -18 18 22 -21 21 -23 -24 -25 -26 -27 -28 30 29 -31 -32 -33
leaf_value=0 0 0 0 0 0 0 -0.0023378578294601703 0 0.0011042236486080515 0 0 0 -0.0027154839626775361 0 0 0 0.0011135315022107242 0 0 0 -0.0012554357465265464 0 -0.0022730247526838577 0 0 0 0 -0.00077354712494299288 -0.00049206807837956826 0 0 0
leaf_weight=4453 10248 9375 153 771 15541 986 5681 7520 93127 1824 15855 329 3429 6464 4080 4733 19252 83 223 5792 8388 424 24034 66 577 6028 170 16616 6906 8852 88 20
leaf_count=4453 10248 9375 153 771 15541 986 5681 7520 93127 1824 15855 329 3429 6464 4080 4733 19252 83 223 5792 8388 424 24034 66 577 6028 170 16616 6906 8852 88 20
internal_value=-1.93803e-05 0.000256026 -0.00124535 0.000387889 0.000491627 0.000769235 -0.00143543 0.000862336 0.000922785 -0.00125102 0.000996526 -0.00167555 -0.00227298 0 0.000170975 0.00052265 0.000786024 -0.00160266 -0.0022078 -0.000281124 -0.000537984 -0.00104189 -0.00224128 -0.00257697 -0.000516595 -0.00056385 -0.000702692 -0.000732632 0 -0.00015691 -0.000759161 -0.00270223
internal_weight=282088 223868 58220 213734 207295 126863 10134 117488 116502 6439 108982 5668 3844 80432 59364 28065 23985 47972 24340 21068 15276 8812 24257 3515 23632 23055 17027 16857 31299 15758 16704 3449
internal_count=282088 223868 58220 213734 207295 126863 10134 117488 116502 6439 108982 5668 3844 80432 59364 28065 23985 47972 24340 21068 15276 8812 24257 3515 23632 23055 17027 16857 31299 15758 16704 3449
is_linear=0
shrinkage=0.05


Tree=10
num_leaves=48
num_cat=0
split_feature=5 0 3 0 5 1 5 6 6 2 1 1 3 1 0 3 1 2 0 0 0 3 5 3 3 2 2 5 3 5 5 5 2 3 6 1 3 3 5 3 0 3 2 5 5 3 3
split_gain=38.8953 23.4932 15.2901 21.5296 8.77958 7.16302 6.74302 6.60515 5.96612 4.00195 3.39028 3.16808 3.10693 2.65013 2.19183 2.16013 1.51139 1.13892 1.22625 1.03443 1.22557 0.977084 0.813925 0.541016 0.488169 0.441821 0.402887 0.528515 0.530632 0.707569 0.254677 0.225516 0.480458 0.683282 0.60664 0.571543 0.160406 1.0803 0.575852 0.129817 1.25035 1.48399 0.221201 0.0495633 0.274096 0.0199596 1.05882
threshold=1.2252884045077108 -0.94067349582008697 0.44569734165431169 -1.1897584219858153 0.44645448120783832 -1.2666654566574704 0.059862308429118924 1.0770577109723021 -1.6816926975463558 -0.88928100068945126 0.071710058465576959 -1.2390945010754697 -1.3197980275202263 0.55660814963583138 -1.2742672165047606 -0.86196476280764811 -1.1690801491146317 0.43099295817398187 0.94337336576467024 0.44645448120783832 -1.1361774681117744 1.557307829181495 -1.7068947603121514 -1.4298930555555553 0.46033597364532614 -1.487091474505662 1.4794884476953445 1.0480116683672136 0.52835818713450311 -1.5441033412715595 1.2113013937282233 -0.83454074294499814 -1.6691913763281441 1.5845704821494297 -1.472589131684876 0.15397784331887096 1.1723100238146789 0.59665565300973233 0.76242800210542161 -1.6818607239643824 -1.6818607239643824 -0.69672492542878428 1.7174409749670621 0.046288143176733708 1.1981464951430825 -1.3475278308647873 -1.6562519875823425
decision_type=2 2 2 2 2 2 2 2 2 2 2 2 2 2 2 2 2 2 2 2 2 2 2 2 2 2 2 2 2 2 2 2 2 2 2 2 2 2 2 2 2 2 2 2 2 2 2
left_child=2 39 3 6 7 -3 11 8 -5 31 16 -1 -10 19 -13 -15 -11 -17 -19 20 -6 24 -14 -22 -18 -7 36 28 -28 -30 -26 -4 -33 34 -34 -36 37 -12 -39 -2 -41 42 -42 -38 -45 46 -8
right_child=1 5 9 4 13 25 45 -9 12 10 26 14 22 15 -16 17 21 18 -20 -21 23 -23 -24 -25 30 -27 27 -29 29 -31 -32 32 33 -35 35 -37 43 38 -40 40 41 -43 -44 44 -46 -47 -48
leaf_value=0 0 0 0 0 0 0 0 0 0 0 0 -0.0021953668724535827 0 0 0 0 0 -0.0019134906228702028 0 0 0 0 0.0012337628611600025 0.00086622130061939887 -0.0012773490709710629 -0.002575834824850241 0 0 0 -0.00096762974515696718 0 0 0 0 0.00070263877293539332 0 0 0.00051697834237343285 0 0 0.00090451031619346613 0 0 -0.00033256588601482092 0 0 0.00049412301414846654
leaf_weight=1871 2554 4011 3629 2061 871 131 1141 6276 2242 189 5224 7262 300 2651 2483 289 295 4042 251 2130 471 765 97019 10100 20207 24573 467 613 327 5212 154 709 257 333 12420 212 3439 16411 2518 697 8847 709 99 6735 285 8141 10465
leaf_count=1871 2554 4011 3629 2061 871 131 1141 6276 2242 189 5224 7262 300 2651 2483 289 295 4042 251 2130 471 765 97019 10100 20207 24573 467 613 327 5212 154 709 257 333 12420 212 3439 16411 2518 697 8847 709 99 6735 285 8141 10465
internal_value=-2.29652e-05 -0.00145343 0.000184864 0.00049337 0.000812676 -0.00224675 -0.000485933 0.000994706 0.0011008 -0.000301454 -0.000523246 -0.0014144 0.00117714 0 -0.00176919 -0.000847581 -0.00107909 -0.00146056 -0.00168639 0.000267379 0.000547039 -0.00116024 0.00122341 0.000772895 -0.00122869 -0.00256064 0 -0.000374021 -0.00059456 -0.000772812 -0.00126064 0 0.000197104 0.000357584 0.000507783 0.000614524 0 0.000127331 0.000398727 0 0.000172293 0.000580593 0.000866944 0 -0.000127678 0 6.39879e-05
internal_weight=282088 41621 240467 160066 128703 28715 31363 107898 101622 80401 62841 11616 99561 20805 9745 7233 21610 4582 4293 13572 11442 21421 97319 10571 20656 24704 41231 6619 6006 5539 20361 17560 13931 13222 12889 12632 34612 24153 18929 12906 10352 9655 8946 10459 7020 19747 11606
internal_count=282088 41621 240467 160066 128703 28715 31363 107898 101622 80401 62841 11616 99561 20805 9745 7233 21610 4582 4293 13572 11442 21421 97319 10571 20656 24704 41231 6619 6006 5539 20361 17560 13931 13222 12889 12632 34612 24153 18929 12906 10352 9655 8946 10459 7020 19747 11606
is_linear=0
shrinkage=0.05


Tree=11
num_leaves=47
num_cat=0
split_feature=5 0 3 0 5 6 5 1 6 2 1 3 1 1 0 3 1 2 0 0 0 3 5 3 2 3 3 5 1 2 5 2 3 1 5 2 3 1 3 3 0 3 2 2 0 0
split_gain=35.0534 21.1075 13.666 19.6069 7.96038 6.10527 6.07326 6.05219 5.60353 3.68482 3.12743 2.88867 2.81174 2.30741 2.27857 1.97443 1.42786 1.06974 1.15666 0.93752 1.14702 0.907507 0.764785 0.553855 0.518382 0.455621 0.367431 0.784902 1.08428 0.280663 0.237664 0.194483 1.62694 0.546586 0.168396 0.621227 0.647796 0.61445 0.494341 0.157457 1.39349 0.992665 0.111468 0.0710139 0.0546357 1.02594
threshold=1.2252884045077108 -1.1073197231833907 0.44569734165431169 -1.1897584219858153 0.44645448120783832 1.0770577109723021 0.43322324414715729 -1.2666654566574704 -1.6816926975463558 -0.88928100068945126 -1.2390945010754697 -1.3197980275202263 0.071710058465576959 0.55660814963583138 -1.245102158273381 -0.86196476280764811 -1.1690801491146317 0.43099295817398187 0.94337336576467024 0.44645448120783832 -1.1361774681117744 1.557307829181495 -1.7068947603121514 -0.32966157031374416 1.6100689638600543 0.46033597364532614 1.0222958408857103 -1.3197980275202263 0.29342985272257127 -1.6104832358907049 1.2113013937282233 1.4283635385730657 0.59665565300973233 0.3070795957199694 0.046288143176733708 -1.6818607239643824 1.5845704821494297 0.13994215267899487 0.48748747518669072 -1.6818607239643824 -1.6818607239643824 -0.73809397042093272 -0.029623635105497176 1.7174409749670621 -1.4989476031215159 -1.245102158273381
decision_type=2 2 2 2 2 2 2 2 2 2 2 2 2 2 2 2 2 2 2 2 2 2 2 2 2 2 2 2 2 2 2 2 2 2 2 2 2 2 2 2 2 2 2 2 2 2
left_child=2 39 3 6 5 8 10 -3 -5 34 -1 -10 16 19 24 -15 -11 -17 -19 20 -6 25 -13 -22 -12 -18 31 -28 -29 -9 -27 32 -14 -34 -4 -36 37 38 -37 -2 -41 43 -30 -42 -8 -46
right_child=1 7 9 4 13 -7 44 29 11 12 14 22 26 15 -16 17 21 18 -20 -21 23 -23 -24 -25 -26 30 27 28 42 -31 -32 -33 33 -35 35 36 -38 -39 -40 40 41 -43 -44 -45 45 -47
leaf_value=0 0 0 0 0 0 0 0 0 0 0 -0.0018055223903174628 0 0 0 0 0 0 -0.0018298401608193863 0 0 0.00096506223773566474 0 0.0011724416166881927 0 0 -0.001215266623466835 0 0 0 -0.002404924949730432 0 0 0 0.0006993547465509928 0 0 0 0 0.00084452718827543081 0 0.0008610231575771212 0 -0.00064252905046723388 0 0.00057060819373962505 0
leaf_weight=2853 2535 4131 8167 2061 871 6276 5930 32 2242 189 10776 300 5013 2651 2202 289 295 4042 251 2130 7351 765 97019 3220 518 20207 1421 2133 934 25336 154 4454 2115 11523 410 195 292 152 8344 697 8236 565 13638 89 7716 1368
leaf_count=2853 2535 4131 8167 2061 871 6276 5930 32 2242 189 10776 300 5013 2651 2202 289 295 4042 251 2130 7351 765 97019 3220 518 20207 1421 2133 934 25336 154 4454 2115 11523 410 195 292 152 8344 697 8236 565 13638 89 7716 1368
internal_value=-2.98221e-05 -0.00138792 0.000165353 0.000459151 0.00076599 0.000939535 -0.000469073 -0.00211113 0.00104224 -0.000291647 -0.00114542 0.00111737 -0.000503844 0 -0.00146058 -0.000798091 -0.00102093 -0.00138566 -0.00160705 0.000236471 0.000510655 -0.00110159 0.00116227 0.000733669 -0.00173452 -0.00116792 0 -0.000221593 -0.000408237 -0.00239781 -0.00119902 0 0.000159001 0.000565902 0 0.000205448 0.000454319 0.000622552 0.000749977 0 0.000196759 0.000639839 -0.000607459 0.000844996 0 0.00011888
internal_weight=282088 41621 240467 160066 128703 107898 31363 29499 101622 80401 16349 99561 62841 20805 13496 7233 21610 4582 4293 13572 11442 21421 97319 10571 11294 20656 41231 18126 16705 25368 20361 23105 18651 13638 17560 9393 8983 8691 8539 12122 9587 8890 14572 8325 15014 9084
internal_count=282088 41621 240467 160066 128703 107898 31363 29499 101622 80401 16349 99561 62841 20805 13496 7233 21610 4582 4293 13572 11442 21421 97319 10571 11294 20656 41231 18126 16705 25368 20361 23105 18651 13638 17560 9393 8983 8691 8539 12122 9587 8890 14572 8325 15014 9084
is_linear=0
shrinkage=0.05


Tree=12
num_leaves=46
num_cat=0
split_feature=5 0 3 0 5 1 6 5 6 2 1 3 1 1 0 3 1 6 2 0 0 0 3 5 3 3 2 2 5 3 5 5 2 1 3 3 5 1 3 3 2 5 5 3 3
split_gain=31.5955 19.0482 12.2144 17.702 7.18122 5.70476 5.64527 5.60796 5.26431 3.39417 2.75759 2.68733 2.33512 2.01475 1.82265 1.80419 1.34886 1.06504 1.00488 1.09136 0.860347 1.08407 0.815608 0.718922 0.523689 0.50813 0.392586 0.307769 0.47524 0.484704 0.657972 0.1183 0.381557 0.385809 0.0955558 0.926509 0.516501 0.0823385 0.0532932 0.530446 0.0896401 0.0246929 0.229065 0.00957025 0.974001
threshold=1.2252884045077108 -0.94067349582008697 0.44569734165431169 -1.1897584219858153 0.44645448120783832 -1.2666654566574704 1.0770577109723021 0.059862308429118924 -1.6816926975463558 -0.88928100068945126 -1.2390945010754697 -1.3197980275202263 0.071710058465576959 0.55660814963583138 -1.2742672165047606 -0.86196476280764811 -1.1690801491146317 1.4406821810215236 0.43099295817398187 0.94337336576467024 0.44645448120783832 -1.1361774681117744 1.557307829181495 -1.7068947603121514 -1.2779056014959986 0.46033597364532614 -1.487091474505662 1.4794884476953445 1.0480116683672136 0.52835818713450311 -1.6694043675622621 -0.83454074294499814 -1.6691913763281441 0.15397784331887096 1.1723100238146789 0.59665565300973233 0.76242800210542161 -1.69426839672947 -1.6818607239643824 -0.45237146104179932 -0.88928100068945126 0.046288143176733708 1.1981464951430825 -1.3475278308647873 -1.6562519875823425
decision_type=2 2 2 2 2 2 2 2 2 2 2 2 2 2 2 2 2 2 2 2 2 2 2 2 2 2 2 2 2 2 2 2 2 2 2 2 2 2 2 2 2 2 2 2 2
left_child=2 38 3 7 6 -3 8 10 -5 31 -1 -10 16 20 -12 -15 -11 22 -17 -20 21 -6 25 -13 -23 -18 -7 34 29 -29 -31 -4 -33 37 35 -14 -37 -34 -2 40 -40 -36 -43 44 -9
right_child=1 5 9 4 13 26 -8 43 11 12 14 23 27 15 -16 18 17 -19 19 -21 -22 24 -24 -25 -26 -27 -28 28 -30 30 -32 32 33 -35 41 36 -38 -39 39 -41 -42 42 -44 -45 -46
leaf_value=0 0 0 0 0 0 0 0 0 0 0 -0.002013939182110317 0 0 0 0 0 0 0 -0.0017498462984569055 0 0 0 0 0.0011141684015470983 0.00082711131780994801 -0.0012406801272799542 -0.0023325483636558245 0 0 0 -0.00089515565089187546 0 0 0 0 0.00047577994100557534 0 0.00042259408252190331 0.00062870551219857275 0 0 -0.00029447157497797819 0 0 0.0004718139679062595
leaf_weight=1871 2554 4011 3629 2061 871 131 6276 1141 2242 189 7262 300 5224 2651 2483 289 289 1668 4042 251 2130 1208 533 97019 9363 18931 24573 467 613 112 5427 709 33 219 3439 16411 2518 12970 3678 603 6071 6735 285 8141 10465
leaf_count=1871 2554 4011 3629 2061 871 131 6276 1141 2242 189 7262 300 5224 2651 2483 289 289 1668 4042 251 2130 1208 533 97019 9363 18931 24573 467 613 112 5427 709 33 219 3439 16411 2518 12970 3678 603 6071 6735 285 8141 10465
internal_value=-3.44811e-05 -0.00132413 0.000148722 0.000428527 0.000722115 -0.00203745 0.000887106 -0.00044551 0.000986596 -0.000280401 -0.001292 0.00106058 -0.000483929 0 -0.00162461 -0.000750764 -0.000965598 -0.00104578 -0.00131403 -0.00153117 0.000211409 0.000481153 -0.00114643 0.00110418 0.000701862 -0.00120527 -0.00231814 0 -0.000326902 -0.000545143 -0.000719624 0 0.000142757 0.000300889 0 9.82769e-05 0.000361894 0.00040373 0 0.000110392 0.000375863 0 -9.012e-05 0 4.43082e-05
internal_weight=282088 41621 240467 160066 128703 28715 107898 31363 101622 80401 11616 99561 62841 20805 9745 7233 21610 21421 4582 4293 13572 11442 19753 97319 10571 19220 24704 41231 6619 6006 5539 17560 13931 13222 34612 24153 18929 13003 12906 10352 9749 10459 7020 19747 11606
internal_count=282088 41621 240467 160066 128703 28715 107898 31363 101622 80401 11616 99561 62841 20805 9745 7233 21610 21421 4582 4293 13572 11442 19753 97319 10571 19220 24704 41231 6619 6006 5539 17560 13931 13222 34612 24153 18929 13003 12906 10352 9749 10459 7020 19747 11606
is_linear=0
shrinkage=0.05


Tree=13
num_leaves=42
num_cat=0
split_feature=5 0 0 3 0 5 3 1 4 5 3 3 5 3 5 2 5 3 3 5 5 2 2 0 1 0 5 0 4 0 1 1 0 1 3 3 0 3 3 2 1
split_gain=28.2539 17.3565 11.2612 15.5914 5.06508 7.50945 4.84216 4.76564 2.9722 2.44935 2.63594 2.14357 1.96304 1.66308 1.28314 0.799858 0.64076 0.562137 0.560838 0.52811 0.493005 0.442398 0.336012 0.890645 0.328279 0.304599 0.79264 0.969073 1.14026 0.240948 0.217772 0.2991 0.206763 0.125765 0.453418 0.092754 1.2333 0.918952 0.0883287 0.0156804 0.0141029
threshold=1.2252884045077108 -1.1073197231833907 -1.4989476031215159 0.44569734165431169 -0.87249639918951227 0.24001688443255326 -0.94337336576467001 -1.2666654566574704 -0.88928100068945126 -1.6951091451427021 -1.4042763722668281 1.0222958408857103 -0.51870875420875406 -1.6562519875823425 -1.3899672911091285 1.4794884476953445 1.2113013937282233 -0.50742591283863347 1.4143713845424375 1.252969416351895 -1.3342385762385758 -1.3492126353790612 -0.27655972222222219 -0.79077221404025522 -1.1523690078037903 0.76386024125746321 -1.2100998830521015 1.4798143906386159 -1.6818607239643824 0.12717017543859646 -0.23294210186976136 -1.1690801491146317 1.4406821810215236 1.133238222438077 0.59665565300973233 -1.6818607239643824 -1.6818607239643824 -0.73809397042093272 0.98043742478941043 1.6469122769853601 0.68026781609195408
decision_type=2 2 2 2 2 2 2 2 2 2 2 2 2 2 2 2 2 2 2 2 2 2 2 2 2 2 2 2 2 2 2 2 2 2 2 2 2 2 2 2 2
left_child=2 35 16 4 6 9 12 -3 25 -6 -11 30 -4 -14 -8 -12 18 -16 39 -9 -13 -21 40 -24 -22 -5 -27 28 -28 -26 31 -10 -25 34 -32 -2 -37 -38 -33 -1 -7
right_child=1 7 3 8 5 22 14 19 11 10 15 20 13 -15 17 -17 -18 -19 -20 21 24 -23 23 32 29 26 27 -29 -30 -31 33 38 -34 -35 -36 36 37 -39 -40 -41 -42
leaf_value=-0.0014524716244596076 0 0 0 0 0 0.00013180427938151319 0 0 0 0 0.001101705582013149 0 0 0.00081881629261791361 0 0 0 -0.0014467669122290494 0 0 0 -0.0022661443652698962 0 -0.00053944049852758247 0 0 0 0 0.00092475883643427083 -0.00087994975859544123 0 -0.00042936650232641292 0 0 0.0003249821636359458 0 0.0007938495872790944 0 0 0 0
leaf_weight=9699 2535 4131 7975 6150 1138 8095 1321 1319 102 459 77230 2057 185 22691 8884 5305 173 4283 26 363 97 23686 975 11337 543 981 287 1257 8793 25015 4746 7626 101 8858 13129 697 8325 565 547 311 91
leaf_count=9699 2535 4131 7975 6150 1138 8095 1321 1319 102 459 77230 2057 185 22691 8884 5305 173 4283 26 363 97 23686 975 11337 543 981 287 1257 8793 25015 4746 7626 101 8858 13129 697 8325 565 547 311 91
internal_value=-3.92629e-05 -0.00125896 0.000131705 0.000243527 0.000566189 0.000760804 0 -0.00191474 -0.000232718 0.000970147 0.00101354 -0.000431841 0.000456062 0.000698516 -0.000607853 0.00105462 -0.0013145 -0.00079895 -0.00138093 -0.00217003 -0.000778872 -0.00223938 0 -0.000236139 -0.000837366 0 0.000252976 0.000501244 0.000731236 -0.000857427 0 -0.000247943 -0.000495523 0 0.000130521 0 0.000151015 0.000591635 -0.000384201 -0.00142969 0.000114763
internal_weight=282088 41621 240467 230258 150070 104731 45339 29499 80188 84132 82994 62720 30851 22876 14488 82535 10209 13167 10036 25368 27712 24049 20599 12413 25655 17468 11318 10337 9080 25558 35008 8275 11438 26733 17875 12122 9587 8890 8173 10010 8186
internal_count=282088 41621 240467 230258 150070 104731 45339 29499 80188 84132 82994 62720 30851 22876 14488 82535 10209 13167 10036 25368 27712 24049 20599 12413 25655 17468 11318 10337 9080 25558 35008 8275 11438 26733 17875 12122 9587 8890 8173 10010 8186
is_linear=0
shrinkage=0.05


Tree=14
num_leaves=47
num_cat=0
split_feature=6 3 0 2 1 6 6 5 0 2 3 5 3 6 6 2 0 0 3 1 3 1 3 0 5 1 5 1 1 1 2 0 5 5 1 0 1 1 5 5 5 3 0 0 2 0
split_gain=28.0888 18.0173 11.5164 7.26558 6.9354 4.77495 7.21796 4.23142 6.18449 3.18488 2.76 5.11614 2.85424 2.59019 2.55347 2.31528 1.99722 1.88642 1.15474 0.937504 0.91026 0.689554 0.645029 0.640059 0.432915 1.87508 0.797905 0.307205 0.290291 0.245684 0.238036 0.20928 0.975823 0.97294 1.05044 0.976981 0.0894051 0.0319084 0.0487948 0.0122574 0.0197023 0.00423012 0.284392 0.546888 0.0283833 0.151912
threshold=1.5850780926390684 0.44569734165431169 -1.5268215010141983 -0.88928100068945126 -1.544746177735308 0.68026781609195408 -1.1492574925074923 0.83137641256165318 1.6720433884761288 0.57168636363636371 -0.42329602052623633 -0.079191122683032675 -1.6562519875823425 1.533482767617828 -1.3462005965697239 1.7174409749670621 0.086193262411347532 -0.44961530249110321 0.60932835446844791 -1.6696158719329448 1.6879917274939176 1.6347157246119208 0.15674673152934013 1.4283635385730657 -0.26230198537095079 -1.3778194577352469 1.6720433884761288 1.6837895206243034 1.7175314910526454 -1.1114795444854138 -1.6691913763281441 0.25248733667558526 1.5450759947154811 -1.2100998830521015 -1.6696158719329448 0.76386024125746321 -1.4615602398172818 1.4657381313131317 -1.6951091451427021 0.35088221387153756 -1.0838140715109572 -1.2361289549376797 0.16966777082566567 -1.2742672165047606 -1.1672292861544291 -1.455392381426615
decision_type=2 2 2 2 2 2 2 2 2 2 2 2 2 2 2 2 2 2 2 2 2 2 2 2 2 2 2 2 2 2 2 2 2 2 2 2 2 2 2 2 2 2 2 2 2 2
left_child=1 2 13 31 -2 6 41 14 16 21 12 17 -8 19 23 -14 -9 -12 -18 -1 -20 36 -13 27 37 -26 28 29 -27 -5 -21 -3 33 -33 -35 -36 -6 38 -7 40 -16 44 43 -43 -4 -46
right_child=4 3 5 7 9 24 10 8 -10 -11 11 22 15 -15 39 -17 18 -19 20 30 -22 -23 -24 -25 25 26 -28 -29 -30 -31 -32 32 -34 34 35 -37 -38 -39 -40 -41 -42 42 -44 -45 45 -47
leaf_value=0 0 0 0 0 0 0 0 0 0 0 0 -0.00048806110305316201 0.0013223717334387938 0 0 0 0 0.00085436914652089416 -0.0018549680170243318 0 0 0 0 0 0 -0.00068729505647572567 0 0 0 -0.0012831804023524895 -0.0011377483746600678 0 0 0 0 0.00092121426107228733 -0.0031033839569510301 0 0.00026193306553198338 0 -5.7190948080076509e-05 0 0 0.0003007632267835666 0 -0.00035901752802951627
leaf_weight=760 1418 2003 219 41 341 160 285 1129 1733 938 5360 7472 52488 584 9372 299 684 25631 20993 128 309 30 4053 190 3562 16321 96 182 71 6197 12459 1759 1312 918 3510 11749 9569 235 9741 10761 23847 1005 6267 22510 481 2916
leaf_count=760 1418 2003 219 41 341 160 285 1129 1733 938 5360 7472 52488 584 9372 299 684 25631 20993 128 309 30 4053 190 3562 16321 96 182 71 6197 12459 1759 1312 918 3510 11749 9569 235 9741 10761 23847 1005 6267 22510 481 2916
internal_value=-4.25137e-05 2.89571e-05 0.000368626 -0.000471987 -0.00233995 0.000530306 0.000662477 -0.000723869 -0.00138271 -0.00276876 0.000882569 0.000211763 0.00122015 -0.000717245 -0.000187254 0.00127688 -0.00164444 0.000675758 -0.0017495 -0.00100047 -0.00181337 -0.00301766 -0.000158902 -0.00106642 0 -0.000167071 -0.000555311 -0.00118181 -0.000653942 -0.00124361 -0.00111207 0 0.000162437 0.000400003 0.0005674 0.000711611 -0.00304904 0.00021738 0.000236482 0 -3.011e-05 0 1.86627e-05 0.000173046 0 -0.000133558
internal_weight=282088 269792 173103 96689 12296 159172 128986 75438 24848 10878 95588 42516 53072 13931 50590 52787 23115 30991 21986 13347 21302 9940 11525 6610 30186 20050 16488 6420 16392 6238 12587 21251 19248 17936 16177 15259 9910 10136 9901 43980 33219 33398 29782 23515 3616 3397
internal_count=282088 269792 173103 96689 12296 159172 128986 75438 24848 10878 95588 42516 53072 13931 50590 52787 23115 30991 21986 13347 21302 9940 11525 6610 30186 20050 16488 6420 16392 6238 12587 21251 19248 17936 16177 15259 9910 10136 9901 43980 33219 33398 29782 23515 3616 3397
is_linear=0
shrinkage=0.05


Tree=15
num_leaves=42
num_cat=0
split_feature=6 0 0 2 1 6 6 5 2 6 2 2 1 0 1 6 1 0 1 0 2 0 5 0 1 1 5 0 5 5 6 2 6 1 1 2 1 6 1 0 1
split_gain=25.3377 11.263 11.5525 10.6451 6.43452 5.30324 7.85635 4.48672 2.89608 2.81223 1.15689 1.03709 2.76959 1.14989 1.41083 1.22129 1.0428 1.72561 1.24728 1.01816 1.15362 1.00246 0.725552 0.684924 0.652521 0.40485 1.81231 2.5372 0.888989 0.338041 0.231997 0.087834 1.05103 0.382706 0.0695362 0.0439267 0.0350348 0.208395 0.0276757 0.00293403 0.014725
threshold=1.5850780926390684 0.6408539211653399 -1.5268215010141983 -0.079752775926461475 -1.544746177735308 0.8191701754385966 -1.1492574925074923 -1.0838140715109572 0.57168636363636371 1.533482767617828 1.7174409749670621 -1.1944639439963181 -1.5300381885606227 0.75098562920126521 -0.77925778035913051 -1.3722678160919537 -0.24630791505791508 1.6720433884761288 -1.0838140715109572 -1.6565130441320199 -1.7068173553904511 1.6953421404682276 -1.7068947603121514 -1.4712559614593166 1.6347157246119208 -1.4748081949841043 -0.18227154452136543 -1.314555477031802 1.5840593031875463 1.7173952222959523 1.572451355661882 -0.61596354771302531 -1.5118557232241441 0.89726016848831736 -0.64205679709750985 1.6720433884761288 -0.69672492542878428 -1.1761537366548038 -1.4615602398172818 1.6602182902854048 1.1995068524970967
decision_type=2 2 2 2 2 2 2 2 2 2 2 2 2 2 2 2 2 2 2 2 2 2 2 2 2 2 2 2 2 2 2 2 2 2 2 2 2 2 2 2 2
left_child=1 2 9 11 -2 6 31 -5 24 19 22 12 -3 -14 15 -15 17 18 -13 20 -1 30 -8 -24 38 -7 -27 -28 -29 -20 34 36 33 -33 -9 -22 37 -4 -6 40 -18
right_child=4 3 5 7 8 25 10 21 -10 -11 -12 16 13 14 -16 -17 39 -19 29 -21 35 -23 23 -25 -26 26 27 28 -30 -31 -32 32 -34 -35 -36 -37 -38 -39 -40 -41 -42
leaf_value=0 0 0 0.00032124928505277523 0 0 0 0 0 0 0 0 0 0 0 0 0.0017360266953633373 8.7274961903743782e-05 0 -0.00082659564737507657 0 -0.0022975085511978701 0 0 0.00080579316988164712 0 0 0 -0.001097172645920433 0 0 0 -0.00068301666792572563 0 0 -0.0012166840258092983 0 0 0 -0.0029570965715132701 0 0
leaf_weight=105 1418 4279 5316 5953 341 3374 283 35 938 602 645 4010 774 102 484 5714 5215 619 15349 9387 3936 662 2615 108165 30 8051 3038 11139 342 42 193 7573 19296 4246 37049 104 531 286 9569 164 114
leaf_count=105 1418 4279 5316 5953 341 3374 283 35 938 602 645 4010 774 102 484 5714 5215 619 15349 9387 3936 662 2615 108165 30 8051 3038 11139 342 42 193 7573 19296 4246 37049 104 531 286 9569 164 114
internal_value=-4.31172e-05 2.28344e-05 0.000268635 -0.000423887 -0.00222464 0.000422279 0.000545819 -0.000962822 -0.00263918 -0.000875274 0.000756079 0 0.000466108 0.00111499 0.00134195 0.00157748 0 -0.000355735 -0.000588527 -0.00113884 -0.00210038 -0.00116683 0.000775154 0.000786562 -0.00287653 0 -0.00020909 -0.000605871 -0.000992674 -0.000792813 -0.00120478 0 -8.32337e-05 -0.000479177 -0.00121422 -0.00226627 0 0.00011902 -0.00290751 0 3.52298e-05
internal_weight=282088 269792 189034 80758 12296 174900 148956 43892 10878 14134 111708 36866 11353 7074 6300 5816 25513 20020 19401 13532 4145 37939 111063 110780 9940 25944 22570 14519 11481 15391 37277 37248 31115 11819 37084 4040 6133 5602 9910 5493 5329
internal_count=282088 269792 189034 80758 12296 174900 148956 43892 10878 14134 111708 36866 11353 7074 6300 5816 25513 20020 19401 13532 4145 37939 111063 110780 9940 25944 22570 14519 11481 15391 37277 37248 31115 11819 37084 4040 6133 5602 9910 5493 5329
is_linear=0
shrinkage=0.05


Tree=16
num_leaves=33
num_cat=0
split_feature=6 3 0 4 6 6 2 5 0 6 3 3 5 6 2 2 0 6 3 3 0 3 0 5 5 4 0 2 2 5 5 5
split_gain=22.8912 15.0944 9.78822 6.04088 3.99308 4.99558 3.62642 3.37099 5.60915 2.29423 2.14749 2.79748 5.98664 2.0328 1.84927 2.30373 1.7532 1.3943 1.03289 0.835221 0.593332 0.221949 0.105431 0.807098 0.867042 0.847889 0.573693 0.0624152 0.794 0.00222051 0.00694895 0.00305462
threshold=1.5850780926390684 0.44569734165431169 -1.4712559614593166 -0.88928100068945126 -1.3722678160919537 0.95458251643409076 -0.98689280195576445 0.83137641256165318 1.6720433884761288 -1.3462005965697239 -1.6562519875823425 -0.42329602052623633 -0.091981389870435845 -1.1761537366548038 0.57168636363636371 -1.487091474505662 0.086193262411347532 1.5208414339965131 0.60932835446844791 1.6879917274939176 1.4283635385730657 0.32253563218390813 0.25248733667558526 1.5450759947154811 -1.2100998830521015 -1.6818607239643824 0.83274428011629376 -0.61596354771302531 0.61179447536590403 0.35088221387153756 -1.0838140715109572 -0.47628945109326865
decision_type=2 2 2 2 2 2 2 2 2 2 2 2 2 2 2 2 2 2 2 2 2 2 2 2 2 2 2 2 2 2 2 2
left_child=1 2 6 22 27 10 -1 9 16 20 -6 13 -13 -12 15 -2 -9 21 -18 -20 -5 -8 -3 24 -24 -26 -27 -4 -29 30 -11 -32
right_child=14 3 4 7 5 -7 17 8 -10 29 11 12 -14 -15 -16 -17 18 -19 19 -21 -22 -23 23 -25 25 26 -28 28 -30 -31 31 -33
leaf_value=0 0 0 0 -0.0011006508330845342 0 0 -0.0011900413261381802 0 0 0 0 0.00063794530247840713 -0.00027266301112521661 0.0011478104437827447 0 -0.0026193494107989855 0 0 -0.0017194271503836276 0 0 0 0 0 0 0 0.00082402502338338771 -0.00050774199188747334 0 0 -5.6813232085822104e-05 0
leaf_weight=5978 2032 2003 3077 6420 278 17733 12064 1129 1733 9372 5627 38322 14713 57856 938 9326 684 340 20993 309 190 35 1759 1312 610 4361 11205 7724 9356 10761 8887 14961
leaf_count=5978 2032 2003 3077 6420 278 17733 12064 1129 1733 9372 5627 38322 14713 57856 938 9326 684 340 20993 309 190 35 1759 1312 610 4361 11205 7724 9356 10761 8887 14961
internal_value=-4.07722e-05 2.00531e-05 0.000334266 -0.000435384 0.000501665 0.000602578 -0.00050271 -0.000664235 -0.00126521 -0.00015706 0.000724125 0.000755943 0.00019328 0.00105944 -0.00211477 -0.00228273 -0.00151974 -0.00103202 -0.00161845 -0.00167907 -0.000986482 -0.00116984 0 0.000115296 0.00035101 0.000515264 0.000637812 0 -9.39957e-05 0 -1.28154e-05 -3.0633e-05
internal_weight=282088 269792 173103 96689 154686 134529 18417 75439 24848 50591 116796 116518 53035 63483 12296 11358 23115 12439 21986 21302 6610 12099 21250 19247 17935 16176 15566 20157 17080 43981 33220 23848
internal_count=282088 269792 173103 96689 154686 134529 18417 75439 24848 50591 116796 116518 53035 63483 12296 11358 23115 12439 21986 21302 6610 12099 21250 19247 17935 16176 15566 20157 17080 43981 33220 23848
is_linear=0
shrinkage=0.05


Tree=17
num_leaves=37
num_cat=0
split_feature=6 3 0 4 6 6 5 0 6 3 5 3 0 6 2 2 2 0 3 3 3 0 4 0 5 5 2 2 0 5 5 0 5 5 5 5
split_gain=20.8319 13.6403 8.80234 5.49324 3.75505 4.85956 2.68414 5.2454 2.21184 2.17758 4.12671 2.58847 2.23943 2.06879 1.69481 1.68879 1.98507 1.61343 1.07283 0.947181 0.777799 0.561251 0.425661 0.722371 0.275553 0.310107 0.251574 0.6233 0.0671482 0.720347 0.806862 0.266485 0.0258789 0.00196922 0.00659199 0.00254237
threshold=1.5850780926390684 0.44569734165431169 -1.5268215010141983 -0.88928100068945126 -1.5118557232241441 0.68026781609195408 0.83137641256165318 1.6720433884761288 1.533482767617828 -0.42329602052623633 -0.039055183946488263 -1.6562519875823425 -0.44961530249110321 -1.3462005965697239 1.7174409749670621 0.57168636363636371 -1.487091474505662 0.086193262411347532 0.15674673152934013 0.60932835446844791 1.6879917274939176 1.4283635385730657 -1.7068173553904511 -1.6565130441320199 -0.26230198537095079 0.93948492338111744 -0.56115926963753038 0.5972993420210454 0.25248733667558526 1.5450759947154811 -1.2100998830521015 0.76386024125746321 -1.6951091451427021 0.35088221387153756 -1.0838140715109572 -0.47628945109326865
decision_type=2 2 2 2 2 2 2 2 2 2 2 2 2 2 2 2 2 2 2 2 2 2 2 2 2 2 2 2 2 2 2 2 2 2 2 2
left_child=1 2 8 28 26 9 13 17 22 11 12 -6 -11 21 -13 16 -2 -8 -12 -19 -21 -5 -1 -24 32 -26 -4 -28 -3 30 -30 -32 -7 34 -15 -36
right_child=15 3 4 6 5 24 7 -9 -10 10 18 14 -14 33 -16 -17 -18 19 -20 20 -22 -23 23 -25 25 -27 27 -29 29 -31 31 -33 -34 -35 35 -37
leaf_value=0 0 0 0 -0.0010501851807901597 0 0 0 0 0 0 -0.00059367998912599092 0.0010507584423220353 0.0007065594854562743 0 0 0 -0.0024960619485543626 0 0 -0.0016357706226638223 0 0 -0.0017309502928576006 0 -0.00029008979727766082 0 -0.00064331118637870287 0 0 0 0 0.00059599038613843559 0.00019765564436568107 0 -5.4146830706746344e-05 0
leaf_weight=180 2032 2003 1930 6420 336 163 1129 1733 584 6865 8399 63103 32973 9372 407 938 9326 684 4557 20993 309 190 3973 9194 12687 7363 4704 5712 1759 1312 3660 12516 9973 10761 8887 14961
leaf_count=180 2032 2003 1930 6420 336 163 1129 1733 584 6865 8399 63103 32973 9372 407 938 9326 684 4557 20993 309 190 3973 9194 12687 7363 4704 5712 1759 1312 3660 12516 9973 10761 8887 14961
internal_value=-4.24887e-05 1.37411e-05 0.000314527 -0.000417684 0.000460947 0.000542174 -0.000635514 -0.00119424 -0.000601181 0.000687961 0.000157179 0.000961849 0.000525282 -0.000149662 0.00101537 -0.00201992 -0.00218043 -0.00144358 -0.000188885 -0.00153848 -0.00159659 -0.00093735 -0.000879538 -0.000927965 0 -0.000128612 0 -0.000239148 0 9.20128e-05 0.000326077 0.000487714 0.000180102 0 -1.20685e-05 -2.95996e-05
internal_weight=282088 269792 173103 96689 159172 146826 75439 24848 13931 116640 52794 63846 39838 50591 63510 12296 11358 23115 12956 21986 21302 6610 13347 13167 30186 20050 12346 10416 21250 19247 17935 16176 10136 43981 33220 23848
internal_count=282088 269792 173103 96689 159172 146826 75439 24848 13931 116640 52794 63846 39838 50591 63510 12296 11358 23115 12956 21986 21302 6610 13347 13167 30186 20050 12346 10416 21250 19247 17935 16176 10136 43981 33220 23848
is_linear=0
shrinkage=0.05


Tree=18
num_leaves=37
num_cat=0
split_feature=6 2 0 0 1 6 5 0 6 1 2 2 0 0 5 6 6 4 5 2 2 4 1 1 1 2 6 1 1 6 5 5 5 0 5 6
split_gain=18.95 8.20993 10.5565 9.7802 5.2534 5.02921 4.84082 6.77639 4.24669 4.03021 2.22157 1.8156 1.71001 1.40636 2.73567 1.11912 0.870917 1.72135 1.3532 0.815227 2.13652 1.00171 0.798599 0.575866 0.563815 0.448771 0.382152 0.351959 0.401598 0.374247 0.344049 0.166618 0.12212 1.34061 0.0311714 0.0015782
threshold=1.5850780926390684 -0.83464874913818565 0.6408539211653399 -1.4712559614593166 -1.544746177735308 -1.3722678160919537 0.83137641256165318 1.6471963392397964 0.68026781609195408 -0.56033582276577598 0.57168636363636371 -0.57566897347174162 1.4798143906386159 -1.0521475341320701 1.413280735259012 1.5208414339965131 -0.44874022811739073 0.91201148670823773 0.72257954818553227 -1.2497761815779762 -1.0831502825421322 -1.6818607239643824 -1.1833713148851508 1.6347157246119208 -1.125394913305872 -0.80713982102908266 1.572451355661882 -0.76525302804048445 0.89726016848831736 -1.5118557232241441 1.2391774031264575 0.85899276585483497 -0.18227154452136543 -1.2322871905791875 1.6837895206243034 1.4143713845424375
decision_type=2 2 2 2 2 2 2 2 2 2 2 2 2 2 2 2 2 2 2 2 2 2 2 2 2 2 2 2 2 2 2 2 2 2 2 2
left_child=1 12 3 15 -2 27 16 22 9 -7 23 -11 13 31 19 24 17 18 25 21 35 -15 -8 -6 -3 -4 -23 -5 29 -29 -22 -1 -10 -34 -33 -21
right_child=4 2 6 5 10 8 7 -9 32 11 -12 -13 -14 14 -16 -17 -18 -19 -20 20 30 26 -24 -25 -26 -27 -28 28 -30 -31 -32 34 33 -35 -36 -37
leaf_value=0 0 0 0 0 -0.0025472280587812172 0 0 0 0 0 0 0.00077163208337913602 0 0 0 0 0 0 0 -2.0165016566826525e-05 0.00065369077061731178 0.0013160008292317001 -0.0016896368868067422 0 -0.0013084507834409112 -0.0011439800849705436 0 -0.00066756382677837789 0 0 0 0.00025851493247434904 0 -0.00060748899606168387 0 0
leaf_weight=9751 1418 68 100 1523 9910 11566 50 2632 6416 2332 938 76226 3568 1096 1433 320 23770 6425 323 9122 13959 21377 20261 30 11462 7827 60 7200 7103 4406 401 6818 2287 9328 232 350
leaf_count=9751 1418 68 100 1523 9910 11566 50 2632 6416 2332 938 76226 3568 1096 1433 320 23770 6425 323 9122 13959 21377 20261 30 11462 7827 60 7200 7103 4406 401 6818 2287 9328 232 350
internal_value=-4.5252e-05 6.5473e-06 -0.000113925 6.17023e-05 -0.00192953 0.000257868 -0.000677921 -0.00131315 0.00043421 0.000585716 -0.00230867 0.000721468 0.000510437 0.000583435 0.000728891 -0.00114898 -2.13869e-05 -0.000379325 -0.000857833 0.000832575 2.18825e-05 0.00122293 -0.00165906 -0.00251655 -0.00125938 -0.0010777 0.00129759 -0.000176452 -0.000281439 -0.000455802 0.000598561 0 0 -0.000158218 0.000233637 0
internal_weight=282088 269792 201625 140237 12296 128387 61388 22943 108155 90124 10878 78558 68167 64599 47798 11850 38445 14675 8250 46365 23832 22533 20311 9940 11530 7927 21437 20232 18709 11606 14360 16801 18031 11615 7050 9472
internal_count=282088 269792 201625 140237 12296 128387 61388 22943 108155 90124 10878 78558 68167 64599 47798 11850 38445 14675 8250 46365 23832 22533 20311 9940 11530 7927 21437 20232 18709 11606 14360 16801 18031 11615 7050 9472
is_linear=0
shrinkage=0.05


Tree=19
num_leaves=40
num_cat=0
split_feature=5 5 0 1 3 0 5 3 1 2 3 2 0 3 5 1 0 5 5 3 2 5 0 0 0 1 1 5 0 2 0 2 2 1 2 3 1 1 1
split_gain=16.9117 9.00677 8.17278 8.11288 5.90968 7.09456 11.3385 5.26936 3.0473 2.65445 2.71087 2.43619 2.46942 2.32949 1.99179 1.95302 1.36144 2.47669 1.19683 1.16007 1.11477 1.05496 0.926847 0.896452 0.841384 1.1833 1.10146 0.829426 0.584794 0.500768 0.429912 0.400306 0.365002 0.33172 0.306429 0.149927 2.04568e-05 0.296661 0.0614762
threshold=1.5324515819750721 -1.6951091451427021 -0.95437661062707069 0.29342985272257127 0.44569734165431169 -0.87249639918951227 0.44645448120783832 -0.50742591283863347 0.7466970844377131 -0.90364443709625974 1.0222958408857103 -0.4399326758400755 -0.64085392116533979 -1.3197980275202263 -1.4606310115589625 -1.6436539145907472 -1.4712559614593166 -0.62828020571645249 1.3869982814126305 -1.6562519875823425 0.51513449085604501 -1.3342385762385758 1.3337236952861955 1.6471963392397964 0.76386024125746321 -1.626026421404682 -0.36902634032634035 -1.2100998830521015 1.5338106382978727 -1.6691913763281441 -1.0666860770368956 -1.69426839672947 -1.5840593031875461 1.572451355661882 -1.7068173553904511 0.43176194539249146 -0.16760599848958899 1.133238222438077 -1.125394913305872
decision_type=2 2 2 2 2 2 2 2 2 2 2 2 2 2 2 2 2 2 2 2 2 2 2 2 2 2 2 2 2 2 2 2 2 2 2 2 2 2 2
left_child=1 3 -2 15 5 7 13 16 29 24 36 -8 -13 -7 -9 -1 18 -18 31 -19 28 -12 -14 30 -6 -26 27 -27 -17 -4 -23 -3 -16 -34 -15 -36 38 -38 -11
right_child=2 4 8 -5 9 6 11 14 -10 10 21 12 22 34 32 20 17 19 -20 -21 -22 23 -24 -25 25 26 -28 -29 -30 -31 -32 -33 33 -35 35 -37 37 -39 -40
leaf_value=0 0 0 0 0 0 0 0 0 0 0 0 0 -0.0012785243623663668 0 0 -0.0050474857269219844 0 0 0 0.00061568435498158159 0 0 0 0 0 0 0 0.00092414382486298542 0 -0.0026562903025195272 -0.00081121594929564752 -0.00055825304662457723 -0.0019750793209252888 0 0.00086794778745193091 0 0.0002015127176256989 0 -0.00012486362471562533
leaf_weight=41 4585 342 366 796 6393 1000 6198 274 2152 222 1861 2283 8926 82 227 1388 10141 244 2481 31666 20 131 294 1357 1559 806 712 10998 21 9640 33123 13103 4519 274 86864 920 17683 9116 9280
leaf_count=41 4585 342 366 796 6393 1000 6198 274 2152 222 1861 2283 8926 82 227 1388 10141 244 2481 31666 20 131 294 1357 1559 806 712 10998 21 9640 33123 13103 4519 274 86864 920 17683 9116 9280
internal_value=-4.59159e-05 1.49325e-05 -0.00157209 -0.00269972 8.32207e-05 0.000284432 0.000542408 0 -0.00222821 -0.000173155 -0.000358909 -0.000229055 -0.0007638 0.000811547 -0.00149743 -0.00447284 0 0.000271041 -0.000128301 0.000535686 -0.00477949 -0.000661757 -0.00116154 -0.000732136 0 0.000378843 0.000621675 0.000794378 -0.00494708 -0.00258722 -0.000789784 -0.000482386 -0.00180028 -0.00188354 0.000855511 0.000860958 0 0 -2.25214e-06
internal_weight=282088 265345 16743 2266 263079 169838 106567 63271 12158 93241 72773 17701 11503 88866 5294 1470 57977 42051 15926 31910 1429 36472 9220 34611 20468 14075 12516 11804 1409 10006 33254 13445 5020 4793 87866 87784 36301 26799 9502
internal_count=282088 265345 16743 2266 263079 169838 106567 63271 12158 93241 72773 17701 11503 88866 5294 1470 57977 42051 15926 31910 1429 36472 9220 34611 20468 14075 12516 11804 1409 10006 33254 13445 5020 4793 87866 87784 36301 26799 9502
is_linear=0
shrinkage=0.05


Tree=20
num_leaves=33
num_cat=0
split_feature=5 5 1 0 2 5 3 0 3 0 1 5 4 1 0 3 2 2 5 0 0 1 0 5 1 5 0 0 5 2 1 1
split_gain=15.281 8.12136 7.62268 7.51436 5.25621 5.10553 6.31606 4.65052 7.50133 3.72128 2.69003 2.47321 2.15187 1.86757 1.83737 1.71548 1.212 1.06805 0.967484 1.11873 0.838155 2.56837 4.38466 0.810852 0.659421 0.874927 0.87839 0.556919 0.443824 0.432237 0.416307 0.394374
threshold=1.5324515819750721 -1.6951091451427021 0.29342985272257127 -0.95437661062707069 -1.2497761815779762 0.19821525096525108 -0.6163693890126557 -1.2322871905791875 0.43176194539249146 -1.1632769261871065 0.7466970844377131 0.059862308429118924 -1.6818607239643824 -1.6436539145907472 -0.87249639918951227 -1.4170763656633218 -0.37135363026235507 0.51513449085604501 1.4396909466372554 1.6224349123016348 -1.6419261081138259 0.63863221957614702 -0.69439518060745409 -1.5707782622860436 -0.62828020571645249 1.413280735259012 1.4406821810215236 1.5338106382978727 -0.18227154452136543 -1.6691913763281441 -1.3082000174840458 -1.0280602403424621
decision_type=2 2 2 2 2 2 2 2 2 2 2 2 2 2 2 2 2 2 2 2 2 2 2 2 2 2 2 2 2 2 2 2
left_child=1 2 13 -2 9 7 20 11 14 -3 29 23 -11 -1 -9 -16 -8 27 19 -18 -7 22 -22 -6 25 26 -14 -15 31 -5 -25 -10
right_child=3 4 -4 10 5 6 16 8 28 12 -12 -13 24 17 15 -17 18 -19 -20 -21 21 -23 -24 30 -26 -27 -28 -29 -30 -31 -32 -33
leaf_value=0 0 0 0 0 0 0 0 0 0 0 0 0 0.0012523071527685359 -0.0048695784502511448 0 0.00074489007691756629 -0.00092609805281492765 0 0 0 0.0010551219302012535 0 0 0 0 0 0 0 0 -0.0025310242858118037 -0.001234439483617753 -0.00027071783614145297
leaf_weight=41 4585 8608 796 366 561 2414 16446 14554 2394 1508 2152 1204 21907 1388 357 71991 37301 20 2822 1131 16915 10454 3543 137 866 812 1360 21 9133 9640 7608 29053
leaf_count=41 4585 8608 796 366 561 2414 16446 14554 2394 1508 2152 1204 21907 1388 357 71991 37301 20 2822 1131 16915 10454 3543 137 866 812 1360 21 9133 9640 7608 29053
internal_value=-4.95107e-05 6.29663e-06 -0.00257668 -0.00149819 7.31821e-05 0 -0.000303787 0.000176994 0.000315015 0.000638983 -0.0021277 -0.000565569 0.000939381 -0.00430204 0.000598964 0.000702381 -0.000644972 -0.00460521 -0.000807433 -0.000872413 0 0.000257944 0.000636229 -0.00102905 0.0010702 0.0011191 0.00117761 -0.00477105 -4.30615e-05 -0.00246628 -0.00117208 -0.000192423
internal_weight=282088 265345 2266 16743 263079 228018 91026 136992 127482 35061 12158 9510 26453 1470 86902 72348 57700 1429 41254 38432 33326 30912 20458 8306 24945 24079 23267 1409 40580 10006 7745 31447
internal_count=282088 265345 2266 16743 263079 228018 91026 136992 127482 35061 12158 9510 26453 1470 86902 72348 57700 1429 41254 38432 33326 30912 20458 8306 24945 24079 23267 1409 40580 10006 7745 31447
is_linear=0
shrinkage=0.05


Tree=21
num_leaves=42
num_cat=0
split_feature=6 3 0 3 5 1 6 2 0 0 1 0 5 0 3 2 6 3 0 1 6 2 0 5 3 3 5 1 5 1 1 2 0 2 0 6 1 5 5 0 0
split_gain=15.3664 9.07889 6.61166 8.27413 7.45511 4.57932 3.79869 3.78206 2.12117 4.18191 3.61599 2.11002 5.28946 3.37589 2.79502 1.95238 1.75444 1.46571 1.27341 1.37124 1.16497 1.0354 2.49698 1.18235 1.02883 0.952555 0.952386 0.926833 0.565754 0.520914 0.409836 0.294596 0.270066 0.19233 0.134452 0.0852234 0.0159268 0.00270752 0.589778 1.10063 0.000605934
threshold=1.5850780926390684 0.44569734165431169 -0.87249639918951227 -0.50742591283863347 0.44645448120783832 -1.544746177735308 -1.6253274354281062 -0.88928100068945126 1.6720433884761288 1.3337236952861955 -0.23294210186976136 -1.6108946557649009 0.85899276585483497 -0.95437661062707069 -1.6818607239643824 0.57168636363636371 1.0770577109723021 -1.3749811220291397 1.2802624548736465 -1.1690801491146317 1.5208414339965131 -0.4399326758400755 -0.64085392116533979 1.6720433884761288 0.41821711530540567 1.6879917274939176 0.046288143176733708 -1.3922969532725629 -1.7068947603121514 1.6347157246119208 -1.1523690078037903 -1.7068173553904511 -1.6419261081138259 -1.5268215010141983 -1.1897584219858153 -1.4989476031215159 0.73440388741638285 0.046288143176733708 1.5450759947154811 0.88822252252252276 -0.94067349582008697
decision_type=2 2 2 2 2 2 2 2 2 2 2 2 2 2 2 2 2 2 2 2 2 2 2 2 2 2 2 2 2 2 2 2 2 2 2 2 2 2 2 2 2
left_child=1 2 3 11 6 -2 -4 37 9 10 18 20 34 14 -14 29 17 -8 19 -9 31 -6 -23 24 -24 26 -11 -5 -19 -7 -28 -1 -33 -29 -13 -35 -12 -3 39 -39 -36
right_child=5 7 4 27 21 15 16 8 -10 25 36 12 13 -15 -16 -17 -18 28 -20 -21 -22 22 23 -25 -26 -27 30 33 -30 -31 -32 32 -34 35 40 -37 -38 38 -40 -41 -42
leaf_value=0 0 0 0 0 0 -0.0023272796555975223 0 0 0 0 4.4640150299716283e-05 -0.00012834091575909224 0 0 0.0014827941886871379 0 0 0 0 -0.0011340997313324648 0 0 -0.0012212810242624179 0 0 0 0 0 0.00089346324424470665 0 -0.00167651582977968 -0.0010761652852236329 0 0 1.2579395671728664e-05 -0.002193174395615578 0 0 0 0.00068427276252087292 0
leaf_weight=129 1418 8024 4015 492 6142 9910 576 175 1866 2766 19400 19773 285 652 14021 938 4643 263 720 12697 498 2350 9046 53 217 329 76 32 80138 30 14341 4725 1931 422 14499 4350 23068 3416 1352 8459 3851
leaf_count=129 1418 8024 4015 492 6142 9910 576 175 1866 2766 19400 19773 285 652 14021 938 4643 263 720 12697 498 2350 9046 53 217 329 76 32 80138 30 14341 4725 1931 422 14499 4350 23068 3416 1352 8459 3851
internal_value=-5.23317e-05 0 0.00024387 -1.81337e-05 0.000498431 -0.00174454 0.000709974 -0.00035658 -0.000535791 -0.000604822 -0.000158687 0 0.000253709 0.001036 0.00129893 -0.00210216 0.000798568 0.000853108 -0.000859342 -0.00100729 -0.0004812 0 -0.000459737 -0.00094461 -0.00109424 -0.0014136 -0.00147286 -0.00187708 0.000882167 -0.00229717 -0.00165171 -0.000801622 -0.000869379 -0.00206776 0 -0.00209548 0 0 2.21407e-05 0.000344842 6.78472e-06
internal_weight=282088 269792 173103 65660 107443 12296 89635 96689 75438 73572 56060 60364 53081 14958 14306 10878 85620 80977 13592 12872 7283 17808 11666 9316 9263 17512 17183 5296 80401 9940 14417 6785 6656 4804 38123 4772 42468 21251 13227 11875 18350
internal_count=282088 269792 173103 65660 107443 12296 89635 96689 75438 73572 56060 60364 53081 14958 14306 10878 85620 80977 13592 12872 7283 17808 11666 9316 9263 17512 17183 5296 80401 9940 14417 6785 6656 4804 38123 4772 42468 21251 13227 11875 18350
is_linear=0
shrinkage=0.05


Tree=22
num_leaves=41
num_cat=0
split_feature=5 0 5 1 3 0 3 5 1 1 5 2 5 1 4 3 5 3 0 2 5 2 0 5 0 0 2 3 3 3 5 0 5 0 2 1 1 1 3 3
split_gain=13.1458 10.9525 8.05331 7.12367 3.98111 8.5926 3.40377 3.28686 2.21675 1.78169 1.56556 1.02134 0.728071 0.742082 0.65828 1.26264 0.720953 0.540889 0.529994 0.50259 0.466219 0.317572 0.256715 0.280377 0.240383 0.412026 0.195687 0.923425 0.178986 0.102763 1.23782 2.50822 1.24041 0.0530468 0.0346721 0.0235511 0.900519 0.119259 0.00200803 0.304074
threshold=1.2252884045077108 -1.1073197231833907 -1.6951091451427021 0.29342985272257127 0.33630398508048692 -1.1897584219858153 -1.2509252548396146 0.85899276585483497 -1.2666654566574704 -1.6436539145907472 0.44645448120783832 0.51513449085604501 -1.5567107023411368 -1.585078092639068 -0.88928100068945126 1.0222958408857103 -1.3342385762385758 1.0000000180025095e-35 1.5338106382978727 -1.7068173553904511 1.252969416351895 -1.3492126353790612 -1.2322871905791875 1.1981464951430825 0.76386024125746321 1.4944993050983839 0.63863221957614702 -0.94337336576467001 -0.22272996515679441 -1.6818607239643824 1.3869982814126305 -1.6818607239643824 1.6347157246119208 -0.28933841837416346 1.6100689638600543 -0.23294210186976136 1.133238222438077 -1.125394913305872 -1.026368926553672 -1.6691913763281441
decision_type=2 2 2 2 2 2 2 2 2 2 2 2 2 2 2 2 2 2 2 2 2 2 2 2 2 2 2 2 2 2 2 2 2 2 2 2 2 2 2 2
left_child=2 29 3 9 5 7 -7 12 -3 -1 17 18 -4 -14 24 35 -17 19 -11 -8 -10 -22 -18 -24 -6 -26 28 -28 -12 -2 -31 -32 -33 -19 -15 37 -37 -16 39 -9
right_child=1 8 4 -5 14 6 10 38 20 11 26 -13 13 34 15 16 22 33 -20 -21 21 -23 23 -25 25 -27 27 -29 -30 30 31 32 -34 -35 -36 36 -38 -39 -40 -41
leaf_value=0 0 0 0 0 0 0 0 0 0 -0.0046899164282442549 0.00033450836898191654 0 0 -0.00081454073390797074 0 0 0 0 0 0.00080701595578136346 0 -0.0016738624348817486 -0.00056871122195090358 0 0.00038631380017721149 0 0 -0.00068328142484230944 0 0 0 0.0015734648855673572 0 8.2463201278258017e-05 0 0.00032277949001707507 0 -0.0001807371972192371 0 0.00032831534918908236
leaf_weight=41 2535 4131 779 796 7716 6778 81 484 1319 1388 7789 20 1325 20331 225 1854 75 3560 21 72837 363 23686 24927 685 10348 1176 1322 4364 3291 3765 521 4558 743 18921 836 21279 10408 9546 746 6518
leaf_count=41 2535 4131 779 796 7716 6778 81 484 1319 1388 7789 20 1325 20331 225 1854 75 3560 21 72837 363 23686 24927 685 10348 1176 1322 4364 3291 3765 521 4558 743 18921 836 21279 10408 9546 746 6518
internal_value=-5.40139e-05 -0.000885739 4.90644e-05 -0.00245555 0.00012188 0.00029608 0.000523719 -0.000244911 -0.00141809 -0.00412955 0.000605182 -0.00442912 -0.00065113 -0.000719147 -5.83772e-05 -0.000167338 -0.000426064 0.000686294 -0.00459319 0.000795903 -0.00159521 -0.00165175 -0.000512794 -0.000536855 0 0.000222813 0 -4.28898e-06 0.000204801 0 0.000158954 0.000723479 0.001279 0 -0.000796233 0 2.85052e-05 -5.61677e-05 0 2.57297e-05
internal_weight=282088 41621 240467 2266 238201 149962 118943 31019 29499 1470 112165 1429 23271 22492 88239 68999 27541 95399 1409 72918 25368 24049 25687 25612 19240 11524 16766 5686 11080 12122 9587 5822 5301 22481 21167 41458 31687 9771 7748 7002
internal_count=282088 41621 240467 2266 238201 149962 118943 31019 29499 1470 112165 1429 23271 22492 88239 68999 27541 95399 1409 72918 25368 24049 25687 25612 19240 11524 16766 5686 11080 12122 9587 5822 5301 22481 21167 41458 31687 9771 7748 7002
is_linear=0
shrinkage=0.05


Tree=23
num_leaves=43
num_cat=0
split_feature=6 2 0 0 1 5 0 6 6 2 1 2 6 2 6 1 2 1 5 6 1 1 6 2 6 2 5 6 1 1 2 1 1 5 1 6 0 0 6 1 5 5
split_gain=13.1251 5.82992 6.63943 8.54072 4.09975 3.76822 3.72323 3.60709 2.68359 4.09591 2.55271 1.78907 1.73127 1.1715 1.02369 1.00244 0.891576 0.873553 0.86649 0.822252 0.523872 0.485782 0.46122 1.33316 0.427016 0.536913 0.400637 0.39994 0.312882 0.307653 0.153814 0.146731 0.123063 0.207743 0.069731 0.628772 0.66065 0.260297 0.821531 0.0199152 0.000853954 0.0179614
threshold=1.5850780926390684 -0.83464874913818565 0.36420580094568122 -1.4712559614593166 -1.544746177735308 0.059862308429118924 1.6720433884761288 -1.3722678160919537 1.0094126848691698 -0.42645075312989039 -0.56033582276577598 0.57168636363636371 0.18441443298969082 -1.6818607239643824 1.5208414339965131 -1.125394913305872 1.7174409749670621 -0.24630791505791508 1.6471963392397964 -1.6816926975463558 -1.125394913305872 1.6347157246119208 -1.3722678160919537 1.4143713845424375 1.346865725366341 -0.79279612597547378 1.700072262773723 1.4661954073608057 -1.0427810128394823 -1.69426839672947 -0.84722519352568593 -0.68241927757018284 0.89726016848831736 1.0903945801072068 -1.125394913305872 0.37634279798876086 -1.5840593031875461 1.453440277777778 1.4001850917045264 -1.4615602398172818 -0.18227154452136543 1.5324515819750721
decision_type=2 2 2 2 2 2 2 2 2 2 2 2 2 2 2 2 2 2 2 2 2 2 2 2 2 2 2 2 2 2 2 2 2 2 2 2 2 2 2 2 2 2
left_child=1 12 3 14 -2 17 15 31 9 -9 -11 21 13 -1 20 -7 26 24 19 -15 -3 39 -19 27 25 -4 -17 -24 -27 -21 -31 -5 33 -33 35 -14 -37 38 -38 -6 -10 -42
right_child=4 2 5 7 11 6 -8 8 40 10 -12 -13 34 18 -16 16 -18 22 -20 29 -22 -23 23 -25 -26 28 -28 -29 -30 30 -32 32 -34 -35 -36 36 37 -39 -40 -41 41 -43
leaf_value=0 0 0 0 0 0 0 0 0 0 0 0.00075316068921919116 0 0 0 0 -0.0010310012502641132 0 0 0 0 -0.0012211302408670051 0 0.00051397865772182005 0 0 0 0 0 -0.0008613377345605246 0.00094402696853645464 0 -0.00034574612567161251 0 0 0 0 0.00060611439639140726 0 0 -0.0022113030939585835 -9.021953627964554e-05 0
leaf_weight=403 1418 68 451 1793 341 175 1786 13376 2314 2411 69663 938 3035 246 320 40323 581 3890 67 105 11462 30 20233 3668 270 168 266 337 6648 26972 556 9421 6150 246 13574 2492 16030 2461 2226 9569 5198 407
leaf_count=403 1418 68 451 1793 341 175 1786 13376 2314 2411 69663 938 3035 246 320 40323 581 3890 67 105 11462 30 20233 3668 270 168 266 337 6648 26972 556 9421 6150 246 13574 2492 16030 2461 2226 9569 5198 407
internal_value=-5.42835e-05 0 -0.000114531 4.3803e-05 -0.00161643 -0.000489431 -0.000806537 0.000259276 0.000419273 0.000519571 0.000678668 -0.0019572 0.000416439 0.00074948 -0.00106461 -0.000948802 -0.000981847 0 0.000819953 0.000866037 -0.00117245 -0.00214412 2.10405e-05 0.000216727 -0.000517158 -0.000642403 -0.00101576 0.000461186 -0.00078696 0.000910724 0.000927297 -9.94245e-06 -0.000149933 -0.000256889 0 8.06145e-05 0.00027093 0.000399425 0.000463605 -0.00217398 0 -1.85773e-05
internal_weight=282088 269792 201625 122829 12296 78796 43131 110979 93369 85450 72074 10878 68167 28349 11850 41345 41170 35665 27946 27879 11530 9940 28128 24238 7537 7267 40589 20570 6816 27633 27528 17610 15817 9667 39818 26244 23209 20717 18256 9910 7919 5605
internal_count=282088 269792 201625 122829 12296 78796 43131 110979 93369 85450 72074 10878 68167 28349 11850 41345 41170 35665 27946 27879 11530 9940 28128 24238 7537 7267 40589 20570 6816 27633 27528 17610 15817 9667 39818 26244 23209 20717 18256 9910 7919 5605
is_linear=0
shrinkage=0.05


Tree=24
num_leaves=36
num_cat=0
split_feature=6 3 0 5 2 0 6 1 3 6 1 0 6 0 2 3 2 0 1 5 1 3 2 2 6 3 1 0 2 1 1 1 2 3 3
split_gain=11.7655 6.89242 6.41908 6.22066 4.20301 5.61127 3.91218 3.81563 3.0506 2.12936 1.95619 1.92816 1.95541 1.69328 1.63434 1.4598 1.4172 1.91639 0.837848 0.708451 0.691297 0.599965 0.55528 0.53002 0.497133 0.483185 0.460636 0.391562 0.389804 0.277202 0.0615573 0.141436 0.037523 0.000526366 0.170988
threshold=1.5850780926390684 -0.42329602052623633 -1.4712559614593166 0.78971708831995169 -0.83464874913818565 1.6471963392397964 -1.1761537366548038 -1.544746177735308 -1.6104832358907049 1.346865725366341 -0.77925778035913051 -0.5847462825734896 -0.65354971115840665 0.36420580094568122 0.57168636363636371 1.4789283385988667 1.4143713845424375 -0.18259142125480149 1.7175314910526454 0.72257954818553227 -1.0838140715109572 -0.41076105002285784 -1.0139286146400484 -0.81978874521945 1.5208414339965131 -1.0403987936462162 1.6347157246119208 0.072335372960372957 -1.2497761815779762 1.253401700209966 -0.3946632520899564 1.7175314910526454 -0.8754848484848482 0.22591795974804116 -0.34356747473249799
decision_type=2 2 2 2 2 2 2 2 2 2 2 2 2 2 2 2 2 2 2 2 2 2 2 2 2 2 2 2 2 2 2 2 2 2 2
left_child=1 2 10 11 -5 20 30 -2 -8 18 -1 19 13 33 26 16 17 -14 27 22 -6 -22 -3 -15 25 28 -9 -10 -12 -25 -4 32 -32 34 -13
right_child=7 3 6 4 5 -7 8 14 9 -11 24 12 15 23 -16 -17 -18 -19 -20 -21 21 -23 -24 29 -26 -27 -28 -29 -30 -31 31 -33 -34 -35 -36
leaf_value=0 0 0 0 0 0 0 0 -0.0020731288449311928 0.00092703557578608558 0 0 0 0 0 0 0 0 0.00054020353693344178 0 0 0 -0.0013350159998545595 -0.00097878822667557606 -0.00066659238352481545 0 0 0 0 -0.00092871111378374982 0 0 0 -0.00022929102851098517 0 0.00017260174593607027
leaf_weight=7244 1418 1806 4576 9826 208 2624 1066 9910 60937 3101 67 1803 8277 2906 938 2224 5103 57162 310 189 68 26897 7508 14054 326 624 30 3871 9706 4694 24 169 10856 7754 13812
leaf_count=7244 1418 1806 4576 9826 208 2624 1066 9910 60937 3101 67 1803 8277 2906 938 2224 5103 57162 310 189 68 26897 7508 14054 326 624 30 3871 9706 4694 24 169 10856 7754 13812
internal_value=-5.63819e-05 0 0.000334464 -0.000183787 -0.00072632 -0.0010218 0.00056265 -0.00153427 0.000726198 0.000803981 -0.000173259 0 4.41061e-05 -7.42961e-05 -0.00186487 0.000257598 0.000346041 0.000427394 0.000870587 -0.000674678 -0.00128383 -0.00131279 -0.000801796 -0.000449117 -0.000694182 -0.000780647 -0.00204356 0.000890813 -0.000873386 -0.000548255 0 -0.000115032 -0.000210427 0 9.01385e-06
internal_weight=282088 269792 102877 166915 39623 29797 84910 12296 69285 68219 17967 127292 117789 45023 10878 72766 70542 65439 65118 9503 27173 26965 9314 21654 10723 10397 9940 64808 9773 18748 15625 11049 10880 23369 15615
internal_count=282088 269792 102877 166915 39623 29797 84910 12296 69285 68219 17967 127292 117789 45023 10878 72766 70542 65439 65118 9503 27173 26965 9314 21654 10723 10397 9940 64808 9773 18748 15625 11049 10880 23369 15615
is_linear=0
shrinkage=0.05


Tree=25
num_leaves=32
num_cat=0
split_feature=5 0 0 3 0 6 6 1 5 4 1 5 4 4 3 1 0 0 0 4 3 4 1 6 0 5 4 3 1 1 5
split_gain=10.5481 6.46515 5.76229 5.69488 4.36783 3.52755 3.70613 2.48212 2.33575 2.1894 5.01008 1.94207 1.93464 1.7728 1.47209 1.44327 1.31097 1.59878 1.0591 1.05249 0.956362 0.802672 0.626233 0.933555 0.494807 0.283963 0.264896 0.124563 0.0844873 0.101642 0.0548019
threshold=1.5324515819750721 -1.6419261081138259 -0.95437661062707069 -0.42329602052623633 -0.5847462825734896 0.68026781609195408 -1.5118557232241441 0.7466970844377131 1.4898976074614765 -0.83464874913818565 -0.23294210186976136 0.37795989196829721 0.18461542111506538 1.4794884476953445 -1.6691913763281441 -1.69426839672947 1.6720433884761288 0.23872111923836062 -0.19584252061248522 -1.6818607239643824 1.5845704821494297 1.71748639669335 -1.4748081949841043 -1.3169587449853302 -1.6108946557649009 -1.2374101930320149 -1.6691913763281441 1.452958885017422 -1.544746177735308 1.1190725490196078 1.4898976074614765
decision_type=2 2 2 2 2 2 2 2 2 2 2 2 2 2 2 2 2 2 2 2 2 2 2 2 2 2 2 2 2 2 2
left_child=1 8 -2 5 22 6 -3 26 15 18 16 13 -13 -12 -8 -1 17 -11 -6 -20 -21 24 -5 -24 -16 -25 -4 -17 -7 -30 -27
right_child=2 3 7 4 9 28 14 -9 -10 10 11 12 -14 -15 21 27 -18 -19 19 20 -22 -23 23 25 -26 30 -28 -29 29 -31 -32
leaf_value=0 0 0 0 0 0 0 0 0 0 0 0.00037177037211359829 0 -0.00053109157660649771 0 0 -0.0023686849387745531 0 -0.0010499601833087748 0 0.00062460335253661323 0 0 0 0 0.00076765029862377126 -0.0014131720223683924 -0.002179927108063234 0 -0.00015660632293452404 0 0
leaf_weight=209 4585 6371 366 782 3850 2786 430 2152 308 8160 54213 6198 22643 7395 783 3899 203 18617 943 29611 1038 434 1582 1175 65767 7731 9640 20 18392 1752 53
leaf_count=209 4585 6371 366 782 3850 2786 430 2152 308 8160 54213 6198 22643 7395 783 3899 203 18617 943 29611 1038 434 1582 1175 65767 7731 9640 20 18392 1752 53
internal_value=-5.72807e-05 0 -0.00125527 5.48322e-05 -7.52688e-05 0.000380545 0.000555026 -0.00180933 -0.00175069 0 -0.000107534 0 -0.000241356 0.000224748 0.000687883 -0.00212261 -0.000709906 -0.000792151 0.000337732 0.000458269 0.000548274 0.000728467 -0.000997861 -0.00109841 0.000750991 -0.001285 -0.00212726 -0.00234873 0 -0.000100953 -0.00140286
internal_weight=282088 265345 16743 260909 164194 96715 73785 12158 4436 152871 117429 90449 28841 61608 67414 4128 26980 26777 35442 31592 30649 66984 11323 10541 66550 8959 10006 3919 22930 20144 7784
internal_count=282088 265345 16743 260909 164194 96715 73785 12158 4436 152871 117429 90449 28841 61608 67414 4128 26980 26777 35442 31592 30649 66984 11323 10541 66550 8959 10006 3919 22930 20144 7784
is_linear=0
shrinkage=0.05


Tree=26
num_leaves=33
num_cat=0
split_feature=6 0 3 5 0 1 2 2 3 6 6 0 6 2 1 1 6 0 1 2 5 3 1 1 1 2 1 0 2 6 2 2
split_gain=9.99272 4.93798 7.58845 4.73349 4.39566 3.83503 3.52928 3.19055 3.18704 3.32263 2.58602 1.65085 1.14011 1.06268 0.967178 0.822479 0.514175 1.3042 1.14999 3.87457 1.09849 2.07628 0.45053 0.308023 0.295865 0.23228 0.225743 0.205138 0.14353 0.554746 0.040257 0.0399094
threshold=1.6604520661713547 -1.6419261081138259 -0.42329602052623633 0.59984983164983185 1.6471963392397964 -1.4874964912280699 -1.2217146652630519 -0.83464874913818565 -1.6562519875823425 -1.1761537366548038 1.346865725366341 -1.4712559614593166 1.6100689638600543 0.29522473284933526 -1.0838140715109572 1.7175314910526454 -0.46153855278766315 -0.18259142125480149 -0.027092620169421155 -0.80713982102908266 -1.5005403133451911 1.0222958408857103 1.452958885017422 -0.3946632520899564 -0.16760599848958899 1.6720433884761288 -1.1972365648050578 -1.7068173553904511 1.1451236194143279 -1.4019446792162886 0.072335372960372957 -0.8754848484848482
decision_type=2 2 2 2 2 2 2 2 2 2 2 2 2 2 2 2 2 2 2 2 2 2 2 2 2 2 2 2 2 2 2 2
left_child=1 6 8 16 7 -2 -1 -5 -3 23 11 -11 14 22 -9 -13 18 -18 19 -4 -19 -22 27 30 -21 31 -8 -7 29 -20 -10 -25
right_child=5 2 3 4 -6 13 26 12 9 10 -12 15 -14 -15 -16 -17 17 20 28 24 21 -23 -24 25 -26 -27 -28 -29 -30 -31 -32 -33
leaf_value=0 0 0 0 0 0 0 0 0 0.00014420235876408207 0 0 0.00082340410901366845 0 0 -0.0010686984105143192 0 0 0 0 -0.0010740745778531199 0.00058162939002311999 0 0 0 0 0 -0.00220720190997433 -0.0028785284291728457 0 0.00034137217450764797 0 -0.00034952742453894347
leaf_weight=1951 824 1821 8047 11968 4499 97 246 257 4806 9227 5454 65275 1206 846 33928 314 12032 4338 5001 11187 35506 12936 33 25 2068 494 3859 4231 13904 14399 110 11199
leaf_count=1951 824 1821 8047 11968 4499 97 246 257 4806 9227 5454 65275 1206 846 33928 314 12032 4338 5001 11187 35506 12936 33 25 2068 494 3859 4231 13904 14399 110 11199
internal_value=-5.96699e-05 0 1.94244e-05 -0.000139529 -0.000538024 -0.00198254 -0.00135818 -0.000738825 0.000397962 0.000493015 0.000629134 0.000714275 -0.000974275 -0.00247921 -0.00103156 0.000802311 0 0.000124313 -7.05751e-05 -0.000379396 0.000282915 0.000378342 -0.00278142 0 -0.000963197 -0.000248368 -0.00212027 -0.00283156 0 0.000134009 4.5492e-05 -0.000336837
internal_weight=282088 276057 270001 171276 51858 6031 6056 47359 98725 96904 80270 74816 35391 5207 34185 65589 119418 64812 54606 21302 52780 48442 4361 16634 13255 11718 4105 4328 33304 19400 4916 11224
internal_count=282088 276057 270001 171276 51858 6031 6056 47359 98725 96904 80270 74816 35391 5207 34185 65589 119418 64812 54606 21302 52780 48442 4361 16634 13255 11718 4105 4328 33304 19400 4916 11224
is_linear=0
shrinkage=0.05


Tree=27
num_leaves=42
num_cat=0
split_feature=6 3 0 3 5 1 6 2 0 6 1 2 3 5 0 1 0 0 6 6 2 1 2 1 1 2 0 0 1 1 0 0 1 1 3 1 6 6 6 3 3
split_gain=9.15701 4.99073 5.10224 7.32318 5.52782 3.27645 2.70662 2.50851 1.62982 1.51995 1.48925 1.38263 1.2965 1.27269 3.20791 3.35075 2.74308 1.21276 1.41374 1.17191 1.10162 1.07096 0.925449 0.503929 0.410627 0.407317 1.60344 0.553272 0.510842 0.269521 0.307084 0.0356825 1.72881 0.64912 0.0221195 0.0138617 0.0125453 0.0105492 0.0972434 0.00552684 0.0879067
threshold=1.5850780926390684 0.44569734165431169 -0.87249639918951227 -0.65721916376306611 0.24001688443255326 -1.544746177735308 -1.6253274354281062 -1.2085881181385405 1.6471963392397964 0.95458251643409076 0.36308774855038212 0.57168636363636371 -1.4437190951464178 0.059862308429118924 -1.6419261081138259 0.63863221957614702 -0.94067349582008697 -1.245102158273381 0.88624666034646238 -0.92647366522366503 -1.6104832358907049 -1.0838140715109572 1.4794884476953445 -1.2390945010754697 1.6347157246119208 -0.38478405967805257 -0.7085372390007455 1.3337236952861955 1.4798143906386159 0.70688650149069587 -1.0521475341320701 0.75098562920126521 -1.5300381885606227 -0.62828020571645249 1.7049727933867003 -1.4615602398172818 1.5591352709898969 1.4789283385988667 -1.0235067498416099 1.452958885017422 0.47292810734111684
decision_type=2 2 2 2 2 2 2 2 2 2 2 2 2 2 2 2 2 2 2 2 2 2 2 2 2 2 2 2 2 2 2 2 2 2 2 2 2 2 2 2 2
left_child=1 2 3 13 6 -2 -4 31 10 12 21 24 -8 17 37 16 -16 18 23 -5 -21 -9 -14 -1 35 -6 -27 28 -28 39 -31 -3 -33 -34 -32 -7 -22 38 -15 40 -12
right_child=5 7 4 19 25 11 9 8 -10 -11 29 -13 22 14 15 -17 -18 -19 -20 20 36 -23 -24 -25 -26 26 27 -29 -30 30 34 32 33 -35 -36 -37 -38 -39 -40 -41 -42
leaf_value=0 0 0 0 0 0 0 0 0 0 0 0 0 0.00082085367949458741 0 0.0010591134506646239 0 0 0 0 0 -0.002004466543172408 -0.00081513728208391359 0 -0.00109011821756303 0 0 -0.00082754277402473419 0 0 0 -0.00022296442106701218 0 0.0010168275837556988 0 0 -0.001900244607067357 0 0 -0.0002452325832812329 0 0.00016609527171095227
leaf_weight=947 1418 3630 3848 1985 8566 341 265 4907 3145 5697 236 938 69089 253 22735 8438 1124 12349 1351 257 5473 36555 4922 6242 30 2203 10644 264 1945 158 29528 3603 5255 306 42 9569 30 576 3900 1438 7886
leaf_count=947 1418 3630 3848 1985 8566 341 265 4907 3145 5697 236 938 69089 253 22735 8438 1124 12349 1351 257 5473 36555 4922 6242 30 2203 10644 264 1945 158 29528 3603 5255 306 42 9569 30 576 3900 1438 7886
internal_value=-6.09297e-05 0 0.000161824 -6.74153e-05 0.000396735 -0.00136355 0.000604306 -0.000285501 -0.000409992 0.000683103 -0.000474017 -0.00167457 0.000743576 0 0.000277677 0.000576299 0.000888561 -0.000114618 -0.000602771 -0.00149501 -0.00184303 -0.000723337 0.000773513 -0.000938819 -0.00183922 0 -0.000255188 -0.000611712 -0.000697652 0 -0.000149101 0 9.5677e-05 0.000847474 -0.000218655 -0.00186822 -0.00199823 0 -7.46391e-05 0 3.98451e-05
internal_weight=282088 269792 173103 65660 107443 12296 83821 96689 83895 79973 80750 10878 74276 57915 37026 32297 23859 20889 8540 7745 5760 41462 74011 7189 9940 23622 15056 12853 12589 39288 29728 12794 9164 5561 29570 9910 5503 4729 4153 9560 8122
internal_count=282088 269792 173103 65660 107443 12296 83821 96689 83895 79973 80750 10878 74276 57915 37026 32297 23859 20889 8540 7745 5760 41462 74011 7189 9940 23622 15056 12853 12589 39288 29728 12794 9164 5561 29570 9910 5503 4729 4153 9560 8122
is_linear=0
shrinkage=0.05


Tree=28
num_leaves=33
num_cat=0
split_feature=5 5 1 0 2 0 5 3 0 1 1 2 3 6 0 6 2 6 5 0 2 2 2 3 2 0 0 1 1 2 6 5
split_gain=8.43944 6.30115 6.52637 5.02201 3.22468 2.94201 2.34437 3.07007 2.65256 2.17895 1.67817 1.49096 1.17628 1.01035 3.19008 1.84753 2.11347 0.981158 0.996984 1.12901 0.971977 0.956396 0.93151 0.737268 0.673481 0.662016 0.501278 0.395337 0.315906 0.191374 0.0568499 0.0338506
threshold=1.5324515819750721 -1.6951091451427021 0.29342985272257127 -0.95437661062707069 -1.2497761815779762 -1.0666860770368956 -1.3197980275202263 0.03111551052624777 -0.76386024125746299 0.7466970844377131 -1.6436539145907472 -1.6818607239643824 1.0222958408857103 0.68026781609195408 -0.36965984804208057 -0.32796764506441917 -0.65721916376306611 0.77775764095128974 1.413280735259012 -0.065621469934244156 0.51513449085604501 0.95314142499104904 -1.1248024475524474 -1.4298930555555553 1.6720433884761288 0.36420580094568122 1.5338106382978727 -1.69426839672947 -0.62828020571645249 -1.6691913763281441 -0.73473679387914048 -0.066077185537055591
decision_type=2 2 2 2 2 2 2 2 2 2 2 2 2 2 2 2 2 2 2 2 2 2 2 2 2 2 2 2 2 2 2 2
left_child=1 2 10 -2 5 -3 7 8 -6 29 -1 -7 13 15 21 25 -17 18 19 -14 26 -15 -10 -13 -24 -8 -12 -25 -29 -5 -31 -16
right_child=3 4 -4 9 6 11 12 -9 22 -11 20 23 17 14 31 16 -18 -19 -20 -21 -22 -23 24 27 -26 -27 -28 28 -30 30 -32 -33
leaf_value=0 0 0 0 0 0 0 0 0 0 0 -0.0044878704788182322 0 0 -0.00091771029209992614 0.00010929854210657432 0 0.00050258224770397192 0 0 -0.00079408171890002195 0 0 0.0014894750695964906 0 0 -0.00030389735312026455 0 0.00099880154522563494 0 0 -0.0020145637115026155 0
leaf_weight=41 4585 9828 796 366 4615 1442 60149 13331 357 2152 1388 241 368 14608 6503 11325 38896 18050 1216 19315 20 2031 9490 198 68 17676 21 22530 822 167 9473 10020
leaf_count=41 4585 9828 796 366 4615 1442 60149 13331 357 2152 1388 241 368 14608 6503 11325 38896 18050 1216 19315 20 2031 9490 198 68 17676 21 22530 822 167 9473 10020
internal_value=-6.18743e-05 0 -0.00233051 -0.00113153 3.31771e-05 0.000484074 0 0.000376129 0.000879888 -0.00165128 -0.00393629 0.000780043 -9.56657e-05 0 -0.000268127 2.78836e-05 0.000303769 -0.000347658 -0.000580195 -0.000692695 -0.00423057 -0.000777181 0.00132152 0.000892975 0.00142744 -1.99026e-05 -0.00439303 0.000939016 0.000964542 -0.00194821 -0.00199456 0
internal_weight=282088 265345 2266 16743 263079 35061 228018 27861 14530 12158 1470 25233 200157 161208 33162 128046 50221 38949 20899 19683 1429 16639 9915 23791 9558 77825 1409 23550 23352 10006 9640 16523
internal_count=282088 265345 2266 16743 263079 35061 228018 27861 14530 12158 1470 25233 200157 161208 33162 128046 50221 38949 20899 19683 1429 16639 9915 23791 9558 77825 1409 23550 23352 10006 9640 16523
is_linear=0
shrinkage=0.05


Tree=29
num_leaves=32
num_cat=0
split_feature=5 5 1 0 2 0 5 3 0 1 1 4 3 2 2 2 3 2 0 0 3 5 2 5 0 2 0 1 0 1 2
split_gain=7.60295 5.70583 6.13155 4.63282 2.83143 2.68101 2.08666 2.79144 2.40867 1.9581 1.60523 1.44542 1.021 0.931692 0.922074 0.874887 0.698971 0.642716 0.579419 0.533602 3.81831 1.61207 1.47117 1.34417 1.05626 0.483129 0.477854 0.374154 0.315628 0.287923 0.157229
threshold=1.5324515819750721 -1.6951091451427021 0.29342985272257127 -0.95437661062707069 -1.2497761815779762 -1.0666860770368956 -1.3197980275202263 0.03111551052624777 -0.76386024125746299 0.7466970844377131 -1.6436539145907472 -1.6818607239643824 1.0222958408857103 0.51513449085604501 -0.90364443709625974 -1.0831502825421322 -1.4298930555555553 1.6720433884761288 1.6471963392397964 -0.36965984804208057 -0.58861862829324163 0.26728637653082415 1.4011781690140848 -0.8742353432881188 0.26639233526330297 -0.31805364170320377 1.5338106382978727 -1.69426839672947 0.086193262411347532 -0.62828020571645249 -1.6691913763281441
decision_type=2 2 2 2 2 2 2 2 2 2 2 2 2 2 2 2 2 2 2 2 2 2 2 2 2 2 2 2 2 2 2
left_child=1 2 10 -2 5 -3 7 8 -6 30 -1 -7 19 26 -14 -10 -13 -17 28 20 25 22 -21 -22 -23 -8 -12 -18 -16 -29 -5
right_child=3 4 -4 9 6 11 12 -9 15 -11 13 16 14 -15 18 17 27 -19 -20 21 23 24 -24 -25 -26 -27 -28 29 -30 -31 -32
leaf_value=0 0 0 0 0 0 0 -6.1178263531649942e-05 0 0 0 -0.0043296876880604433 0 0 0 0 0.0014280664078707513 0 0 0 0.0003832983190406709 0 0 0 -0.00092536972857051945 -0.00040695184369248302 0.00016994489869997785 0 0.00095359737481379733 -0.0005156298251980441 0 -0.0019011988691561106
leaf_weight=41 4585 9828 796 366 4615 1441 19361 13331 472 2152 1388 241 4395 20 672 9375 198 68 1356 52592 4510 7948 6436 15828 15878 38655 21 22531 32526 822 9640
leaf_count=41 4585 9828 796 366 4615 1441 19361 13331 472 2152 1388 241 4395 20 672 9375 198 68 1356 52592 4510 7948 6436 15828 15878 38655 21 22531 32526 822 9640
internal_value=-6.14266e-05 0 -0.00222111 -0.00107645 2.88568e-05 0.000452506 0 0.00035128 0.000833116 -0.00157638 -0.00378443 0.000736456 -9.22144e-05 -0.00407561 -0.000328258 0.00125418 0.000850114 0.00136574 -0.000432252 0 -0.000120436 4.76025e-05 0.000263351 -0.00071488 -5.90565e-05 0 -0.00423651 0.000895725 -0.000487057 0.000920892 -0.00185808
internal_weight=282088 265345 2266 16743 263079 35061 228018 27861 14530 12158 1470 25233 200157 1429 38949 9915 23792 9443 34554 161208 78354 82854 59028 20338 23826 58016 1409 23551 33198 23353 10006
internal_count=282088 265345 2266 16743 263079 35061 228018 27861 14530 12158 1470 25233 200157 1429 38949 9915 23792 9443 34554 161208 78354 82854 59028 20338 23826 58016 1409 23551 33198 23353 10006
is_linear=0
shrinkage=0.05


Tree=30
num_leaves=42
num_cat=0
split_feature=6 6 3 3 1 5 4 6 2 6 2 2 1 6 5 1 2 1 2 2 6 3 3 6 2 3 5 1 2 3 5 3 5 6 6 2 2 3 1 1 3
split_gain=7.6259 3.77629 3.27652 7.19813 3.26872 3.0531 3.54292 2.99378 2.4062 1.67276 1.52931 0.865799 0.743025 0.717101 0.680841 0.625567 0.595899 0.582417 2.27899 1.79605 1.66847 1.4923 1.43284 0.577565 0.707999 0.546119 0.41471 0.389705 0.28336 0.229172 0.211597 0.555784 0.152347 0.203643 0.0944014 0.0585273 0.0584764 0.0301929 0.648697 0.250251 0.0940713
threshold=1.6604520661713547 -1.5971549182524789 -0.42329602052623633 -1.6562519875823425 -1.5718975784531748 0.59984983164983185 0.17086472901010316 1.3337236952861955 -0.80713982102908266 1.6228051901884111 0.55660814963583138 0.29522473284933526 -0.8754848484848482 -1.472589131684876 1.4771372618835679 0.72057680901542132 -1.7068173553904511 -0.027092620169421155 1.4794884476953445 -0.46731489307209623 0.23851529182405279 -0.077552646285924884 1.4789283385988667 -1.1761537366548038 1.7174409749670621 -0.35676305655836338 -1.7068947603121514 1.452958885017422 -1.6818607239643824 -1.528258924107589 -0.91692240668786051 1.0496310734463279 0.26728637653082415 -1.5261172385620914 1.6485880053329718 1.697198207885305 0.2817740312645709 1.1046861880025618 -0.69672492542878428 1.1471978871910962 -0.27655972222222219
decision_type=2 2 2 2 2 2 2 2 2 2 2 2 2 2 2 2 2 2 2 2 2 2 2 2 2 2 2 2 2 2 2 2 2 2 2 2 2 2 2 2 2
left_child=1 8 3 16 -2 17 37 23 -1 13 12 27 -10 -8 15 29 -3 19 21 30 25 -19 -23 -5 26 -21 -25 28 -6 -14 -4 -32 33 -20 35 -18 -30 40 -39 -40 -7
right_child=4 2 5 7 11 6 9 -9 10 -11 -12 -13 14 -15 -16 -17 34 18 32 20 -22 22 -24 24 -26 -27 -28 -29 36 -31 31 -33 -34 -35 -36 -37 -38 38 39 -41 -42
leaf_value=0 0 0 0 0 0 0 0 0 0 0 0 0 0 -0.0010288230624161518 0 0 -0.0012103581865158897 0 0 0 0 0.00058005458735401459 0 0 0 -0.00097323498930394206 0.00063913885637480086 0 -0.0025443957119771795 -0.0023295748150823858 0.00031279459777057807 0 0 -0.00035325221813850712 0 0 0 0 0.00049050262277198326 0 -0.00017214746177130635
leaf_weight=921 663 162 12710 12971 53 717 381 6384 405 473 4848 846 106 21540 31 27 4714 11164 363 446 4030 42360 1092 152 422 10024 75696 33 4406 4008 19027 4504 1372 6551 73 61 30 9542 8760 118 9902
leaf_count=921 663 162 12710 12971 53 717 381 6384 405 473 4848 846 106 21540 31 27 4714 11164 363 446 4030 42360 1092 152 422 10024 75696 33 4406 4008 19027 4504 1372 6551 73 61 30 9542 8760 118 9902
internal_value=-6.11082e-05 0 1.64428e-05 0.000268805 -0.00174442 -7.57213e-05 -0.000406209 0.000449332 -0.000925956 -0.000871253 -0.00123996 -0.00218078 -0.00192973 -0.000980247 -0.00210522 -0.0021958 -0.00102595 0 0.000150492 -1.8879e-05 -0.00054676 0.000359539 0.000496758 0.000547334 0.000607392 -0.000886236 0.00062779 -0.00244303 -0.00248986 -0.00227648 0 0.000148118 -7.65154e-07 -0.000225426 -0.0011655 -0.00119204 -0.00253103 0 0 0.000414065 -8.20944e-05
internal_weight=282088 276057 265711 100635 6031 165076 51433 95625 10346 22394 9425 5368 4577 21921 4172 4141 5010 113643 62902 50741 14500 54616 43452 89241 76270 10470 75848 4522 4489 4114 36241 23531 8286 6914 4848 4775 4436 29039 18420 8878 10619
internal_count=282088 276057 265711 100635 6031 165076 51433 95625 10346 22394 9425 5368 4577 21921 4172 4141 5010 113643 62902 50741 14500 54616 43452 89241 76270 10470 75848 4522 4489 4114 36241 23531 8286 6914 4848 4775 4436 29039 18420 8878 10619
is_linear=0
shrinkage=0.05


Tree=31
num_leaves=40
num_cat=0
split_feature=6 0 3 2 1 5 0 3 6 2 6 0 6 6 0 2 0 1 5 2 3 1 2 0 3 2 1 1 2 2 1 2 2 2 6 6 6 0 0
split_gain=6.80974 4.11695 5.30541 3.20959 3.07517 2.77468 3.79572 2.62163 2.62303 2.20629 2.08377 1.46651 1.06211 1.43657 0.778734 0.7517 0.64917 0.387058 0.341745 1.67138 1.64701 1.5668 1.03893 2.02959 1.27858 0.55709 0.322589 0.299348 0.249678 0.230743 0.207198 0.0575197 0.0395445 0.0314831 0.00485587 0.00293918 0.010381 0.000185914 0.52976
threshold=1.6604520661713547 -1.6419261081138259 -0.42329602052623633 -1.2217146652630519 -1.5718975784531748 0.59984983164983185 1.6471963392397964 -1.6562519875823425 -1.1761537366548038 -0.83464874913818565 1.346865725366341 -1.4712559614593166 0.017896764527521054 1.6100689638600543 0.072335372960372957 0.29522473284933526 -1.7068173553904511 1.452958885017422 -0.91692240668786051 0.73457438115837548 0.018147075004584592 -1.0567356895801359 -0.079752775926461475 -0.32966157031374416 1.1046861880025618 1.346865725366341 1.452958885017422 -0.3946632520899564 -1.6818607239643824 1.6720433884761288 -1.1972365648050578 0.2817740312645709 -0.8754848484848482 0.072335372960372957 -0.73473679387914048 1.3599184638450008 1.6360099158307391 0.46033597364532614 1.0261700759789598
decision_type=2 2 2 2 2 2 2 2 2 2 2 2 2 2 2 2 2 2 2 2 2 2 2 2 2 2 2 2 2 2 2 2 2 2 2 2 2 2 2
left_child=1 3 7 -1 -2 18 9 -3 27 -7 11 -10 34 -14 -13 16 -6 28 19 20 -4 -22 23 -20 -25 26 -21 33 -18 32 -5 -30 -29 -9 -11 -8 -37 -24 -39
right_child=4 2 5 30 15 6 35 8 10 12 -12 14 13 -15 -16 -17 17 -19 22 25 21 -23 37 24 -26 -27 -28 29 31 -31 -32 -33 -34 -35 -36 36 -38 38 -40
leaf_value=0 0 0 0 0 0 0 0 0.00012368495899724521 0 -4.5643792494869414e-05 0 0.00074533106187477539 -0.0011345278611188502 0 0 0 0 0 0 0.0004665368610515741 0 -0.00086690433501360274 0 0.00069270154202371041 0 0 0 0 -0.0025265331205548071 0 -0.0020594409908909973 0 -0.00034724105861454039 0 0 0.00010818967927934666 0 -0.00031883358131417207 0
leaf_weight=1951 663 1821 9467 246 118 11968 1815 4806 9227 5246 5454 61637 23368 1206 3952 846 44 33 4993 9523 4094 16257 20624 22929 5510 5013 254 25 4297 494 3859 30 11199 110 5571 2264 420 12452 8302
leaf_count=1951 663 1821 9467 246 118 11968 1815 4806 9227 5246 5454 61637 23368 1206 3952 846 44 33 4993 9523 4094 16257 20624 22929 5510 5013 254 25 4297 494 3859 30 11199 110 5571 2264 420 12452 8302
internal_value=-6.48248e-05 0 3.37552e-06 -0.00124511 -0.00165965 -0.000123885 -0.000427293 0.000327159 0.000419838 -0.000630599 0.000541881 0.000619652 -0.000826614 -0.00104052 0.000702081 -0.00208655 -0.00233319 -0.00242862 0 -9.88072e-05 -0.000389828 -0.00064607 7.40313e-05 0.000297507 0.00052781 0 0.000366687 0 -0.00247647 -0.000246063 -0.00197689 -0.00251298 -0.000334584 2.59509e-05 0 0 4.74398e-05 0 -4.66746e-06
internal_weight=282088 276057 270001 6056 6031 171276 51858 98725 96904 47359 80270 74816 35391 24574 65589 5368 4522 4404 119418 44608 29818 20351 74810 33432 28439 14790 9777 16634 4371 11718 4105 4327 11224 4916 10817 4499 2684 41378 20754
internal_count=282088 276057 270001 6056 6031 171276 51858 98725 96904 47359 80270 74816 35391 24574 65589 5368 4522 4404 119418 44608 29818 20351 74810 33432 28439 14790 9777 16634 4371 11718 4105 4327 11224 4916 10817 4499 2684 41378 20754
is_linear=0
shrinkage=0.05


Tree=32
num_leaves=33
num_cat=0
split_feature=6 3 0 3 1 6 0 5 2 6 0 6 6 2 6 0 3 0 2 1 1 2 6 3 2 1 1 0 2 6 6 1
split_gain=6.18792 3.46991 4.49677 3.94591 2.60733 2.38385 2.46875 1.72249 2.09144 1.57793 2.61783 1.34083 1.29999 1.09375 1.0929 1.28544 1.10066 1.2511 1.5154 0.955226 0.821186 0.574952 0.565169 0.372679 0.359151 0.346163 0.343759 0.328931 0.150822 0.00822834 0.00784337 0.00546145
threshold=1.5850780926390684 -0.42329602052623633 -0.5847462825734896 -1.6562519875823425 -1.544746177735308 -1.5118557232241441 -1.5268215010141983 0.77654755895290994 -0.079752775926461475 1.4143713845424375 0.29522473284933526 1.4789283385988667 1.4283635385730657 0.57168636363636371 -0.65354971115840665 0.34958244215438466 1.4789283385988667 -0.18259142125480149 1.4143713845424375 -1.4748081949841043 -0.58747412587412573 1.7174409749670621 0.84697829756450471 1.4001850917045264 -0.81978874521945 1.6347157246119208 1.253401700209966 1.1741540667361836 1.697198207885305 1.4661954073608057 -1.5835445179913401 -1.4615602398172818
decision_type=2 2 2 2 2 2 2 2 2 2 2 2 2 2 2 2 2 2 2 2 2 2 2 2 2 2 2 2 2 2 2 2
left_child=1 3 19 11 -2 -5 -7 14 -9 10 -10 27 21 25 15 -4 17 -16 -19 -3 -12 22 -8 -21 -17 31 -26 28 29 30 -1 -6
right_child=4 2 7 5 13 6 12 8 9 -11 20 -13 -14 -15 16 24 -18 18 -20 23 -22 -23 -24 -25 26 -27 -28 -29 -30 -31 -32 -33
leaf_value=0 0 0 0 0 0 0 0.00067469015093316303 0 0 0 0 0 0 0 0 0 0 0.00046194849000517088 0 -0.0012877118751438491 -0.0011753035046547413 0 0 0 -0.00058722546995992018 0 0 0 0 0 -0.0012063652222822415 -0.0016245303344393832
leaf_weight=75 1418 792 22931 6407 341 9496 67430 18032 2191 2547 61 526 2187 938 8833 2952 2184 56799 4485 10573 15416 453 12310 81 14298 30 4740 35 64 46 3848 9569
leaf_count=75 1418 792 22931 6407 341 9496 67430 18032 2191 2547 61 526 2187 938 8833 2952 2184 56799 4485 10573 15416 453 12310 81 14298 30 4740 35 64 46 3848 9569
internal_value=-6.47537e-05 0 -0.000153728 0.000213514 -0.00113728 0.000358797 0.000449572 -1.25211e-05 -0.000333798 -0.000677833 -0.000860088 -0.00059854 0.000547398 -0.00142207 6.12731e-06 -5.92778e-05 0.000188031 0.000274534 0.000369713 -0.0011233 -0.00111725 0.000589909 0.000606507 -0.00125033 -0.000386603 -0.00156923 -0.000466601 -0.00105821 -0.00114304 -0.0011865 -0.00119446 -0.0015975
internal_weight=282088 269792 166915 102877 12296 98283 91876 155469 38247 20215 17668 4594 82380 10878 117222 44921 72301 70117 61284 11446 15477 80193 79740 10654 21990 9940 19038 4068 4033 3969 3923 9910
internal_count=282088 269792 166915 102877 12296 98283 91876 155469 38247 20215 17668 4594 82380 10878 117222 44921 72301 70117 61284 11446 15477 80193 79740 10654 21990 9940 19038 4068 4033 3969 3923 9910
is_linear=0
shrinkage=0.05


Tree=33
num_leaves=38
num_cat=0
split_feature=6 0 3 1 3 1 6 5 0 2 6 6 6 2 0 2 0 6 1 2 2 6 6 3 5 1 5 0 2 3 5 1 6 0 2 6 6
split_gain=5.59945 3.59432 3.79415 2.8654 2.85013 2.76369 2.18352 2.1733 3.43737 1.8198 1.55511 0.944559 1.28718 0.642144 0.595865 0.52998 0.45414 0.473221 0.391343 4.23 1.74628 1.67304 1.01632 1.0235 0.42689 0.357053 0.258086 0.687815 0.227344 0.186716 0.214068 0.128126 0.0623602 0.101609 0.0529274 0.00598698 0.0108555
threshold=1.6604520661713547 -1.6565130441320199 -0.42329602052623633 -0.88919698748043796 -1.6562519875823425 -1.5718975784531748 -1.5118557232241441 0.59984983164983185 1.6471963392397964 -0.83464874913818565 1.4789283385988667 1.6100689638600543 0.017896764527521054 0.29522473284933526 -1.7068173553904511 1.3062672921517604 -1.4989476031215159 -1.1492574925074923 -0.12804633955462799 -0.46731489307209623 1.4794884476953445 0.18441443298969082 -1.4019446792162886 1.4789283385988667 0.5568153054936722 1.452958885017422 -1.1674491056035798 -0.32966157031374416 -1.6818607239643824 -0.090105253005075783 -1.6694043675622621 1.3347424616905588 -1.5835445179913401 1.2674788404187243 0.2817740312645709 1.3599184638450008 1.6360099158307391
decision_type=2 2 2 2 2 2 2 2 2 2 2 2 2 2 2 2 2 2 2 2 2 2 2 2 2 2 2 2 2 2 2 2 2 2 2 2 2
left_child=1 3 4 -1 32 -2 -6 18 9 -9 16 12 -11 14 -7 31 -8 -18 19 26 22 24 -20 -24 -21 28 -4 -28 -16 -22 -31 -5 -3 -34 -30 -10 -37
right_child=5 2 7 15 6 13 10 8 35 11 -12 -13 -14 -15 25 -17 17 -19 20 21 29 -23 23 -25 -26 -27 27 -29 34 30 -32 -33 33 -35 -36 36 -38
leaf_value=0 0 0 0 -0.0024552007911860818 0 0 0 0 0 0 0 0 -0.0010459704187281711 0 0 0 0 0.00061604714059724402 0 -0.0012743559013358319 0 0 0.00043344350898359143 0 0 0 0 0.00031312837129865342 -0.0023464149211857689 0 -0.00037636506735837585 0 -0.00040209075208775874 0 0 0.00012165591232559644 0
leaf_weight=2188 663 44 8848 2371 6360 118 9322 11974 1815 10817 2890 1207 23374 846 44 398 10571 68478 7710 9458 1682 3364 51997 1128 129 33 4301 23537 4297 179 7109 27 2043 52 30 2264 420
leaf_count=2188 663 44 8848 2371 6360 118 9322 11974 1815 10817 2890 1207 23374 846 44 398 10571 68478 7710 9458 1682 3364 51997 1128 129 33 4301 23537 4297 179 7109 27 2043 52 30 2264 420
internal_value=-6.6773e-05 0 0 -0.00127071 0.000272169 -0.00151914 0.00038484 -0.000109273 -0.000377779 -0.000579061 0.000466685 -0.000757202 -0.000813122 -0.00193038 -0.00215841 -0.00218682 0.000518244 0.000560603 0 -9.75925e-05 8.42889e-05 -0.000903786 0.000278935 0.000369166 -0.0012241 -0.00225119 0 0.000150677 -0.00229824 -9.56231e-05 -0.000265365 -0.00242195 -7.2543e-05 -0.000252207 -0.00233346 0 6.7707e-05
internal_weight=282088 276057 271073 4984 99760 6031 97621 171313 51871 47372 91261 35398 34191 5368 4522 2796 88371 79049 119442 49637 69805 12951 60835 53125 9587 4404 36686 27838 4371 8970 7288 2398 2139 2095 4327 4499 2684
internal_count=282088 276057 271073 4984 99760 6031 97621 171313 51871 47372 91261 35398 34191 5368 4522 2796 88371 79049 119442 49637 69805 12951 60835 53125 9587 4404 36686 27838 4371 8970 7288 2398 2139 2095 4327 4499 2684
is_linear=0
shrinkage=0.05


Tree=34
num_leaves=32
num_cat=0
split_feature=5 5 1 0 4 0 1 5 3 0 1 4 4 4 4 3 5 6 3 4 0 1 6 1 1 6 0 6 5 0 4
split_gain=5.05093 4.93881 5.57189 3.99682 2.00671 2.3362 1.97816 1.88132 2.26262 2.25136 1.50461 1.2764 0.879179 0.809856 0.65844 0.897044 1.2236 0.660961 0.625024 0.593219 0.451413 0.336748 0.284331 0.247947 0.237234 1.10601 4.08744 0.53929 0.423024 0.0796515 0.0740813
threshold=1.5324515819750721 -1.6951091451427021 0.29342985272257127 -1.2322871905791875 -1.2497761815779762 -1.0666860770368956 0.7466970844377131 -1.3197980275202263 0.03111551052624777 -0.76386024125746299 -1.6436539145907472 -1.6818607239643824 0.51513449085604501 -1.0831502825421322 0.19797172619047618 -0.60160433224248078 -1.1523690078037903 1.2666654566574709 -1.4298930555555553 1.6720433884761288 1.5338106382978727 -1.69426839672947 -1.5261172385620914 -0.62828020571645249 -0.69672492542878428 -0.48904272863568216 -0.36965984804208057 -1.3319434487253401 1.413280735259012 -0.57258395569144394 -1.6691913763281441
decision_type=2 2 2 2 2 2 2 2 2 2 2 2 2 2 2 2 2 2 2 2 2 2 2 2 2 2 2 2 2 2 2
left_child=1 2 10 -2 5 -3 22 8 9 -6 -1 -7 20 -11 24 -16 -17 -18 -13 -15 -12 -20 -5 -23 27 29 -27 -9 -29 -26 -24
right_child=3 4 -4 6 7 11 -8 14 -10 13 12 18 -14 19 15 16 17 -19 21 -21 -22 23 30 -25 25 26 -28 28 -30 -31 -32
leaf_value=0 0 0 0 0 0 0 0 0 0 0 -0.004115698430003493 0 0 0.0013240807305147919 0 0 -0.00041412645050094662 0 0 0 0 0.00085959669418182814 0 0 0 0 0.00070815553002575942 -0.00028783812782166992 0 -0.00013201990021281121 -0.0016910154682740473
leaf_weight=41 4265 9828 796 23 4615 1441 2227 4100 13331 472 1388 241 20 9375 32369 5112 61510 4916 198 68 21 22531 376 822 5764 14984 25695 33281 1582 10844 9852
leaf_count=41 4265 9828 796 23 4615 1441 2227 4100 13331 472 1388 241 20 9375 32369 5112 61510 4916 198 68 21 22531 376 822 5764 14984 25695 33281 1582 10844 9852
internal_value=-6.96857e-05 0 -0.00208148 -0.000898959 6.83267e-06 0.00037536 -0.00135544 -5.65212e-06 0.000305936 0.000741958 -0.00357852 0.000648684 -0.00386503 0.00115273 -0.00010102 -0.000188041 -0.000286924 -0.000366413 0.000759337 0.00126228 -0.00402407 0.000804427 -0.00163447 0.000829235 0 5.78073e-05 0.000267771 -0.000100538 -0.000222071 0 -0.00165618
internal_weight=282088 265345 2266 16743 263079 35061 12478 228018 27861 14530 1470 25233 1429 9915 200157 103907 71538 66426 23792 9443 1409 23551 10251 23353 96250 57287 40679 38963 34863 16608 10228
internal_count=282088 265345 2266 16743 263079 35061 12478 228018 27861 14530 1470 25233 1429 9915 200157 103907 71538 66426 23792 9443 1409 23551 10251 23353 96250 57287 40679 38963 34863 16608 10228
is_linear=0
shrinkage=0.05


Tree=35
num_leaves=37
num_cat=0
split_feature=6 6 3 3 5 2 1 2 6 6 2 2 1 5 6 6 1 5 2 6 3 1 1 2 3 3 2 6 5 3 3 3 2 2 6 6
split_gain=4.78046 3.17704 2.51856 4.01777 2.3051 2.28628 2.26384 2.18958 1.54223 1.24896 1.24635 0.934946 0.652251 0.632078 0.61251 0.648982 0.58086 0.401924 0.374884 0.4684 0.370412 0.311027 0.224776 1.72281 1.57805 1.86667 0.854644 1.32175 0.507041 0.21794 0.112554 0.158904 0.0169812 0.0169639 0.00190307 0.0728638
threshold=1.5850780926390684 -1.5971549182524789 -0.42329602052623633 -1.6562519875823425 0.78971708831995169 1.0000000180025095e-35 -1.544746177735308 -0.80713982102908266 1.3337236952861955 1.4789283385988667 0.55660814963583138 0.57168636363636371 -0.8754848484848482 1.4771372618835679 -1.472589131684876 1.4143713845424375 0.72057680901542132 -1.6951091451427021 1.7174409749670621 -1.5118557232241441 -0.41076105002285784 1.6347157246119208 -0.027092620169421155 1.4794884476953445 1.4789283385988667 -0.077552646285924884 -0.84722519352568593 0.14189660215473132 0.65388229953223231 -1.528258924107589 0.075470648514126687 1.4647955187059694 -1.7068173553904511 1.697198207885305 0.22486673876472008 -1.2601271777003482
decision_type=2 2 2 2 2 2 2 2 2 2 2 2 2 2 2 2 2 2 2 2 2 2 2 2 2 2 2 2 2 2 2 2 2 2 2 2
left_child=1 7 3 9 22 -6 -2 -1 17 32 12 21 -9 16 -7 20 29 -5 19 -19 -16 -8 26 24 25 -24 34 28 -28 -14 -25 -32 -3 -34 35 -4
right_child=6 2 4 8 5 14 11 10 -10 -11 -12 -13 13 -15 15 -17 -18 18 -20 -21 -22 -23 23 30 -26 -27 27 -29 -30 -31 31 -33 33 -35 -36 -37
leaf_value=0 0 0 0 0 0 0 -0.0014493381878496814 0 0 0 0 0 0 0 0 0 0 0 0 0.00049572553819091786 -0.00096234895959769733 0 0 0 0 0.00054274453603683933 -0.00061554971638876966 0 0 -0.0021747174425673864 -0.00031529187531941974 0 -0.0010272663970714527 0 0 0.0001219383270716303
leaf_weight=921 1418 83 1736 445 19653 285 9910 405 5211 526 4848 938 106 31 47 2348 27 2530 557 85709 16938 30 11514 2391 1285 45108 17136 9479 652 4008 6424 273 3856 60 13210 11990
leaf_count=921 1418 83 1736 445 19653 285 9910 405 5211 526 4848 938 106 31 47 2348 27 2530 557 85709 16938 30 11514 2391 1285 45108 17136 9479 652 4008 6424 273 3856 60 13210 11990
internal_value=-6.8115e-05 0 1.1955e-05 0.000238586 -6.43252e-05 -0.000401653 -0.00101486 -0.000850576 0.00038705 -0.000537466 -0.00115635 -0.00128503 -0.0017883 -0.00195284 -0.00077541 -0.000828709 -0.00204286 0.000448802 0.000462243 0.000474931 -0.000933231 -0.00142151 0 9.08325e-05 0.00028787 0.000392044 -8.96237e-06 -0.000277276 -0.000544467 -0.00212287 -4.28027e-05 -0.000202722 -0.0010019 -0.00101576 0 1.82357e-05
internal_weight=282088 269792 259446 98977 160469 39271 12296 10346 94452 4525 9425 10878 4577 4172 19618 19333 4141 89241 88796 88239 16985 9940 121198 66995 57907 56622 54203 27267 17788 4114 9088 6697 3999 3916 26936 13726
internal_count=282088 269792 259446 98977 160469 39271 12296 10346 94452 4525 9425 10878 4577 4172 19618 19333 4141 89241 88796 88239 16985 9940 121198 66995 57907 56622 54203 27267 17788 4114 9088 6697 3999 3916 26936 13726
is_linear=0
shrinkage=0.05


Tree=36
num_leaves=35
num_cat=0
split_feature=6 0 3 1 1 3 0 6 6 2 0 1 2 6 0 2 1 6 3 2 2 0 2 0 1 0 0 0 1 0 1 1 6 0
split_gain=4.34911 3.17694 2.85531 2.65149 2.44305 2.44179 1.93496 1.86308 1.3565 1.24476 3.78437 2.59975 1.59406 1.5405 0.90489 0.577131 0.532936 0.738302 0.724198 0.473797 0.402612 0.452996 0.343274 1.75564 0.313429 0.297141 0.282095 0.149154 0.119135 0.0938299 0.0769736 0.654959 0.0401859 0.0842945
threshold=1.6604520661713547 -1.6565130441320199 -0.42329602052623633 -0.88919698748043796 -1.4874964912280699 -1.6562519875823425 -0.5847462825734896 -1.5118557232241441 1.4789283385988667 -0.079752775926461475 0.58442036518123497 -0.26085123768324919 -1.0831502825421322 1.3599184638450008 0.22591795974804116 0.29522473284933526 -1.4748081949841043 -1.3169587449853302 1.1046861880025618 1.3062672921517604 1.7174409749670621 -1.5268215010141983 -0.84722519352568593 1.6224349123016348 1.452958885017422 1.4000473309145918 -0.19584252061248522 -1.7068173553904511 1.3347424616905588 -1.6108946557649009 -0.12804633955462799 0.76143617747440284 -1.5835445179913401 1.2674788404187243
decision_type=2 2 2 2 2 2 2 2 2 2 2 2 2 2 2 2 2 2 2 2 2 2 2 2 2 2 2 2 2 2 2 2 2 2
left_child=1 3 5 -1 -2 32 16 -7 20 11 30 22 -13 25 -14 24 -4 -18 29 28 21 -9 26 -24 27 -12 -8 -6 -5 -19 -11 -32 -3 -34
right_child=4 2 6 19 15 7 9 8 -10 10 13 12 14 -15 -16 -17 17 18 -20 -21 -22 -23 23 -25 -26 -27 -28 -29 -30 -31 31 -33 33 -35
leaf_value=0 0 0 0 -0.002332081534908961 0 0 0 0 0 0 -0.00010527402608609346 0 0 0 0.0012297173645235749 0 0 0 0 0 0 0.00051717271875606182 -0.00045927149322394349 0 0 -0.0013618777066606454 0.00015715418451496655 -0.0020878806221747187 0 -0.0011235476951601373 0.00033204041231689029 0 -0.00034473718212115753 0
leaf_weight=2188 824 44 790 2371 97 6360 3614 7287 2890 2623 33064 599 2998 5652 8243 846 1593 54 255 398 528 80556 23921 1315 33 8152 31176 4231 27 8758 16016 22490 2043 52
leaf_count=2188 824 44 790 2371 97 6360 3614 7287 2890 2623 33064 599 2998 5652 8243 846 1593 54 255 398 528 80556 23921 1315 33 8152 31176 4231 27 8758 16016 22490 2043 52
internal_value=-7.03293e-05 -2.12504e-06 0 -0.00119475 -0.00136223 0.000232192 -0.00010028 0.000342408 0.000419615 0 -0.000168502 9.077e-05 0.000755853 -0.00050239 0.000968173 -0.00178188 -0.000738753 -0.000838234 -0.00100497 -0.0020773 0.000468958 0.000482305 0 -0.000173718 -0.00200264 -0.00061536 4.72832e-05 -0.00204869 -0.00229985 -0.00110911 0 7.01657e-05 -1.53671e-05 -0.000194379
internal_weight=282088 276057 271073 4984 6031 99760 171313 97621 91261 159863 87997 71866 11840 46868 11241 5207 11450 10660 9067 2796 88371 87843 60026 25236 4361 41216 34790 4328 2398 8812 41129 38506 2139 2095
internal_count=282088 276057 271073 4984 6031 99760 171313 97621 91261 159863 87997 71866 11840 46868 11241 5207 11450 10660 9067 2796 88371 87843 60026 25236 4361 41216 34790 4328 2398 8812 41129 38506 2139 2095
is_linear=0
shrinkage=0.05


Tree=37
num_leaves=34
num_cat=0
split_feature=6 0 3 1 2 3 0 6 6 2 0 5 1 2 5 6 0 5 5 1 6 1 2 3 3 1 1 1 0 5 1 6 1
split_gain=3.84987 2.94562 2.79072 2.29645 1.99617 1.76608 1.71336 1.68872 1.65243 1.16881 3.55727 2.49702 2.18454 2.51136 1.71198 2.03266 0.818935 2.22171 1.01698 0.73742 0.753215 0.661084 0.501432 0.494718 0.45012 0.342023 0.387804 0.3028 0.137916 0.113892 0.568934 0.0253156 0.000557155
threshold=1.6604520661713547 -1.6108946557649009 -0.42329602052623633 -1.4874964912280699 -1.1944639439963181 -1.6562519875823425 -0.5847462825734896 -1.5118557232241441 0.68026781609195408 -0.079752775926461475 0.58442036518123497 -1.1674491056035798 -0.8493854675790159 -1.0831502825421322 -1.2229452380952377 1.3726924080664296 -0.912726407914764 0.59984983164983185 1.1981464951430825 -1.4748081949841043 -1.3169587449853302 -1.1972365648050578 0.29522473284933526 1.2794756897549684 1.1046861880025618 -1.0703805250114289 0.40397759352984569 1.1594687794755709 -1.7068173553904511 -0.27475106616303152 1.3347424616905588 1.6485880053329718 -1.0567356895801359
decision_type=2 2 2 2 2 2 2 2 2 2 2 2 2 2 2 2 2 2 2 2 2 2 2 2 2 2 2 2 2 2 2 2 2
left_child=1 4 5 -2 -1 -3 19 -7 16 11 29 25 32 -14 -12 -16 17 -9 -18 -4 -21 -6 27 31 -22 -8 -27 28 -5 30 -11 -23 -13
right_child=3 2 6 22 21 7 9 8 -10 10 14 12 13 -15 15 -17 18 -19 -20 20 24 23 -24 -25 -26 26 -28 -29 -30 -31 -32 -33 -34
leaf_value=0 0 0 0 0 0 0 0 0 0 0.00027878512590370547 0 7.6682074598249251e-06 0 0.00080698027366860503 -0.00074725134609306511 0 0.00083954352588097797 0.00067620620869350675 0 0 -0.0010708650948432225 -0.001616990324305431 0 0 0 -0.00053199528133694273 0 0 -0.0020122202193077281 0 0 0 0
leaf_weight=2639 824 1357 762 97 279 6309 3705 22412 22227 21383 5253 23107 1944 27002 36340 5275 31711 11566 1012 1580 8758 5277 846 27 238 7917 503 105 4159 14510 5236 40 7688
leaf_count=2639 824 1357 762 97 279 6309 3705 22412 22227 21383 5253 23107 1944 27002 36340 5275 31711 11566 1012 1580 8758 5277 846 27 238 7917 503 105 4159 14510 5236 40 7688
internal_value=-7.23703e-05 -5.8072e-06 0 -0.00129543 -0.000913133 0.000235789 -9.57287e-05 0.000320098 0.000396044 0 -0.000163273 8.7975e-05 0.000321183 0.000629054 -0.000487023 -0.000606754 0.00051968 0 0.00077915 -0.000701036 -0.000830816 -0.0014117 -0.00170556 -0.00153807 -0.00100038 -0.000213749 -0.000399364 -0.00191327 -0.00197397 0 0.000102313 -0.00160816 0
internal_weight=282088 276057 267795 6031 8262 96594 171201 95237 88928 159863 87997 71866 59741 28946 46868 41615 66701 33978 32723 11338 10576 5623 5207 5344 8996 12125 8420 4361 4256 41129 26619 5317 30795
internal_count=282088 276057 267795 6031 8262 96594 171201 95237 88928 159863 87997 71866 59741 28946 46868 41615 66701 33978 32723 11338 10576 5623 5207 5344 8996 12125 8420 4361 4256 41129 26619 5317 30795
is_linear=0
shrinkage=0.05


Tree=38
num_leaves=32
num_cat=0
split_feature=1 6 2 6 2 3 3 0 0 3 1 6 3 0 2 3 0 6 1 2 6 0 4 3 2 2 1 2 6 6 0
split_gain=3.67138 5.00644 3.05825 3.05507 2.6803 2.44959 2.20541 1.6708 3.65275 2.51285 1.85395 1.37907 1.35502 1.3417 1.00376 0.919757 0.774408 0.766694 0.648393 0.56045 0.543932 0.384306 1.91585 0.740969 0.324001 0.270858 0.176878 0.166033 0.548325 0.26764 0.0794554
threshold=-1.1690801491146317 0.63769130272489749 0.87109185141100043 -1.2601271777003482 -0.61596354771302531 -0.15345389401312126 -1.6562519875823425 -0.87249639918951227 0.66820253952446174 -0.93015275424249111 -0.47680909545227385 1.346865725366341 0.54117855389578506 1.453440277777778 1.5084375500252436 -1.2509252548396146 1.6602182902854048 0.47292810734111684 1.4406821810215236 -1.3361272548778989 -1.6816926975463558 -1.4712559614593166 -0.49386107020127629 -1.6562519875823425 -0.84722519352568593 -1.7068173553904511 1.5597358537188042 -0.30440942204953853 -0.99624585073348315 0.61003714846304791 1.4283635385730657
decision_type=2 2 2 2 2 2 2 2 2 2 2 2 2 2 2 2 2 2 2 2 2 2 2 2 2 2 2 2 2 2 2
left_child=5 3 16 4 -2 6 -1 9 10 21 -9 20 14 -6 17 -12 19 -11 -17 -3 -8 -5 -23 -24 25 -22 -21 -10 -29 -30 -27
right_child=1 2 -4 7 13 -7 11 8 27 12 15 -13 -14 -15 -16 18 -18 -19 -20 26 24 22 23 -25 -26 30 -28 28 29 -31 -32
leaf_value=0 0 0 0 0 -0.00072594698046576326 0 0 0 0 -0.0013937317971548812 0 0 0 0 0 0.00069808413221409522 0 0 0 -0.00077405064973584128 0 0 0 0.00075680955192291666 0 0.0010537819435061521 0 0 -0.00033635322570618352 0 0
leaf_weight=2161 3455 2058 10115 6215 31450 21492 74 15801 7348 6722 1097 2694 308 338 725 45767 4410 606 7014 52208 206 3648 83 12693 183 18453 172 3009 21119 442 22
leaf_count=2161 3455 2058 10115 6215 31450 21492 74 15801 7348 6722 1097 2694 308 338 725 45767 4410 606 7014 52208 206 3648 83 12693 183 18453 172 3009 21119 442 22
internal_value=-7.32061e-05 -0.000179958 -0.000538997 0 -0.000436489 0.000255989 0.000612015 7.81025e-05 0.00021897 -5.34311e-05 0.000446881 0.00081192 -0.000844171 -0.000646429 -0.0010632 0.000585451 -0.000684556 -0.00124551 0.000626809 -0.000735776 0.00096272 0 0.000237695 0.000656137 0.00100014 0.0010256 -0.000767372 0 -0.000128466 -0.000284001 0.00104821
internal_weight=282088 236803 68963 167840 35243 45285 23793 132597 101597 31000 69679 21632 8361 31788 8053 53878 58848 7328 52781 54438 18938 22639 16424 12776 18864 18681 52380 31918 24570 21561 18475
internal_count=282088 236803 68963 167840 35243 45285 23793 132597 101597 31000 69679 21632 8361 31788 8053 53878 58848 7328 52781 54438 18938 22639 16424 12776 18864 18681 52380 31918 24570 21561 18475
is_linear=0
shrinkage=0.05


Tree=39
num_leaves=32
num_cat=0
split_feature=5 1 5 3 1 2 5 3 6 3 2 2 6 6 2 6 4 2 3 5 2 2 5 1 1 6 6 6 5 5 4
split_gain=3.79563 5.09359 4.06117 2.6062 1.4128 1.36812 1.58795 1.90069 1.23429 1.23178 1.40979 1.12936 0.960044 0.949157 0.831073 0.609411 0.516811 0.854388 0.898708 0.437991 0.372543 0.837164 0.603245 0.203279 0.186804 0.951625 2.87205 0.525617 0.426494 0.0796366 0.0202716
threshold=-1.6951091451427021 0.29342985272257127 1.5324515819750721 -0.42329602052623633 -1.6436539145907472 -1.2497761815779762 -1.3197980275202263 0.03111551052624777 0.19746290146536302 -1.4170763656633218 -1.1248024475524474 -1.6818607239643824 -1.6816926975463558 -0.84619466470619098 0.51513449085604501 -1.3027424242424239 0.19797172619047618 0.87109185141100043 -1.4437190951464178 -1.3049841326866651 1.4794884476953445 1.5718975784531752 0.37795989196829721 -1.69426839672947 -0.69672492542878428 -0.48904272863568216 1.0624974937343359 -1.3319434487253401 1.413280735259012 1.5186493110596271 0.017865801635264734
decision_type=2 2 2 2 2 2 2 2 2 2 2 2 2 2 2 2 2 2 2 2 2 2 2 2 2 2 2 2 2 2 2
left_child=1 4 5 -4 -1 8 7 9 11 -7 -11 -2 -12 -5 -6 -13 24 18 -18 -20 22 -22 -19 -17 27 30 -27 -8 -29 -25 -26
right_child=2 -3 3 13 14 6 16 -9 -10 10 12 15 -14 -15 -16 23 17 20 19 -21 21 -23 -24 29 25 26 -28 28 -30 -31 -32
leaf_value=0 0 0 0 0 -0.0038279003996510306 0 0 0 0 0 0 0 0.0010767565684351988 -0.0012642310704430921 0 0 0 0.00023536980535989791 0 -0.00045314175088754144 -0.0006606056049242513 0 0 0.0010199064349510126 -6.2506817133284025e-05 0.00059782484589177899 0 -0.00028451584858003772 0 0 0
leaf_weight=41 391 796 5183 193 1409 661 4100 13331 22940 522 280 1087 13067 11367 20 92 2774 27367 225 41709 6257 11542 14033 10521 12390 26463 14216 33281 1582 30 4218
leaf_count=41 391 796 5183 193 1409 661 4100 13331 22940 522 280 1087 13067 11367 20 92 2774 27367 225 41709 6257 11542 14033 10521 12390 26463 14216 33281 1582 30 4218
internal_value=-6.98959e-05 -0.00194905 -1.39923e-05 -0.000767614 -0.00338849 0 -7.20615e-06 0.000269632 0.000309241 0.000671784 0.000827677 0.000715033 0.00098172 -0.00117364 -0.0036706 0.000869971 -9.76456e-05 -0.000175165 -0.000343443 -0.000422487 0 -0.000220197 3.09353e-05 0.000982795 0 4.28364e-05 0.000245426 -9.5523e-05 -0.00021738 0.00100971 0
internal_weight=282088 2266 279822 16743 1470 263079 228018 27861 35061 14530 13869 12121 13347 11560 1429 11730 200157 103907 44708 41934 59199 17799 41400 10643 96250 57287 40679 38963 34863 10551 16608
internal_count=282088 2266 279822 16743 1470 263079 228018 27861 35061 14530 13869 12121 13347 11560 1429 11730 200157 103907 44708 41934 59199 17799 41400 10643 96250 57287 40679 38963 34863 10551 16608
is_linear=0
shrinkage=0.05


Tree=40
num_leaves=38
num_cat=0
split_feature=5 1 5 0 0 0 5 3 3 1 1 5 1 2 5 3 3 1 0 3 0 3 0 2 5 1 1 4 2 0 3 3 0 3 0 2 2
split_gain=3.40162 4.78701 3.71161 5.48653 3.34689 2.85033 3.39467 2.8723 2.35499 1.35222 1.08805 0.918266 1.26964 0.797283 0.749556 0.769005 0.773099 0.973648 0.486702 0.442191 0.435895 0.801373 0.420315 0.29852 0.180087 0.577274 1.20239 0.285526 0.187641 1.4276 1.6488 0.118802 1.0099 0.668135 0.569355 0.00221012 0.0150521
threshold=-1.6951091451427021 0.29342985272257127 1.2252884045077108 -1.1073197231833907 1.6471963392397964 -1.1897584219858153 0.85899276585483497 0.33630398508048692 -1.2509252548396146 -1.6436539145907472 -1.7068173553904511 -0.23592448490187445 -0.90418308747647658 0.51513449085604501 -1.5567107023411368 0.65024251511257081 -1.487091474505662 -1.585078092639068 -1.0808809726962456 -0.94337336576467001 -0.87249639918951227 1.0000000180025095e-35 1.5338106382978727 1.3062672921517604 0.35088221387153756 -0.24630791505791508 -1.0975910270671114 0.12759590250794775 -1.0000000180025095e-35 0.83274428011629376 1.5845704821494297 -1.6818607239643824 -1.6818607239643824 -0.73809397042093272 -1.3573874158249155 1.3725920289855074 -0.90364443709625974
decision_type=2 2 2 2 2 2 2 2 2 2 2 2 2 2 2 2 2 2 2 2 2 2 2 2 2 2 2 2 2 2 2 2 2 2 2 2 2
left_child=1 9 5 31 10 6 14 8 -7 -1 -5 20 18 22 -2 16 -16 -18 -13 -14 -10 -22 -11 -12 25 26 -9 -28 29 -26 -31 -4 -33 34 -34 36 -27
right_child=2 -3 3 4 -6 7 -8 24 11 13 23 12 19 -15 15 -17 17 -19 -20 -21 21 -23 -24 -25 28 35 27 -29 -30 30 -32 32 33 -35 -36 -37 -38
leaf_value=0 0 0 0 0 0 0 0 0 0 -0.0037832231111568902 -0.001279511061197085 0 0 0 0 0 0 -0.0010927339295455647 0.00067482557498759854 -0.00020666154449010537 0.00070471190057240062 0 0 0 0 0 -0.00064938134601387975 0 0 0.0008517850994574878 0 0 0.00090031291393428883 0 0 0 3.8874235866144162e-05
leaf_weight=41 783 796 2535 152 6236 6778 7894 7854 9719 1388 20648 969 6428 20 5205 206 928 16528 9061 25303 43581 17104 21 2463 4490 485 12730 186 16269 10666 633 697 6717 565 1608 6425 27976
leaf_count=41 783 796 2535 152 6236 6778 7894 7854 9719 1388 20648 969 6428 20 5205 206 928 16528 9061 25303 43581 17104 21 2463 4490 485 12730 186 16269 10666 633 697 6717 565 1608 6425 27976
internal_value=-6.88383e-05 -0.00185433 -1.38879e-05 -0.000467031 -0.000872934 2.3161e-05 -0.000342993 0.000129484 0.000298577 -0.00325701 -0.00114552 0.000383049 0 -0.00353644 -0.000711485 -0.000776552 -0.000831321 -0.00099884 0.000546931 0 0.000515157 0.000570328 -0.00369238 -0.0011981 0 -8.94748e-05 -0.000297792 -0.000602493 0 0.000169281 0.000583017 0 0.000170909 0.000545835 0.000710204 0 1.37932e-05
internal_weight=282088 2266 279822 41621 29499 238201 31544 206657 118943 1470 23263 112165 41761 1429 23650 22867 22661 17456 10030 31731 70404 60685 1409 23111 87714 55656 20770 12916 32058 15789 11299 12122 9587 8890 8325 34886 28461
internal_count=282088 2266 279822 41621 29499 238201 31544 206657 118943 1470 23263 112165 41761 1429 23650 22867 22661 17456 10030 31731 70404 60685 1409 23111 87714 55656 20770 12916 32058 15789 11299 12122 9587 8890 8325 34886 28461
is_linear=0
shrinkage=0.05


Tree=41
num_leaves=34
num_cat=0
split_feature=6 6 1 2 3 3 6 2 5 6 4 5 6 2 2 1 1 2 3 2 6 5 2 6 1 2 1 3 2 6 5 5 2
split_gain=3.12525 2.56551 2.05531 1.95838 1.45404 3.11827 1.77202 1.10727 1.0363 2.05455 0.882744 0.782961 0.616823 0.447299 0.430296 0.380965 0.340409 1.6873 1.3718 1.25054 1.29186 0.308326 0.309813 0.365402 0.272333 0.244646 0.201304 0.203977 0.197153 0.0746406 0.06283 0.0543003 0.0448035
threshold=1.6604520661713547 -1.5971549182524789 -1.5718975784531748 -0.80713982102908266 -1.6562519875823425 -0.42329602052623633 1.3337236952861955 1.5457120567375886 0.59984983164983185 1.3599184638450008 -0.092730578438194419 1.4647534262485484 -1.4862562624066544 0.29522473284933526 -1.7068173553904511 -0.8754848484848482 -0.027092620169421155 1.4794884476953445 -0.077552646285924884 -0.46731489307209623 0.23851529182405279 -1.6951091451427021 1.7174409749670621 -1.1492574925074923 1.1594687794755709 0.2817740312645709 1.572451355661882 -1.5976169909020517 -1.6818607239643824 1.6485880053329718 -0.91692240668786051 0.26728637653082415 1.697198207885305
decision_type=2 2 2 2 2 2 2 2 2 2 2 2 2 2 2 2 2 2 2 2 2 2 2 2 2 2 2 2 2 2 2 2 2
left_child=1 3 -2 -1 14 6 21 11 16 10 -10 15 -12 24 -3 -5 19 18 -18 30 -21 -6 23 -23 25 28 27 -17 -4 32 -7 -19 -16
right_child=2 4 13 7 5 8 -8 -9 9 -11 12 -13 -14 -15 29 26 17 31 -20 20 -22 22 -24 -25 -26 -27 -28 -29 -30 -31 -32 -33 -34
leaf_value=0 0 0 0 0 0 0 0 0 0 0 0 0 -0.00072847236433200334 0 -0.00092101741294411575 0 0 -0.00013458168978757931 0.00043866528114016722 -0.00075991527957845837 0 0 0 0.00044641426554326588 0 0 0 -0.0014633168573547357 -0.0018658951281683431 0 8.0711840286958647e-05 0 0
leaf_weight=921 663 162 53 398 445 12710 6384 1002 16793 12813 374 59 21453 846 4714 96 11164 6914 43452 10470 4030 13623 557 74616 105 27 43 7827 4337 73 23531 1372 61
leaf_count=921 663 162 53 398 445 12710 6384 1002 16793 12813 374 59 21453 846 4714 96 11164 6914 43452 10470 4030 13623 557 74616 105 27 43 7827 4337 73 23531 1372 61
internal_value=-6.70375e-05 -3.31093e-06 -0.00117189 -0.000766319 0 4.45203e-05 0.000290105 -0.0010633 -3.6174e-05 -0.000232328 -0.000450162 -0.00125054 -0.000673051 -0.001546 -0.000746691 -0.00133903 0 0.000114025 0.000302284 -2.23465e-05 -0.000457169 0.000373447 0.000385722 0.000398039 -0.00173363 -0.00179021 -0.00140994 -0.00143428 -0.00182901 -0.000878825 0 0 -0.000904267
internal_weight=282088 276057 6031 10346 265711 260701 95625 9425 165076 51433 38620 8423 21827 5368 5010 8364 113643 62902 54616 50741 14500 89241 88796 88239 4522 4417 7966 7923 4390 4848 36241 8286 4775
internal_count=282088 276057 6031 10346 265711 260701 95625 9425 165076 51433 38620 8423 21827 5368 5010 8364 113643 62902 54616 50741 14500 89241 88796 88239 4522 4417 7966 7923 4390 4848 36241 8286 4775
is_linear=0
shrinkage=0.05


Tree=42
num_leaves=32
num_cat=0
split_feature=1 6 2 6 3 3 2 0 0 0 2 3 3 2 6 3 6 0 6 2 2 6 1 2 6 0 2 2 1 3 0
split_gain=3.00779 3.94891 2.71923 2.35019 2.01879 1.91207 1.49825 1.51306 1.20718 3.86255 1.96483 1.40585 1.22866 1.35412 1.18292 0.936155 1.03481 0.840776 0.822448 0.607095 0.497281 0.492957 0.379966 0.291863 0.26781 0.316248 0.262219 0.246175 0.163723 0.0796418 0.0718044
threshold=-1.1690801491146317 0.63769130272489749 0.87109185141100043 -1.5971549182524789 -0.15345389401312126 -1.6562519875823425 -0.88928100068945126 1.5338106382978727 -0.87249639918951227 0.6408539211653399 1.3202642789426382 -1.1958653008359821 -0.93015275424249111 1.4283635385730657 1.346865725366341 0.54117855389578506 -1.3319434487253401 1.6602182902854048 -1.5118557232241441 -0.30440942204953853 -1.3361272548778989 -1.6816926975463558 -0.8754848484848482 -0.84722519352568593 0.5968657064337245 0.80653325478503424 1.5457120567375886 -1.7068173553904511 1.5597358537188042 -1.6818607239643824 1.4283635385730657
decision_type=2 2 2 2 2 2 2 2 2 2 2 2 2 2 2 2 2 2 2 2 2 2 2 2 2 2 2 2 2 2 2
left_child=4 3 17 6 5 -1 -2 22 12 10 11 -10 -5 15 21 16 -14 20 -13 -11 -3 -7 -8 27 25 -21 29 -23 -22 -24 -29
right_child=1 2 -4 8 -6 14 7 -9 9 19 -12 18 13 -15 -16 -17 -18 -19 -20 24 28 23 26 -25 -26 -27 -28 30 -30 -31 -32
leaf_value=0 0 0 0 0 0 0 0 0 0 0 0 0 0 0 0 0 -0.0012319588944354925 0 0.00057780767071547725 0 -0.00071564574801876227 0 0 0 0 -0.00038450887259825303 0 0.00096595126756454566 0 -0.0013327043833859251 0
leaf_weight=2161 281 2058 10115 26213 21492 74 494 81 1774 8499 13545 3057 1004 1310 2694 300 7340 4410 65723 6262 52208 206 23 183 665 22331 971 18453 172 7967 22
leaf_count=2161 281 2058 10115 26213 21492 74 494 81 1774 8499 13545 3057 1004 1310 2694 300 7340 4410 65723 6262 52208 206 23 183 665 22331 971 18453 172 7967 22
internal_value=-6.80754e-05 -0.000166881 -0.000486847 0 0.000219927 0.000545967 -0.000750023 -0.000973853 1.28685e-05 0.000140203 0.00037097 0.000482572 -0.00013171 -0.000593362 0.000736394 -0.000876952 -0.00102817 -0.0006259 0.000538055 -0.000103361 -0.000679231 0.000876716 -0.00115454 0.000913747 -0.000254147 -0.00029835 -0.00122536 0.000938481 -0.000709054 -0.00132216 0.000960502
internal_weight=282088 236803 68963 167840 45285 23793 9817 9536 158023 121856 84099 70554 36167 9954 21632 8644 8344 58848 68780 37757 54438 18938 9455 18864 29258 28593 8961 18681 52380 7990 18475
internal_count=282088 236803 68963 167840 45285 23793 9817 9536 158023 121856 84099 70554 36167 9954 21632 8644 8344 58848 68780 37757 54438 18938 9455 18864 29258 28593 8961 18681 52380 7990 18475
is_linear=0
shrinkage=0.05


end of trees

feature_importances:
Column_2=278
Column_3=275
Column_0=268
Column_1=266
Column_5=228
Column_6=221
Column_4=32

parameters:
[boosting: gbdt]
[objective: regression]
[metric: l2]
[tree_learner: serial]
[device_type: cpu]
[data_sample_strategy: bagging]
[data: ]
[valid: ]
[num_iterations: 500]
[learning_rate: 0.05]
[num_leaves: 210]
[num_threads: 20]
[seed: 0]
[deterministic: 0]
[force_col_wise: 0]
[force_row_wise: 0]
[histogram_pool_size: -1]
[max_depth: 8]
[min_data_in_leaf: 20]
[min_sum_hessian_in_leaf: 0.001]
[bagging_fraction: 0.8789]
[pos_bagging_fraction: 1]
[neg_bagging_fraction: 1]
[bagging_freq: 0]
[bagging_seed: 3]
[bagging_by_query: 0]
[feature_fraction: 0.8879]
[feature_fraction_bynode: 1]
[feature_fraction_seed: 2]
[extra_trees: 0]
[extra_seed: 6]
[early_stopping_round: 50]
[early_stopping_min_delta: 0]
[first_metric_only: 0]
[max_delta_step: 0]
[lambda_l1: 205.7]
[lambda_l2: 580.977]
[linear_lambda: 0]
[min_gain_to_split: 0]
[drop_rate: 0.1]
[max_drop: 50]
[skip_drop: 0.5]
[xgboost_dart_mode: 0]
[uniform_drop: 0]
[drop_seed: 4]
[top_rate: 0.2]
[other_rate: 0.1]
[min_data_per_group: 100]
[max_cat_threshold: 32]
[cat_l2: 10]
[cat_smooth: 10]
[max_cat_to_onehot: 4]
[top_k: 20]
[monotone_constraints: ]
[monotone_constraints_method: basic]
[monotone_penalty: 0]
[feature_contri: ]
[forcedsplits_filename: ]
[refit_decay_rate: 0.9]
[cegb_tradeoff: 1]
[cegb_penalty_split: 0]
[cegb_penalty_feature_lazy: ]
[cegb_penalty_feature_coupled: ]
[path_smooth: 0]
[interaction_constraints: ]
[verbosity: -1]
[saved_feature_importance_type: 0]
[use_quantized_grad: 0]
[num_grad_quant_bins: 4]
[quant_train_renew_leaf: 0]
[stochastic_rounding: 1]
[linear_tree: 0]
[max_bin: 255]
[max_bin_by_feature: ]
[min_data_in_bin: 3]
[bin_construct_sample_cnt: 200000]
[data_random_seed: 1]
[is_enable_sparse: 1]
[enable_bundle: 1]
[use_missing: 1]
[zero_as_missing: 0]
[feature_pre_filter: 1]
[pre_partition: 0]
[two_round: 0]
[header: 0]
[label_column: ]
[weight_column: ]
[group_column: ]
[ignore_column: ]
[categorical_feature: ]
[forcedbins_filename: ]
[precise_float_parser: 0]
[parser_config_file: ]
[objective_seed: 5]
[num_class: 1]
[is_unbalance: 0]
[scale_pos_weight: 1]
[sigmoid: 1]
[boost_from_average: 1]
[reg_sqrt: 0]
[alpha: 0.9]
[fair_c: 1]
[poisson_max_delta_step: 0.7]
[tweedie_variance_power: 1.5]
[lambdarank_truncation_level: 30]
[lambdarank_norm: 1]
[label_gain: ]
[lambdarank_position_bias_regularization: 0]
[eval_at: ]
[multi_error_top_k: 1]
[auc_mu_weights: ]
[num_machines: 1]
[local_listen_port: 12400]
[time_out: 120]
[machine_list_filename: ]
[machines: ]
[gpu_platform_id: -1]
[gpu_device_id: -1]
[gpu_use_dp: 0]
[num_gpu: 1]

end of parameters

pandas_categorical:null
