tree
version=v4
num_class=1
num_tree_per_iteration=1
label_index=0
max_feature_idx=8
objective=regression
feature_names=Column_0 Column_1 Column_2 Column_3 Column_4 Column_5 Column_6 Column_7 Column_8
feature_infos=[0.10000000149011612:1] [0:1] [-0.98333334922790527:0.98333334922790527] [-0.98333334922790527:0.99971753358840942] [0:1] [0:1] [0:1] none none
tree_sizes=1052 1078 1080 1081 831 755 1084 833 753 595 754 592 909 592 839 592 837 672 834 592 827 918 755 916 670 596 995 674 836 919 1085 837 674 999 593 1076 677 839 677 918 755 1079 594 598 921 594 840 593 835 920 595 840 675 673 837 678 1079 676 913 998 593 1159 837 677 919 679 679 754 1165 677 841 917 916 595 517 675 597 679 518 677 516 679 678 518 674 518 598 517 677 598 676 598 759 680 600 597 517 677 518 679 520 518 680 921 520 520 520 598 520 762 681 519 520 601 601 517 519 760 599 519 590 678 679 519 591 679 509 668 509 681 599 509 669 670 509 667 507 667 754 509 585 508 669 508 585 509 668 508 670 507 670 509 426 589 589 591 509 427 589 590 590 508 427 509 427 589 509 673 668 508 506 427 507 510 427 589 426 671 666 508 427 588 427 589 508 506 590 428 511 674 510 666 590 511 508 508 511 426 334 510 509 510 511 334 426 508 334 428 508 510 509 509 510 510 506 427 428 509 334 334 508 428 506 428 428 509 427 334 425 428 508 428 426 334 508 509 428 428 509 425 334 334 427 427 427 507 428 427 509 428 508 428 426 507 334 428 333 509 334 333 506 334 334 333 427 334 334 507 334 333 334 428 507 334 334 334 334 428 508 334 506 334 334 334 334 334 334 333 334 334 428 334 334 509 334 507 334 334 334 334 334 507 334 334 334 334 333 428 334 334 511 334 334 334 334 334 334 507 334 334 334 428 507 334 334 333 334 333 333 428 509 334 334 334 334 507 333 331 334 332 331 333 334 506 334 334 334 334 334 334 334 334 509 334 334 334 334 506 334 333 334 334 334 334 334 334 334 428 506 334 334 333 334 334 334 334 333 334 334 334 333 428 333 506 334 334 334 334 334 334 334 334 507 334 334 334 334 334 334 334 507 334 334 334 333 334 334 334 334 334 334 334 334 334 507 334 334 334 334 334 334 334 333 334 334 426 334 334 334 334 334 334 333 334 334 509 332 334 334 506 333 334 334 334 334 334 334 334 334 334 333 334 334 333 333 334 334 334 334 334 508 334 334 334 334 334 334 334 334 334 334 334 334 334 333 333 334 334 334 334 333 334 334 334 334 334 334 333 334 334 334 334 428 334 508 333 334 334 333 334

Tree=0
num_leaves=9
num_cat=0
split_feature=0 2 1 5 6 2 2 2
split_gain=0.064301 0.0597607 0.017679 0.0186274 0.00561222 0.00138853 0.00135341 0.000353367
threshold=0.52500000596046459 -0.18257576227188108 0.41486424207687383 0.14946808665990832 0.86285266280174266 0.86851853132247936 -0.96638417243957508 -0.16522988677024839
decision_type=2 2 2 2 2 2 2 2
left_child=1 -1 -2 -4 5 7 -5 -3
right_child=2 4 3 6 -6 -7 -8 -9
leaf_value=0.00075132409172596129 0.00075132409172596129 0.00075132409172596129 0.00075132409172596129 0.00075132409172596129 0.00075132409172596129 0.00075132409172596129 0.0007593440260340817 0.00074222487730902598
leaf_weight=136378 210552 7281 56687 859 93316 948 267392 295797
leaf_count=136378 210552 7281 56687 859 93316 948 267392 295797
internal_value=0.000751324 0.000747466 0.00075517 0.000757471 0.000743768 0.000742428 0.000759253 0.000742351
internal_weight=1.06921e+06 533720 535490 324938 397342 304026 268251 303078
internal_count=1069210 533720 535490 324938 397342 304026 268251 303078
is_linear=0
shrinkage=1


Tree=1
num_leaves=11
num_cat=0
split_feature=1 6 6 2 6 2 5 1 1 1
split_gain=0.0538535 0.0253018 0.0349441 0.0189292 0.00959439 0.0094026 0.00446672 0.00150876 0.0014439 0.00148719
threshold=0.52440476417541515 0.016807910054922107 0.71547618508338939 0.050423728302121169 0.087337911128997817 0.70185184478759777 0.054299755021929748 0.55217784643173229 1.0000000180025095e-35 0.48409090936183935
decision_type=2 2 2 2 2 2 2 2 2 2
left_child=1 -1 5 4 -2 8 -6 -8 -3 -10
right_child=3 2 -4 -5 6 -7 7 -9 9 -11
leaf_value=0 0 0 0 0 0 0 0 7.3174193529002193e-06 -8.7653285068540536e-06 0
leaf_weight=20656 60869 124 184490 120170 28480 8652 18241 287840 315931 23757
leaf_count=20656 60869 124 184490 120170 28480 8652 18241 287840 315931 23757
internal_value=0 -3.39428e-06 -4.8664e-06 3.66095e-06 5.41106e-06 -7.80624e-06 6.4554e-06 7.01019e-06 -8.32534e-06 -8.38957e-06
internal_weight=1.06921e+06 553610 532954 515600 395430 348464 334561 306081 339812 339688
internal_count=1069210 553610 532954 515600 395430 348464 334561 306081 339812 339688
is_linear=0
shrinkage=0.015715


Tree=2
num_leaves=11
num_cat=0
split_feature=1 6 6 2 6 2 5 1 1 1
split_gain=0.0516984 0.0247835 0.0339157 0.0184627 0.00931648 0.00922021 0.00431924 0.00142732 0.00142127 0.00135646
threshold=0.52440476417541515 0.016807910054922107 0.71547618508338939 0.050423728302121169 0.087337911128997817 0.70185184478759777 0.054299755021929748 0.55217784643173229 1.0000000180025095e-35 0.48409090936183935
decision_type=2 2 2 2 2 2 2 2 2 2
left_child=1 -1 5 4 -2 8 -6 -8 -3 -10
right_child=3 2 -4 -5 6 -7 7 -9 9 -11
leaf_value=0 0 0 0 0 0 0 0 7.2026043918336581e-06 -8.6277780277346798e-06 0
leaf_weight=20656 60869 124 184490 120170 28480 8652 18241 287840 315931 23757
leaf_count=20656 60869 124 184490 120170 28480 8652 18241 287840 315931 23757
internal_value=0 -3.31573e-06 -4.78481e-06 3.59681e-06 5.32745e-06 -7.68151e-06 6.3566e-06 6.9022e-06 -8.19744e-06 -8.26163e-06
internal_weight=1.06921e+06 553610 532954 515600 395430 348464 334561 306081 339812 339688
internal_count=1069210 553610 532954 515600 395430 348464 334561 306081 339812 339688
is_linear=0
shrinkage=0.015715


Tree=3
num_leaves=11
num_cat=0
split_feature=1 6 6 2 6 2 5 1 1 1
split_gain=0.0496209 0.0242744 0.0329181 0.0180086 0.00904691 0.00904178 0.00417647 0.00139901 0.00134894 0.00123108
threshold=0.52440476417541515 0.016807910054922107 0.71547618508338939 0.050423728302121169 0.087337911128997817 0.70185184478759777 0.054299755021929748 1.0000000180025095e-35 0.55217784643173229 0.48409090936183935
decision_type=2 2 2 2 2 2 2 2 2 2
left_child=1 -1 5 4 -2 7 -6 -3 -8 -9
right_child=3 2 -4 -5 6 -7 8 9 -10 -11
leaf_value=0 0 0 0 0 0 0 0 -8.4923846752402183e-06 7.0895906295556465e-06 0
leaf_weight=20656 60869 124 184490 120170 28480 8652 18241 315931 287840 23757
leaf_count=20656 60869 124 184490 120170 28480 8652 18241 315931 287840 23757
internal_value=0 -3.23842e-06 -4.7045e-06 3.53367e-06 5.24515e-06 -7.55874e-06 6.25935e-06 -8.07155e-06 6.79592e-06 -8.13569e-06
internal_weight=1.06921e+06 553610 532954 515600 395430 348464 334561 339812 306081 339688
internal_count=1069210 553610 532954 515600 395430 348464 334561 339812 306081 339688
is_linear=0
shrinkage=0.015715


Tree=4
num_leaves=8
num_cat=0
split_feature=0 2 5 2 6 2 2
split_gain=0.06177 0.0572715 0.0153583 0.0046994 0.00434135 0.00133931 0.000271874
threshold=0.52500000596046459 -0.18257576227188108 0.51639783382415783 -0.17445652186870572 0.86285266280174266 0.86851853132247936 -0.16522988677024839
decision_type=2 2 2 2 2 2 2
left_child=1 -1 -2 -4 5 6 -3
right_child=2 4 3 -5 -6 -7 -8
leaf_value=0 0 0 0 8.1546725361998773e-06 0 0 -8.8314077188735782e-06
leaf_weight=136378 272456 7281 72247 190787 93316 948 295797
leaf_count=136378 272456 7281 72247 190787 93316 948 295797
internal_value=0 -3.74492e-06 3.806e-06 6.62269e-06 -7.37486e-06 -8.63591e-06 -8.71215e-06
internal_weight=1.06921e+06 533720 535490 263034 397342 304026 303078
internal_count=1069210 533720 535490 263034 397342 304026 303078
is_linear=0
shrinkage=0.015715


Tree=5
num_leaves=7
num_cat=0
split_feature=0 2 1 2 1 2
split_gain=0.0597886 0.0560691 0.0149435 0.0118049 0.00409737 0.00228963
threshold=0.52500000596046459 -0.18257576227188108 0.41486424207687383 -0.1239035092294216 0.96329966187477123 0.93750000000000011
decision_type=2 2 2 2 2 2
left_child=1 -1 -2 -4 5 -3
right_child=2 4 3 -5 -6 -7
leaf_value=0 0 -7.6889945709281829e-06 0 8.9441100470635141e-06 0 0
leaf_weight=136378 210552 382012 148077 176861 14930 400
leaf_count=136378 210552 382012 148077 176861 14930 400
internal_value=0 -3.66806e-06 3.76038e-06 5.88492e-06 -7.27166e-06 -7.58828e-06
internal_weight=1.06921e+06 533720 535490 324938 397342 382412
internal_count=1069210 533720 535490 324938 397342 382412
is_linear=0
shrinkage=0.015715


Tree=6
num_leaves=11
num_cat=0
split_feature=1 6 6 2 2 6 5 1 1 1
split_gain=0.0468734 0.0234169 0.0316209 0.0175244 0.00882976 0.00876401 0.00400328 0.00138351 0.00126312 0.00116308
threshold=0.52440476417541515 0.016807910054922107 0.71547618508338939 0.050423728302121169 0.60084748268127453 0.087337911128997817 0.054299755021929748 1.0000000180025095e-35 0.55217784643173229 0.48409090936183935
decision_type=2 2 2 2 2 2 2 2 2 2
left_child=1 -1 4 5 7 -2 -7 -3 -8 -9
right_child=3 2 -4 -5 -6 6 8 9 -10 -11
leaf_value=0 0 0 0 0 0 0 0 -8.4064160565196982e-06 6.9786465594377911e-06 0
leaf_weight=20656 60869 124 184490 120170 17638 28480 18241 307052 287840 23650
leaf_count=20656 60869 124 184490 120170 17638 28480 18241 307052 287840 23650
internal_value=0 -3.10121e-06 -4.56418e-06 3.47936e-06 -7.36397e-06 5.16846e-06 6.16662e-06 -7.98109e-06 6.69221e-06 -8.04696e-06
internal_weight=1.06921e+06 553610 532954 515600 348464 395430 334561 330826 306081 330702
internal_count=1069210 553610 532954 515600 348464 395430 334561 330826 306081 330702
is_linear=0
shrinkage=0.015715


Tree=7
num_leaves=8
num_cat=0
split_feature=0 2 1 2 6 2 2
split_gain=0.0576305 0.0543589 0.01382 0.0114478 0.00395428 0.0012914 0.000245767
threshold=0.52500000596046459 -0.18257576227188108 0.41486424207687383 -0.1239035092294216 0.86285266280174266 0.86851853132247936 -0.16522988677024839
decision_type=2 2 2 2 2 2 2
left_child=1 -1 -2 -4 5 6 -3
right_child=2 4 3 -5 -6 -7 -8
leaf_value=0 0 0 0 8.7770153166387341e-06 0 0 -8.5377387724301242e-06
leaf_weight=136378 210552 7281 148077 176861 93316 948 295797
leaf_count=136378 210552 7281 148077 176861 93316 948 295797
internal_value=0 -3.57146e-06 3.72062e-06 5.76973e-06 -7.13275e-06 -8.34722e-06 -8.42285e-06
internal_weight=1.06921e+06 533720 535490 324938 397342 304026 303078
internal_count=1069210 533720 535490 324938 397342 304026 303078
is_linear=0
shrinkage=0.015715


Tree=8
num_leaves=7
num_cat=0
split_feature=0 2 5 2 1 2
split_gain=0.055764 0.0532184 0.0149513 0.0042665 0.00387426 0.00221252
threshold=0.52500000596046459 -0.18257576227188108 0.51639783382415783 -0.17445652186870572 0.96329966187477123 0.93750000000000011
decision_type=2 2 2 2 2 2
left_child=1 -1 -2 -4 5 -3
right_child=2 4 3 -5 -6 -7
leaf_value=0 0 -7.4414882235843375e-06 0 7.9164241828500543e-06 0 0
leaf_weight=136378 272456 382012 72247 190787 14930 400
leaf_count=136378 272456 382012 72247 190787 14930 400
internal_value=0 -3.49716e-06 3.67511e-06 6.44102e-06 -7.03298e-06 -7.34103e-06
internal_weight=1.06921e+06 533720 535490 263034 397342 382412
internal_count=1069210 533720 535490 263034 397342 382412
is_linear=0
shrinkage=0.015715


Tree=9
num_leaves=5
num_cat=0
split_feature=0 1 5 6
split_gain=0.0538118 0.0413593 0.0144241 0.00202248
threshold=0.52500000596046459 0.64346247911453258 0.51639783382415783 0.85773810744285595
decision_type=2 2 2 2
left_child=1 3 -2 -1
right_child=2 -3 -4 -5
leaf_value=-7.841196533199857e-06 0 0 6.3509349620185856e-06 0
leaf_weight=275034 272456 188970 263034 69716
leaf_count=275034 272456 188970 263034 69716
internal_value=0 -3.41353e-06 3.63082e-06 -6.90073e-06
internal_weight=1.06921e+06 533720 535490 344750
internal_count=1069210 533720 535490 344750
is_linear=0
shrinkage=0.015715


Tree=10
num_leaves=7
num_cat=0
split_feature=0 2 5 2 1 2
split_gain=0.0521169 0.0513654 0.0138512 0.00415528 0.00369744 0.0021558
threshold=0.52500000596046459 -0.18257576227188108 0.51639783382415783 -0.11715686321258544 0.96329966187477123 0.93750000000000011
decision_type=2 2 2 2 2 2
left_child=1 -1 -2 -4 5 -3
right_child=2 4 3 -5 -6 -7
leaf_value=0 0 -7.2540969804484101e-06 0 7.9685707110960107e-06 0 0
leaf_weight=136378 272456 382012 85166 177868 14930 400
leaf_count=136378 272456 382012 85166 177868 14930 400
internal_value=0 -3.35008e-06 3.58184e-06 6.2513e-06 -6.85274e-06 -7.15377e-06
internal_weight=1.06921e+06 533720 535490 263034 397342 382412
internal_count=1069210 533720 535490 263034 397342 382412
is_linear=0
shrinkage=0.015715


Tree=11
num_leaves=5
num_cat=0
split_feature=0 1 5 2
split_gain=0.0504969 0.0626834 0.00422124 0.00288486
threshold=0.60555556416511547 0.52440476417541515 0.10084745660424234 0.93750000000000011
decision_type=2 2 2 2
left_child=1 3 -2 -1
right_child=2 -3 -4 -5
leaf_value=-7.8558036894049829e-06 0 0 4.9299108834589028e-06 0
leaf_weight=334841 58247 305212 370443 467
leaf_count=334841 58247 305212 370443 467
internal_value=0 -2.64938e-06 4.30999e-06 -7.71401e-06
internal_weight=1.06921e+06 640520 428690 335308
internal_count=1069210 640520 428690 335308
is_linear=0
shrinkage=0.015715


Tree=12
num_leaves=9
num_cat=0
split_feature=0 2 1 5 6 2 2 2
split_gain=0.0487778 0.0494358 0.0136906 0.0165402 0.0039525 0.00123365 0.00122005 0.000267757
threshold=0.52500000596046459 -0.18257576227188108 0.41486424207687383 0.14946808665990832 0.86285266280174266 -0.96638417243957508 0.86851853132247936 -0.16522988677024839
decision_type=2 2 2 2 2 2 2 2
left_child=1 -1 -2 -4 6 -5 7 -3
right_child=2 4 3 5 -6 -7 -8 -9
leaf_value=0 0 0 0 0 0 7.3154128905011913e-06 0 -8.0159729752496993e-06
leaf_weight=136378 210552 7281 56687 859 93316 267392 948 295797
leaf_count=136378 210552 7281 56687 859 93316 267392 948 295797
internal_value=0 -3.20389e-06 3.49941e-06 5.52819e-06 -6.669e-06 7.22567e-06 -7.83022e-06 -7.90548e-06
internal_weight=1.06921e+06 533720 535490 324938 397342 268251 304026 303078
internal_count=1069210 533720 535490 324938 397342 268251 304026 303078
is_linear=0
shrinkage=0.015715


Tree=13
num_leaves=5
num_cat=0
split_feature=0 1 5 2
split_gain=0.0471395 0.0603115 0.00395766 0.00281246
threshold=0.60555556416511547 0.52440476417541515 0.10084745660424234 0.93750000000000011
decision_type=2 2 2 2
left_child=1 3 -2 -1
right_child=2 -3 -4 -5
leaf_value=-7.6675874195718399e-06 0 0 4.7860898168808788e-06 0
leaf_weight=334841 58247 305212 370443 467
leaf_count=334841 58247 305212 370443 467
internal_value=0 -2.53627e-06 4.18569e-06 -7.52605e-06
internal_weight=1.06921e+06 640520 428690 335308
internal_count=1069210 640520 428690 335308
is_linear=0
shrinkage=0.015715


Tree=14
num_leaves=8
num_cat=0
split_feature=0 2 5 2 6 2 2
split_gain=0.0455221 0.0477138 0.0133176 0.00433121 0.00407507 0.00206425 0.000744175
threshold=0.52500000596046459 -0.18257576227188108 0.51639783382415783 -0.11715686321258544 0.70106381177902233 0.83484846353530895 -0.1504717022180557
decision_type=2 2 2 2 2 2 2
left_child=1 -1 -2 -4 5 6 -3
right_child=2 4 3 -5 -6 -7 -8
leaf_value=0 0 0 0 7.6965582084181185e-06 0 0 -8.7383629480236575e-06
leaf_weight=136378 272456 7514 85166 177868 146510 1211 242107
leaf_count=136378 272456 7514 85166 177868 146510 1211 242107
internal_value=0 -3.07102e-06 3.40244e-06 6.0025e-06 -6.50284e-06 -8.42303e-06 -8.56327e-06
internal_weight=1.06921e+06 533720 535490 263034 397342 250832 249621
internal_count=1069210 533720 535490 263034 397342 250832 249621
is_linear=0
shrinkage=0.015715


Tree=15
num_leaves=5
num_cat=0
split_feature=0 1 5 2
split_gain=0.0442417 0.0581985 0.00374186 0.00274559
threshold=0.60555556416511547 0.52440476417541515 0.10084745660424234 0.93750000000000011
decision_type=2 2 2 2
left_child=1 3 -2 -1
right_child=2 -3 -4 -5
leaf_value=-7.4940931629017974e-06 0 0 4.6647597370576471e-06 0
leaf_weight=334841 58247 305212 370443 467
leaf_count=334841 58247 305212 370443 467
internal_value=0 -2.42828e-06 4.08082e-06 -7.35281e-06
internal_weight=1.06921e+06 640520 428690 335308
internal_count=1069210 640520 428690 335308
is_linear=0
shrinkage=0.015715


Tree=16
num_leaves=8
num_cat=0
split_feature=0 2 5 2 6 2 2
split_gain=0.04276 0.0461303 0.0128459 0.00414624 0.00381206 0.00201437 0.000699104
threshold=0.52500000596046459 -0.18257576227188108 0.51639783382415783 -0.11715686321258544 0.70106381177902233 0.83484846353530895 -0.1504717022180557
decision_type=2 2 2 2 2 2 2
left_child=1 -1 -2 -4 5 6 -3
right_child=2 4 3 -5 -6 -7 -8
leaf_value=0 0 0 0 7.5323483375618151e-06 0 0 -8.5287637821908311e-06
leaf_weight=136378 272456 7514 85166 177868 146510 1211 242107
leaf_count=136378 272456 7514 85166 177868 146510 1211 242107
internal_value=0 -2.9471e-06 3.32373e-06 5.87461e-06 -6.34841e-06 -8.21872e-06 -8.35845e-06
internal_weight=1.06921e+06 533720 535490 263034 397342 250832 249621
internal_count=1069210 533720 535490 263034 397342 250832 249621
is_linear=0
shrinkage=0.015715


Tree=17
num_leaves=6
num_cat=0
split_feature=0 2 0 5 2
split_gain=0.0415076 0.0323171 0.0165879 0.00353698 0.0019224
threshold=0.60555556416511547 -0.13363095372915265 0.52500000596046459 0.10084745660424234 0.93750000000000011
decision_type=2 2 2 2 2
left_child=1 -1 4 -2 -3
right_child=3 2 -4 -5 -6
leaf_value=0 0 -6.5005618135861455e-06 0 4.5463208150111069e-06 0
leaf_weight=187752 58247 378438 73930 370443 400
leaf_count=187752 58247 378438 73930 370443 400
internal_value=0 -2.32281e-06 -5.02399e-06 3.97846e-06 -6.40008e-06
internal_weight=1.06921e+06 640520 452768 428690 378838
internal_count=1069210 640520 452768 428690 378838
is_linear=0
shrinkage=0.015715


Tree=18
num_leaves=8
num_cat=0
split_feature=1 0 2 0 5 2 6
split_gain=0.040052 0.065748 0.0162673 0.00722696 0.00538979 0.00388194 0.00226799
threshold=0.55217784643173229 0.78888890147209179 0.050423728302121169 0.18333333730697635 0.050423728302121169 0.93750000000000011 0.038838613778352744
decision_type=2 2 2 2 2 2 2
left_child=1 5 3 -2 -5 -1 -6
right_child=2 -3 -4 4 6 -7 -8
leaf_value=-7.0837682398138152e-06 0 0 0 0 0 0 7.0197687856818571e-06
leaf_weight=416810 35113 172743 107378 29037 27107 557 280465
leaf_count=416810 35113 172743 107378 29037 27107 557 280465
internal_value=0 -2.51723e-06 3.58092e-06 5.22659e-06 5.95468e-06 -6.91508e-06 6.56675e-06
internal_weight=1.06921e+06 590110 479100 371722 336609 417367 307572
internal_count=1069210 590110 479100 371722 336609 417367 307572
is_linear=0
shrinkage=0.015715


Tree=19
num_leaves=5
num_cat=0
split_feature=0 1 5 2
split_gain=0.0392795 0.0537936 0.00338086 0.00261086
threshold=0.60555556416511547 0.52440476417541515 0.10084745660424234 0.93750000000000011
decision_type=2 2 2 2
left_child=1 3 -2 -1
right_child=2 -3 -4 -5
leaf_value=-7.1429090513644814e-06 0 0 4.4541649106390953e-06 0
leaf_weight=334841 58247 305212 370443 467
leaf_count=334841 58247 305212 370443 467
internal_value=0 -2.22637e-06 3.89886e-06 -7.00213e-06
internal_weight=1.06921e+06 640520 428690 335308
internal_count=1069210 640520 428690 335308
is_linear=0
shrinkage=0.015715


Tree=20
num_leaves=8
num_cat=0
split_feature=0 2 1 5 1 2 2
split_gain=0.0380544 0.042957 0.0127378 0.0150051 0.00316443 0.0019003 0.0011595
threshold=0.52500000596046459 -0.18257576227188108 0.41486424207687383 0.14946808665990832 0.96329966187477123 0.93750000000000011 -0.96638417243957508
decision_type=2 2 2 2 2 2 2
left_child=1 -1 -2 -4 5 -3 -5
right_child=2 4 3 6 -6 -7 -8
leaf_value=0 0 -6.4283722335969267e-06 0 0 0 0 6.8561895261342225e-06
leaf_weight=136378 210552 382012 56687 859 14930 400 267392
leaf_count=136378 210552 382012 56687 859 14930 400 267392
internal_value=0 -2.71769e-06 3.18969e-06 5.14055e-06 -6.04873e-06 -6.3289e-06 6.76693e-06
internal_weight=1.06921e+06 533720 535490 324938 397342 382412 268251
internal_count=1069210 533720 535490 324938 397342 382412 268251
is_linear=0
shrinkage=0.015715


Tree=21
num_leaves=9
num_cat=0
split_feature=1 0 2 0 5 2 6 5
split_gain=0.0368463 0.0618334 0.0156529 0.00686489 0.00511114 0.00374126 0.00219494 0.000127064
threshold=0.55217784643173229 0.78888890147209179 0.050423728302121169 0.18333333730697635 0.050423728302121169 0.93750000000000011 0.038838613778352744 0.94198718667030346
decision_type=2 2 2 2 2 2 2 2
left_child=1 5 3 -2 -5 7 -6 -1
right_child=2 -3 -4 4 6 -7 -8 -9
leaf_value=-7.3087043901858103e-06 0 0 0 0 0 0 6.8427688260710476e-06 0
leaf_weight=365303 35113 172743 107378 29037 27107 557 280465 51507
leaf_count=365303 35113 172743 107378 29037 27107 557 280465 51507
internal_value=0 -2.36804e-06 3.47414e-06 5.09302e-06 5.80266e-06 -6.66891e-06 6.39867e-06 -6.83726e-06
internal_weight=1.06921e+06 590110 479100 371722 336609 417367 307572 416810
internal_count=1069210 590110 479100 371722 336609 417367 307572 416810
is_linear=0
shrinkage=0.015715


Tree=22
num_leaves=7
num_cat=0
split_feature=0 2 5 2 1 2
split_gain=0.0359738 0.0413875 0.0123067 0.00465406 0.0029911 0.00185344
threshold=0.52500000596046459 -0.18257576227188108 0.51639783382415783 -0.11715686321258544 0.96329966187477123 0.93750000000000011
decision_type=2 2 2 2 2 2
left_child=1 -1 -2 -4 5 -3
right_child=2 4 3 -5 -6 -7
leaf_value=0 0 -6.2761705826468862e-06 0 7.2702148869765869e-06 0 0
leaf_weight=136378 272456 382012 85166 177868 14930 400
leaf_count=136378 272456 382012 85166 177868 14930 400
internal_value=0 -2.61319e-06 3.12579e-06 5.60437e-06 -5.90463e-06 -6.17686e-06
internal_weight=1.06921e+06 533720 535490 263034 397342 382412
internal_count=1069210 533720 535490 263034 397342 382412
is_linear=0
shrinkage=0.015715


Tree=23
num_leaves=9
num_cat=0
split_feature=1 0 2 0 5 2 6 5
split_gain=0.0351534 0.0595629 0.0152301 0.00664136 0.00494782 0.00366882 0.00208718 0.00112367
threshold=0.55217784643173229 0.78888890147209179 0.050423728302121169 0.18333333730697635 0.050423728302121169 0.76726189255714428 0.038838613778352744 0.94570022821426403
decision_type=2 2 2 2 2 2 2 2
left_child=1 5 3 -2 -5 7 -6 -1
right_child=2 -3 -4 4 6 -7 -8 -9
leaf_value=-7.268617467580011e-06 0 0 0 0 0 0 6.7391163503118968e-06 0
leaf_weight=358339 35113 172743 107378 29037 27107 9048 280465 49980
leaf_count=358339 35113 172743 107378 29037 27107 9048 280465 49980
internal_value=0 -2.27721e-06 3.42308e-06 5.0204e-06 5.71806e-06 -6.52196e-06 6.3044e-06 -6.75974e-06
internal_weight=1.06921e+06 590110 479100 371722 336609 417367 307572 408319
internal_count=1069210 590110 479100 371722 336609 417367 307572 408319
is_linear=0
shrinkage=0.015715


Tree=24
num_leaves=6
num_cat=0
split_feature=0 1 2 2 6
split_gain=0.034331 0.0481008 0.00331269 0.002442 0.001239
threshold=0.60555556416511547 0.52440476417541515 -0.11647287011146544 0.93750000000000011 0.85053193569183361
decision_type=2 2 2 2 2
left_child=1 3 -2 4 -1
right_child=2 -3 -4 -5 -6
leaf_value=-7.5830784512764946e-06 0 0 4.9425970730910126e-06 0 0
leaf_weight=266677 153890 305212 274800 467 68164
leaf_count=266677 153890 305212 274800 467 68164
internal_value=0 -2.00333e-06 3.70978e-06 -6.5606e-06 -6.70076e-06
internal_weight=1.06921e+06 640520 428690 335308 334841
internal_count=1069210 640520 428690 335308 334841
is_linear=0
shrinkage=0.015715


Tree=25
num_leaves=5
num_cat=0
split_feature=0 1 5 6
split_gain=0.0332648 0.0297819 0.0118929 0.00265929
threshold=0.52500000596046459 0.64346247911453258 0.51639783382415783 0.85773810744285595
decision_type=2 2 2 2
left_child=1 3 -2 -1
right_child=2 -3 -4 -5
leaf_value=-6.390108974855531e-06 0 0 5.4808779160127676e-06 0
leaf_weight=275034 272456 188970 263034 69716
leaf_count=275034 272456 188970 263034 69716
internal_value=0 -2.46175e-06 3.04767e-06 -5.53934e-06
internal_weight=1.06921e+06 533720 535490 344750
internal_count=1069210 533720 535490 344750
is_linear=0
shrinkage=0.015715


Tree=26
num_leaves=10
num_cat=0
split_feature=1 0 2 6 2 5 0 5 1
split_gain=0.0327584 0.0533799 0.0150005 0.0080191 0.00364721 0.00303005 0.00228419 0.00156989 0.000128334
threshold=0.52440476417541515 0.78888890147209179 0.050423728302121169 0.087337911128997817 0.88749998807907116 0.054299755021929748 0.18333333730697635 0.94198718667030346 0.53093111515045177
decision_type=2 2 2 2 2 2 2 2 2
left_child=1 4 3 -2 7 -5 -7 -1 -8
right_child=2 -3 -4 5 -6 6 8 -9 -10
leaf_value=-7.1540716087858282e-06 0 0 0 0 0 0 0 0 6.6016903698709277e-06
leaf_weight=341339 60869 162066 120170 28480 1924 28877 77 48281 277127
leaf_count=341339 60869 162066 120170 28480 1924 28877 77 48281 277127
internal_value=0 -2.33534e-06 3.13391e-06 4.70749e-06 -6.42953e-06 5.66555e-06 6.12552e-06 -6.62207e-06 6.59212e-06
internal_weight=1.06921e+06 553610 515600 395430 391544 334561 306081 389620 277204
internal_count=1069210 553610 515600 395430 391544 334561 306081 389620 277204
is_linear=0
shrinkage=0.015715


Tree=27
num_leaves=6
num_cat=0
split_feature=0 1 2 2 6
split_gain=0.0317886 0.0448293 0.00335838 0.00234696 0.00099753
threshold=0.60555556416511547 0.52440476417541515 -0.11647287011146544 0.93750000000000011 0.85053193569183361
decision_type=2 2 2 2 2
left_child=1 3 -2 4 -1
right_child=2 -3 -4 -5 -6
leaf_value=-7.287832841119512e-06 0 0 4.8179761805584411e-06 0 0
leaf_weight=266677 153890 305212 274800 467 68164
leaf_count=266677 153890 305212 274800 467 68164
internal_value=0 -1.89042e-06 3.59945e-06 -6.3084e-06 -6.44826e-06
internal_weight=1.06921e+06 640520 428690 335308 334841
internal_count=1069210 640520 428690 335308 334841
is_linear=0
shrinkage=0.015715


Tree=28
num_leaves=8
num_cat=0
split_feature=0 2 5 6 2 2 2
split_gain=0.0308634 0.0379569 0.0114429 0.00475254 0.00457224 0.00124326 0.000658641
threshold=0.52500000596046459 -0.18257576227188108 0.51639783382415783 0.64346247911453258 -0.11715686321258544 0.83484846353530895 -0.1504717022180557
decision_type=2 2 2 2 2 2 2
left_child=1 -1 -2 5 -4 6 -3
right_child=2 3 4 -5 -6 -7 -8
leaf_value=0 0 0 0 0 6.9721179655738e-06 0 -7.9821262800106953e-06
leaf_weight=136378 272456 6916 85166 171229 177868 1069 218128
leaf_count=136378 272456 6916 85166 171229 177868 1069 218128
internal_value=0 -2.3337e-06 2.96542e-06 -5.55682e-06 5.34906e-06 -7.70686e-06 -7.81273e-06
internal_weight=1.06921e+06 533720 535490 397342 263034 226113 225044
internal_count=1069210 533720 535490 397342 263034 226113 225044
is_linear=0
shrinkage=0.015715


Tree=29
num_leaves=9
num_cat=0
split_feature=1 0 2 0 5 2 5 2
split_gain=0.0308443 0.0533886 0.0145029 0.00618011 0.00461425 0.00343894 0.000915079 0.000395868
threshold=0.55217784643173229 0.78888890147209179 0.050423728302121169 0.18333333730697635 0.050423728302121169 0.76726189255714428 0.94570022821426403 -0.96638417243957508
decision_type=2 2 2 2 2 2 2 2
left_child=1 5 3 -2 -5 6 -1 -6
right_child=2 -3 -4 4 7 -7 -8 -9
leaf_value=-6.8351801216163482e-06 0 0 0 0 0 0 0 6.1142436571113816e-06
leaf_weight=358339 35113 172743 107378 29037 1464 9048 49980 306108
leaf_count=358339 35113 172743 107378 29037 1464 9048 49980 306108
internal_value=0 -2.05842e-06 3.26596e-06 4.83401e-06 5.50728e-06 -6.12745e-06 -6.36038e-06 6.07362e-06
internal_weight=1.06921e+06 590110 479100 371722 336609 417367 408319 307572
internal_count=1069210 590110 479100 371722 336609 417367 408319 307572
is_linear=0
shrinkage=0.015715


Tree=30
num_leaves=11
num_cat=0
split_feature=1 6 6 2 2 6 5 1 1 1
split_gain=0.0294793 0.0178333 0.0265104 0.0142823 0.00797996 0.00773519 0.00280997 0.00135283 0.00124402 0.000691601
threshold=0.52440476417541515 0.016807910054922107 0.71547618508338939 0.050423728302121169 0.60084748268127453 0.087337911128997817 0.054299755021929748 0.48409090936183935 1.0000000180025095e-35 0.55217784643173229
decision_type=2 2 2 2 2 2 2 2 2 2
left_child=1 -1 4 5 7 -2 -7 8 -3 -8
right_child=3 2 -4 -5 -6 6 9 -9 -10 -11
leaf_value=0 0 0 0 0 0 0 0 0 -7.2467974540950499e-06 6.1762348911779479e-06
leaf_weight=20656 60869 124 184490 120170 17638 28480 18241 23650 307052 287840
leaf_count=20656 60869 124 184490 120170 17638 28480 18241 23650 307052 287840
internal_value=0 -2.16019e-06 -3.61992e-06 3.01622e-06 -6.2287e-06 4.55729e-06 5.49952e-06 -6.84188e-06 -7.17609e-06 5.94295e-06
internal_weight=1.06921e+06 553610 532954 515600 348464 395430 334561 330826 307176 306081
internal_count=1069210 553610 532954 515600 348464 395430 334561 330826 307176 306081
is_linear=0
shrinkage=0.015715


Tree=31
num_leaves=8
num_cat=0
split_feature=0 2 5 2 6 2 2
split_gain=0.029452 0.0365155 0.0109931 0.0046278 0.0041355 0.00177046 0.000561247
threshold=0.52500000596046459 -0.18257576227188108 0.51639783382415783 -0.11715686321258544 0.70106381177902233 0.83484846353530895 -0.1504717022180557
decision_type=2 2 2 2 2 2 2
left_child=1 -1 -2 -4 5 6 -3
right_child=2 4 3 -5 -6 -7 -8
leaf_value=0 0 0 0 6.8783194571816653e-06 0 0 -7.4076887131429727e-06
leaf_weight=136378 272456 7514 85166 177868 146510 1211 242107
leaf_count=136378 272456 7514 85166 177868 146510 1211 242107
internal_value=0 -2.24611e-06 2.92287e-06 5.26128e-06 -5.42629e-06 -7.11877e-06 -7.25746e-06
internal_weight=1.06921e+06 533720 535490 263034 397342 250832 249621
internal_count=1069210 533720 535490 263034 397342 250832 249621
is_linear=0
shrinkage=0.015715


Tree=32
num_leaves=6
num_cat=0
split_feature=0 1 2 2 6
split_gain=0.028659 0.0407252 0.00323391 0.00221974 0.000527565
threshold=0.60555556416511547 0.52440476417541515 -0.11647287011146544 0.93750000000000011 0.85053193569183361
decision_type=2 2 2 2 2
left_child=1 3 -2 4 -1
right_child=2 -3 -4 -5 -6
leaf_value=-6.8849402825460518e-06 0 0 4.6493824429705959e-06 0 0
leaf_weight=266677 153890 305212 274800 467 68164
leaf_count=266677 153890 305212 274800 467 68164
internal_value=0 -1.7336e-06 3.46466e-06 -5.9743e-06 -6.11367e-06
internal_weight=1.06921e+06 640520 428690 335308 334841
internal_count=1069210 640520 428690 335308 334841
is_linear=0
shrinkage=0.015715


Tree=33
num_leaves=10
num_cat=0
split_feature=1 0 2 6 0 2 5 2 2
split_gain=0.0277293 0.0499571 0.0137937 0.00603224 0.00363287 0.0032936 0.00245192 0.000248203 0.000144678
threshold=0.55217784643173229 0.78888890147209179 0.050423728302121169 0.038838613778352744 0.14642857760190967 0.93750000000000011 0.050423728302121169 -0.13299319893121717 0.76726189255714428
decision_type=2 2 2 2 2 2 2 2 2
left_child=1 5 3 -2 -5 7 -6 -1 -9
right_child=2 -3 -4 4 6 -7 -8 8 -10
leaf_value=0 0 0 0 0 0 0 6.2858650026182359e-06 -6.8793596307333468e-06 0
leaf_weight=83919 33044 172743 107378 31460 26202 557 281016 324400 8491
leaf_count=83919 33044 172743 107378 31460 26202 557 281016 324400 8491
internal_value=0 -1.89725e-06 3.13806e-06 4.6735e-06 5.32566e-06 -5.88356e-06 5.84628e-06 -6.05077e-06 -6.78328e-06
internal_weight=1.06921e+06 590110 479100 371722 338678 417367 307218 416810 332891
internal_count=1069210 590110 479100 371722 338678 417367 307218 416810 332891
is_linear=0
shrinkage=0.015715


Tree=34
num_leaves=5
num_cat=0
split_feature=0 1 5 6
split_gain=0.0273416 0.02438 0.0106598 0.00202777
threshold=0.52500000596046459 0.64346247911453258 0.51639783382415783 0.85773810744285595
decision_type=2 2 2 2
left_child=1 3 -2 -1
right_child=2 -3 -4 -5
leaf_value=-5.6934039787698219e-06 0 0 5.1458088148730037e-06 0
leaf_weight=275034 272456 188970 263034 69716
leaf_count=275034 272456 188970 263034 69716
internal_value=0 -2.1232e-06 2.8471e-06 -4.94142e-06
internal_weight=1.06921e+06 533720 535490 344750
internal_count=1069210 533720 535490 344750
is_linear=0
shrinkage=0.015715


Tree=35
num_leaves=11
num_cat=0
split_feature=1 6 6 2 2 6 5 1 1 1
split_gain=0.0262927 0.0167385 0.0248225 0.013552 0.00768181 0.00736167 0.0026054 0.0013169 0.00119625 0.000190449
threshold=0.52440476417541515 0.016807910054922107 0.71547618508338939 0.050423728302121169 0.60084748268127453 0.087337911128997817 0.048809524625539787 0.48409090936183935 1.0000000180025095e-35 0.53093111515045177
decision_type=2 2 2 2 2 2 2 2 2 2
left_child=1 -1 4 5 7 -2 -7 8 -3 -8
right_child=3 2 -4 -5 -6 6 9 -9 -10 -11
leaf_value=0 0 0 0 0 0 0 0 0 -6.9742034996982797e-06 5.6968803727635511e-06
leaf_weight=20656 60869 124 184490 120170 17638 21451 83 23650 307052 313027
leaf_count=20656 60869 124 184490 120170 17638 21451 83 23650 307052 313027
internal_value=0 -1.98129e-06 -3.43909e-06 2.89276e-06 -5.97081e-06 4.40027e-06 5.32046e-06 -6.5784e-06 -6.90359e-06 5.68294e-06
internal_weight=1.06921e+06 553610 532954 515600 348464 395430 334561 330826 307176 313110
internal_count=1069210 553610 532954 515600 348464 395430 334561 330826 307176 313110
is_linear=0
shrinkage=0.015715


Tree=36
num_leaves=6
num_cat=0
split_feature=0 1 2 2 6
split_gain=0.0265211 0.0371421 0.00345809 0.00211272 0.000265848
threshold=0.60555556416511547 0.52440476417541515 -0.11647287011146544 0.93750000000000011 0.85053193569183361
decision_type=2 2 2 2 2
left_child=1 3 -2 4 -1
right_child=2 -3 -4 -5 -6
leaf_value=-6.5487246439547343e-06 0 0 4.5538211047713385e-06 0 0
leaf_weight=266677 153890 305212 274800 467 68164
leaf_count=266677 153890 305212 274800 467 68164
internal_value=0 -1.62655e-06 3.36315e-06 -5.68947e-06 -5.82849e-06
internal_weight=1.06921e+06 640520 428690 335308 334841
internal_count=1069210 640520 428690 335308 334841
is_linear=0
shrinkage=0.015715


Tree=37
num_leaves=8
num_cat=0
split_feature=0 2 5 2 6 2 2
split_gain=0.0256978 0.0336868 0.0102656 0.00456502 0.00365931 0.00114362 0.000533791
threshold=0.52500000596046459 -0.18257576227188108 0.51639783382415783 -0.11715686321258544 0.64346247911453258 0.83484846353530895 -0.1504717022180557
decision_type=2 2 2 2 2 2 2
left_child=1 -1 -2 -4 5 6 -3
right_child=2 4 3 -5 -6 -7 -8
leaf_value=0 0 0 0 6.6194173792649969e-06 0 0 -7.3577760741524781e-06
leaf_weight=136378 272456 6916 85166 177868 171229 1069 218128
leaf_count=136378 272456 6916 85166 177868 171229 1069 218128
internal_value=0 -2.02746e-06 2.78291e-06 5.03735e-06 -5.14137e-06 -7.09932e-06 -7.2036e-06
internal_weight=1.06921e+06 533720 535490 263034 397342 226113 225044
internal_count=1069210 533720 535490 263034 397342 226113 225044
is_linear=0
shrinkage=0.015715


Tree=38
num_leaves=6
num_cat=0
split_feature=0 1 2 2 6
split_gain=0.0249661 0.0359127 0.00314447 0.00206668 2.42465e-06
threshold=0.60555556416511547 0.52440476417541515 -0.11647287011146544 0.93750000000000011 0.85053193569183361
decision_type=2 2 2 2 2
left_child=1 3 -2 4 -1
right_child=2 -3 -4 -5 -6
leaf_value=-6.3938617731332121e-06 0 0 4.4300295511811178e-06 0 0
leaf_weight=266677 153890 305212 274800 467 68164
leaf_count=266677 153890 305212 274800 467 68164
internal_value=0 -1.55026e-06 3.28298e-06 -5.56804e-06 -5.70688e-06
internal_weight=1.06921e+06 640520 428690 335308 334841
internal_count=1069210 640520 428690 335308 334841
is_linear=0
shrinkage=0.015715


Tree=39
num_leaves=9
num_cat=0
split_feature=1 6 6 2 2 6 5 1
split_gain=0.024341 0.0157521 0.0247428 0.0131196 0.00673785 0.00570917 0.002927 0.000819181
threshold=0.55217784643173229 0.016807910054922107 0.65450927615165722 0.050423728302121169 0.60084748268127453 0.038838613778352744 0.054299755021929748 1.0000000180025095e-35
decision_type=2 2 2 2 2 2 2 2
left_child=1 -1 4 5 7 -2 -7 -3
right_child=3 2 -4 -5 -6 6 -8 -9
leaf_value=0 0 0 0 0 0 0 5.580049224359511e-06 -6.4065171237330129e-06
leaf_weight=22078 33044 118 221074 107378 16047 29019 309659 330793
leaf_count=22078 33044 118 221074 107378 16047 29019 309659 330793
internal_value=0 -1.71073e-06 -3.14378e-06 2.98852e-06 -5.81047e-06 4.49598e-06 5.13235e-06 -6.35754e-06
internal_weight=1.06921e+06 590110 568032 479100 346958 371722 338678 330911
internal_count=1069210 590110 568032 479100 346958 371722 338678 330911
is_linear=0
shrinkage=0.015715


Tree=40
num_leaves=7
num_cat=0
split_feature=0 2 5 2 1 2
split_gain=0.024183 0.0324247 0.00991862 0.00432359 0.00211515 0.00156888
threshold=0.52500000596046459 -0.18257576227188108 0.51639783382415783 -0.11715686321258544 0.96329966187477123 0.93750000000000011
decision_type=2 2 2 2 2 2
left_child=1 -1 -2 -4 5 -3
right_child=2 4 3 -5 -6 -7
leaf_value=0 0 -5.3408270757896429e-06 0 6.4843056693719771e-06 0 0
leaf_weight=136378 272456 382012 85166 177868 14930 400
leaf_count=136378 272456 382012 85166 177868 14930 400
internal_value=0 -1.93111e-06 2.7252e-06 4.93994e-06 -5.01378e-06 -5.24239e-06
internal_weight=1.06921e+06 533720 535490 263034 397342 382412
internal_count=1069210 533720 535490 263034 397342 382412
is_linear=0
shrinkage=0.015715


Tree=41
num_leaves=11
num_cat=0
split_feature=1 6 6 2 2 6 5 1 1 1
split_gain=0.023261 0.0155231 0.0226045 0.0129042 0.00725966 0.00699343 0.00242244 0.00133032 0.00113852 0.000183858
threshold=0.52440476417541515 0.016807910054922107 0.71547618508338939 0.050423728302121169 0.60084748268127453 0.087337911128997817 0.048809524625539787 0.48409090936183935 1.0000000180025095e-35 0.53093111515045177
decision_type=2 2 2 2 2 2 2 2 2 2
left_child=1 -1 4 5 7 -2 -7 8 -3 -8
right_child=3 2 -4 -5 -6 6 9 -9 -10 -11
leaf_value=0 0 0 0 0 0 0 0 0 -6.6470202804120611e-06 5.5150267973976517e-06
leaf_weight=20656 60869 124 184490 120170 17638 21451 83 23650 307052 313027
leaf_count=20656 60869 124 184490 120170 17638 21451 83 23650 307052 313027
internal_value=0 -1.78617e-06 -3.24052e-06 2.77605e-06 -5.66154e-06 4.25392e-06 5.15162e-06 -6.25872e-06 -6.57655e-06 5.50115e-06
internal_weight=1.06921e+06 553610 532954 515600 348464 395430 334561 330826 307176 313110
internal_count=1069210 553610 532954 515600 348464 395430 334561 330826 307176 313110
is_linear=0
shrinkage=0.015715


Tree=42
num_leaves=5
num_cat=0
split_feature=0 1 2 2
split_gain=0.0233876 0.0330254 0.00311102 0.00197335
threshold=0.60555556416511547 0.52440476417541515 -0.11647287011146544 0.93750000000000011
decision_type=2 2 2 2
left_child=1 3 -2 -1
right_child=2 -3 -4 -5
leaf_value=-5.4594332961172212e-06 0 0 4.3440045253184374e-06 0
leaf_weight=334841 153890 305212 274800 467
leaf_count=334841 153890 305212 274800 467
internal_value=0 -1.45132e-06 3.2114e-06 -5.32095e-06
internal_weight=1.06921e+06 640520 428690 335308
internal_count=1069210 640520 428690 335308
is_linear=0
shrinkage=0.015715


Tree=43
num_leaves=5
num_cat=0
split_feature=0 1 5 6
split_gain=0.0226167 0.0202119 0.00959614 0.00139732
threshold=0.52500000596046459 0.64346247911453258 0.51639783382415783 0.85773810744285595
decision_type=2 2 2 2
left_child=1 3 -2 -1
right_child=2 -3 -4 -5
leaf_value=-5.0789065092321891e-06 0 0 4.8453228670078038e-06 0
leaf_weight=275034 272456 188970 263034 69716
leaf_count=275034 272456 188970 263034 69716
internal_value=0 -1.82007e-06 2.66835e-06 -4.42561e-06
internal_weight=1.06921e+06 533720 535490 344750
internal_count=1069210 533720 535490 344750
is_linear=0
shrinkage=0.015715


Tree=44
num_leaves=9
num_cat=0
split_feature=1 6 6 2 2 6 5 1
split_gain=0.0216159 0.0146508 0.0231589 0.0124447 0.00641515 0.0054269 0.00272462 0.000785373
threshold=0.55217784643173229 0.016807910054922107 0.65450927615165722 0.050423728302121169 0.60084748268127453 0.038838613778352744 0.054299755021929748 1.0000000180025095e-35
decision_type=2 2 2 2 2 2 2 2
left_child=1 -1 4 5 7 -2 -7 -3
right_child=3 2 -4 -5 -6 6 -8 -9
leaf_value=0 0 0 0 0 0 0 5.3915053606205515e-06 -6.1494750316143825e-06
leaf_weight=22078 33044 118 221074 107378 16047 29019 309659 330793
leaf_count=22078 33044 118 221074 107378 16047 29019 309659 330793
internal_value=0 -1.54542e-06 -2.97418e-06 2.86194e-06 -5.56218e-06 4.33726e-06 4.95952e-06 -6.10059e-06
internal_weight=1.06921e+06 590110 568032 479100 346958 371722 338678 330911
internal_count=1069210 590110 568032 479100 346958 371722 338678 330911
is_linear=0
shrinkage=0.015715


Tree=45
num_leaves=5
num_cat=0
split_feature=0 1 2 2
split_gain=0.0219509 0.0309597 0.00310427 0.00190389
threshold=0.60555556416511547 0.52440476417541515 -0.11647287011146544 0.93750000000000011
decision_type=2 2 2 2
left_child=1 3 -2 -1
right_child=2 -3 -4 -5
leaf_value=-5.2729657583722446e-06 0 0 4.2540895565754033e-06 0
leaf_weight=334841 153890 305212 274800 467
leaf_count=334841 153890 305212 274800 467
internal_value=0 -1.37192e-06 3.13386e-06 -5.1347e-06
internal_weight=1.06921e+06 640520 428690 335308
internal_count=1069210 640520 428690 335308
is_linear=0
shrinkage=0.015715


Tree=46
num_leaves=8
num_cat=0
split_feature=0 2 5 2 6 2 2
split_gain=0.0212376 0.0299486 0.00923675 0.00419064 0.00309274 0.00106412 0.000489627
threshold=0.52500000596046459 -0.18257576227188108 0.51639783382415783 -0.11715686321258544 0.64346247911453258 0.83484846353530895 -0.1504717022180557
decision_type=2 2 2 2 2 2 2
left_child=1 -1 -2 -4 5 6 -3
right_child=2 4 3 -5 -6 -7 -8
leaf_value=0 0 0 0 6.2495525240484931e-06 0 0 -6.8111289572227906e-06
leaf_weight=136378 272456 6916 85166 177868 171229 1069 218128
leaf_count=136378 272456 6916 85166 177868 171229 1069 218128
internal_value=0 -1.72877e-06 2.60913e-06 4.7439e-06 -4.75461e-06 -6.56222e-06 -6.66576e-06
internal_weight=1.06921e+06 533720 535490 263034 397342 226113 225044
internal_count=1069210 533720 535490 263034 397342 226113 225044
is_linear=0
shrinkage=0.015715


Tree=47
num_leaves=5
num_cat=0
split_feature=0 1 2 2
split_gain=0.0206274 0.029828 0.00282734 0.00185894
threshold=0.60555556416511547 0.52440476417541515 -0.11647287011146544 0.93750000000000011
decision_type=2 2 2 2
left_child=1 3 -2 -1
right_child=2 -3 -4 -5
leaf_value=-5.1535383424638643e-06 0 0 4.137924426868225e-06 0
leaf_weight=334841 153890 305212 274800 467
leaf_count=334841 153890 305212 274800 467
internal_value=0 -1.29775e-06 3.05863e-06 -5.01545e-06
internal_weight=1.06921e+06 640520 428690 335308
internal_count=1069210 640520 428690 335308
is_linear=0
shrinkage=0.015715


Tree=48
num_leaves=8
num_cat=0
split_feature=0 2 5 2 6 2 2
split_gain=0.0199643 0.02895 0.00895984 0.00388335 0.0029009 0.00103908 0.000462765
threshold=0.52500000596046459 -0.18257576227188108 0.51639783382415783 -0.17445652186870572 0.64346247911453258 0.83484846353530895 -0.1504717022180557
decision_type=2 2 2 2 2 2 2
left_child=1 -1 -2 -4 5 6 -3
right_child=2 4 3 -5 -6 -7 -8
leaf_value=0 0 0 0 5.9017509773622704e-06 0 0 -6.654184268958161e-06
leaf_weight=136378 272456 6916 72247 190787 171229 1069 218128
leaf_count=136378 272456 6916 72247 190787 171229 1069 218128
internal_value=0 -1.64264e-06 2.55151e-06 4.6519e-06 -4.6472e-06 -6.40941e-06 -6.51255e-06
internal_weight=1.06921e+06 533720 535490 263034 397342 226113 225044
internal_count=1069210 533720 535490 263034 397342 226113 225044
is_linear=0
shrinkage=0.015715


Tree=49
num_leaves=9
num_cat=0
split_feature=1 6 6 2 2 6 5 1
split_gain=0.0199477 0.0138749 0.0217701 0.0121442 0.00619661 0.00525862 0.00259759 0.000758879
threshold=0.55217784643173229 0.016807910054922107 0.65450927615165722 0.050423728302121169 0.60084748268127453 0.038838613778352744 0.054299755021929748 1.0000000180025095e-35
decision_type=2 2 2 2 2 2 2 2
left_child=1 -1 4 5 7 -2 -7 -3
right_child=3 2 -4 -5 -6 6 -8 -9
leaf_value=0 0 0 0 0 0 0 5.2863140787432123e-06 -5.9483633024908342e-06
leaf_weight=22078 33044 118 221074 107378 16047 29019 309659 330793
leaf_count=22078 33044 118 221074 107378 16047 29019 309659 330793
internal_value=0 -1.42527e-06 -2.8527e-06 2.78768e-06 -5.36583e-06 4.2511e-06 4.86438e-06 -5.89956e-06
internal_weight=1.06921e+06 590110 568032 479100 346958 371722 338678 330911
internal_count=1069210 590110 568032 479100 346958 371722 338678 330911
is_linear=0
shrinkage=0.015715


Tree=50
num_leaves=5
num_cat=0
split_feature=0 1 2 2
split_gain=0.0193655 0.0280786 0.00271357 0.00179554
threshold=0.60555556416511547 0.52440476417541515 -0.05150309577584266 0.93750000000000011
decision_type=2 2 2 2
left_child=1 3 -2 -1
right_child=2 -3 -4 -5
leaf_value=-4.9846555678974646e-06 0 0 4.2649287916803398e-06 0
leaf_weight=334841 181769 305212 246921 467
leaf_count=334841 181769 305212 246921 467
internal_value=0 -1.21942e-06 2.98722e-06 -4.84681e-06
internal_weight=1.06921e+06 640520 428690 335308
internal_count=1069210 640520 428690 335308
is_linear=0
shrinkage=0.015715


Tree=51
num_leaves=8
num_cat=0
split_feature=0 2 5 2 6 2 2
split_gain=0.018768 0.0277977 0.00864799 0.00373524 0.00249655 0.00100731 0.000429847
threshold=0.52500000596046459 -0.18257576227188108 0.51639783382415783 -0.11715686321258544 0.64346247911453258 0.83484846353530895 -0.1504717022180557
decision_type=2 2 2 2 2 2 2
left_child=1 -1 -2 -4 5 6 -3
right_child=2 4 3 -5 -6 -7 -8
leaf_value=0 0 0 0 5.9934724403672441e-06 0 0 -6.4609210534245637e-06
leaf_weight=136378 272456 6916 85166 177868 171229 1069 218128
leaf_count=136378 272456 6916 85166 177868 171229 1069 218128
internal_value=0 -1.55264e-06 2.49912e-06 4.56176e-06 -4.52713e-06 -6.22139e-06 -6.32396e-06
internal_weight=1.06921e+06 533720 535490 263034 397342 226113 225044
internal_count=1069210 533720 535490 263034 397342 226113 225044
is_linear=0
shrinkage=0.015715


Tree=52
num_leaves=6
num_cat=0
split_feature=0 2 0 2 2
split_gain=0.0182194 0.0182419 0.0103321 0.00246316 0.00136359
threshold=0.60555556416511547 -0.13363095372915265 0.52500000596046459 -0.11647287011146544 0.93750000000000011
decision_type=2 2 2 2 2
left_child=1 -1 4 -2 -3
right_child=3 2 -4 -5 -6
leaf_value=0 0 -4.6634763437224435e-06 0 3.9346220273497382e-06 0
leaf_weight=187752 153890 378438 73930 274800 400
leaf_count=187752 153890 378438 73930 274800 400
internal_value=0 -1.14926e-06 -3.4363e-06 2.91756e-06 -4.56478e-06
internal_weight=1.06921e+06 640520 452768 428690 378838
internal_count=1069210 640520 452768 428690 378838
is_linear=0
shrinkage=0.015715


Tree=53
num_leaves=6
num_cat=0
split_feature=0 2 0 2 2
split_gain=0.0175674 0.0177302 0.01008 0.00235192 0.00134143
threshold=0.60555556416511547 -0.13363095372915265 0.52500000596046459 -0.05150309577584266 0.93750000000000011
decision_type=2 2 2 2 2
left_child=1 -1 4 -2 -3
right_child=3 2 -4 -5 -6
leaf_value=0 0 -4.5902760018835879e-06 0 4.0886272661713816e-06 0
leaf_weight=187752 181769 378438 73930 246921 400
leaf_count=187752 181769 378438 73930 246921 400
internal_value=0 -1.10599e-06 -3.3751e-06 2.87796e-06 -4.49166e-06
internal_weight=1.06921e+06 640520 452768 428690 378838
internal_count=1069210 640520 452768 428690 378838
is_linear=0
shrinkage=0.015715


Tree=54
num_leaves=8
num_cat=0
split_feature=1 0 0 5 2 2 2
split_gain=0.0190861 0.0344221 0.0114856 0.00760482 0.00377699 0.00119535 5.27422e-05
threshold=0.41486424207687383 0.78888890147209179 0.38750000298023229 0.10822072252631189 0.76726189255714428 -0.18257576227188108 -0.96638417243957508
decision_type=2 2 2 2 2 2 2
left_child=1 4 -2 -4 5 -1 -5
right_child=2 -3 3 6 -6 -7 -8
leaf_value=0 0 0 0 0 0 -6.6265990224228332e-06 4.4684822184490479e-06
leaf_weight=32368 190914 124916 64108 1162 8872 259983 386887
leaf_count=32368 190914 124916 64108 1162 8872 259983 386887
internal_value=0 -2.00044e-06 2.16145e-06 3.59299e-06 -5.81707e-06 -6.16841e-06 4.45804e-06
internal_weight=1.06921e+06 426139 643071 452157 301223 292351 388049
internal_count=1069210 426139 643071 452157 301223 292351 388049
is_linear=0
shrinkage=0.015715


Tree=55
num_leaves=6
num_cat=0
split_feature=1 0 0 5 6
split_gain=0.0181835 0.0335882 0.0111726 0.00741558 0.00261673
threshold=0.41486424207687383 0.78888890147209179 0.38750000298023229 0.10822072252631189 0.016807910054922107
decision_type=2 2 2 2 2
left_child=1 4 -2 -4 -1
right_child=2 -3 3 -5 -6
leaf_value=0 0 0 0 4.3881034596829842e-06 -6.0156348068771567e-06
leaf_weight=10366 190914 124916 64108 388049 290857
leaf_count=10366 190914 124916 64108 388049 290857
internal_value=0 -1.93697e-06 2.11923e-06 3.53296e-06 -5.72732e-06
internal_weight=1.06921e+06 426139 643071 452157 301223
internal_count=1069210 426139 643071 452157 301223
is_linear=0
shrinkage=0.015715


Tree=56
num_leaves=11
num_cat=0
split_feature=1 0 2 6 0 2 2 1 2 2
split_gain=0.0174585 0.0350132 0.0116698 0.00508166 0.0030028 0.00267416 0.00124014 0.00170022 0.000326298 0.000125158
threshold=0.55217784643173229 0.78888890147209179 0.050423728302121169 0.038838613778352744 0.14642857760190967 0.93750000000000011 -0.11715686321258544 0.48304596543312078 0.76726189255714428 -0.96638417243957508
decision_type=2 2 2 2 2 2 2 2 2 2
left_child=1 5 3 -2 -5 6 -1 8 -8 -6
right_child=2 -3 -4 4 9 -7 7 -9 -10 -11
leaf_value=0 0 0 0 0 0 0 -6.2346732198786207e-06 0 0 5.2029019208973094e-06
leaf_weight=84952 33044 172743 107378 31460 1018 557 283414 40019 8425 306200
leaf_count=84952 33044 172743 107378 31460 1018 557 283414 40019 8425 306200
internal_value=0 -1.24814e-06 2.6594e-06 4.10569e-06 4.71167e-06 -4.78513e-06 -4.95083e-06 -5.63013e-06 -6.12168e-06 5.18461e-06
internal_weight=1.06921e+06 590110 479100 371722 338678 417367 416810 331858 291839 307218
internal_count=1069210 590110 479100 371722 338678 417367 416810 331858 291839 307218
is_linear=0
shrinkage=0.015715


Tree=57
num_leaves=6
num_cat=0
split_feature=1 0 0 5 5
split_gain=0.0166492 0.03422 0.00569096 0.00345494 0.00107395
threshold=0.55217784643173229 0.78888890147209179 0.38750000298023229 0.075235851109027876 0.94198718667030346
decision_type=2 2 2 2 2
left_child=1 4 -2 -4 -1
right_child=2 -3 3 -5 -6
leaf_value=-5.1115382685017065e-06 0 0 0 4.2675142743044068e-06 0
leaf_weight=365760 140971 172743 35563 302566 51607
leaf_count=365760 140971 172743 35563 302566 51607
internal_value=0 -1.20112e-06 2.6072e-06 3.71197e-06 -4.71867e-06
internal_weight=1.06921e+06 590110 479100 338129 417367
internal_count=1069210 590110 479100 338129 417367
is_linear=0
shrinkage=0.015715


Tree=58
num_leaves=9
num_cat=0
split_feature=1 0 0 5 2 6 2 2
split_gain=0.016075 0.0313687 0.0104989 0.0070919 0.003563 0.0019667 0.00150338 5.11979e-05
threshold=0.41486424207687383 0.78888890147209179 0.38750000298023229 0.10822072252631189 0.76726189255714428 0.016807910054922107 -0.18257576227188108 -0.96638417243957508
decision_type=2 2 2 2 2 2 2 2
left_child=1 4 -2 -4 5 -1 -7 -5
right_child=2 -3 3 7 -6 6 -8 -9
leaf_value=0 0 0 0 0 0 0 -6.5477469656882033e-06 4.2501015157395553e-06
leaf_weight=10220 190914 124916 64108 1162 8872 30346 251785 386887
leaf_count=10220 190914 124916 64108 1162 8872 30346 251785 386887
internal_value=0 -1.76588e-06 2.02532e-06 3.40013e-06 -5.48538e-06 -5.83149e-06 -6.07906e-06 4.2399e-06
internal_weight=1.06921e+06 426139 643071 452157 301223 292351 282131 388049
internal_count=1069210 426139 643071 452157 301223 292351 282131 388049
is_linear=0
shrinkage=0.015715


Tree=59
num_leaves=10
num_cat=0
split_feature=1 0 2 6 5 2 2 0 2
split_gain=0.0153684 0.0327356 0.0111951 0.0049476 0.00320743 0.00256928 0.00107384 0.000453232 9.98303e-05
threshold=0.55217784643173229 0.78888890147209179 0.050423728302121169 0.087337911128997817 0.054299755021929748 0.93750000000000011 -0.11715686321258544 0.14642857760190967 0.76726189255714428
decision_type=2 2 2 2 2 2 2 2 2
left_child=1 5 3 -2 -5 6 -1 -6 -8
right_child=2 -3 -4 4 7 -7 8 -9 -10
leaf_value=0 0 0 0 0 0 0 -5.4865813729557961e-06 5.5104997900932146e-06 0
leaf_weight=84952 57236 172743 107378 26646 26572 557 323367 261268 8491
leaf_count=84952 57236 172743 107378 26646 26572 557 323367 261268 8491
internal_value=0 -1.11856e-06 2.52462e-06 3.95492e-06 4.72904e-06 -4.5954e-06 -4.76094e-06 5.2133e-06 -5.40918e-06
internal_weight=1.06921e+06 590110 479100 371722 314486 417367 416810 287840 331858
internal_count=1069210 590110 479100 371722 314486 417367 416810 287840 331858
is_linear=0
shrinkage=0.015715


Tree=60
num_leaves=5
num_cat=0
split_feature=0 1 2 2
split_gain=0.015092 0.0221727 0.00305096 0.00152203
threshold=0.60555556416511547 0.55217784643173229 -0.05150309577584266 0.93750000000000011
decision_type=2 2 2 2
left_child=1 3 -2 -1
right_child=2 -3 -4 -5
leaf_value=-4.2406884809579693e-06 0 0 3.9730492344736672e-06 0
leaf_weight=356966 181769 283087 246921 467
leaf_count=356966 181769 283087 246921 467
internal_value=0 -9.4785e-07 2.70985e-06 -4.11214e-06
internal_weight=1.06921e+06 640520 428690 357433
internal_count=1069210 640520 428690 357433
is_linear=0
shrinkage=0.015715


Tree=61
num_leaves=12
num_cat=0
split_feature=1 6 6 2 2 1 5 2 1 2 2
split_gain=0.01461 0.0144615 0.0130058 0.00738659 0.0071637 0.0048028 0.0025443 0.00116675 0.00103836 0.000422281 0.000226472
threshold=0.41486424207687383 0.016807910054922107 0.71547618508338939 0.042019775137305267 0.60084748268127453 0.53093111515045177 0.054299755021929748 -0.56711712479591359 1.0000000180025095e-35 0.033615820109844215 -0.96638417243957508
decision_type=2 2 2 2 2 2 2 2 2 2 2
left_child=1 -1 4 5 7 -2 -7 -3 -9 10 -8
right_child=3 2 -4 -5 -6 6 9 8 -10 -11 -12
leaf_value=0 0 0 0 0 0 0 0 0 -6.439316856086447e-06 0 4.249690670077581e-06
leaf_weight=15654 73729 1974 145036 185911 16950 33542 1589 122 246403 1656 346644
leaf_count=15654 73729 1974 145036 185911 16950 33542 1589 122 246403 1656 346644
internal_value=0 -1.63369e-06 -3.38551e-06 1.95898e-06 -5.45831e-06 3.06318e-06 3.77823e-06 -6.23924e-06 -6.35657e-06 4.17556e-06 4.22104e-06
internal_weight=1.06921e+06 426139 410485 643071 265449 457160 383431 248499 246525 349889 348233
internal_count=1069210 426139 410485 643071 265449 457160 383431 248499 246525 349889 348233
is_linear=0
shrinkage=0.015715


Tree=62
num_leaves=8
num_cat=0
split_feature=0 2 1 2 6 2 2
split_gain=0.0146572 0.023277 0.00656475 0.0102233 0.00309904 0.000925064 0.0003142
threshold=0.52500000596046459 -0.18257576227188108 0.41486424207687383 -0.1239035092294216 0.64346247911453258 0.83484846353530895 -0.1504717022180557
decision_type=2 2 2 2 2 2 2
left_child=1 -1 -2 -4 5 6 -3
right_child=2 4 3 -5 -6 -7 -8
leaf_value=0 0 0 0 6.2605751086164839e-06 0 0 -5.9106268227917877e-06
leaf_weight=136378 210552 6916 148077 176861 171229 1069 218128
leaf_count=136378 210552 6916 148077 176861 171229 1069 218128
internal_value=0 -1.23608e-06 2.28718e-06 3.68765e-06 -4.06237e-06 -5.688e-06 -5.78964e-06
internal_weight=1.06921e+06 533720 535490 324938 397342 226113 225044
internal_count=1069210 533720 535490 324938 397342 226113 225044
is_linear=0
shrinkage=0.015715


Tree=63
num_leaves=6
num_cat=0
split_feature=0 2 0 2 2
split_gain=0.0141458 0.0146509 0.00924967 0.00297132 0.00119772
threshold=0.60555556416511547 -0.18257576227188108 0.52500000596046459 -0.05150309577584266 0.93750000000000011
decision_type=2 2 2 2 2
left_child=1 -1 4 -2 -3
right_child=3 2 -4 -5 -6
leaf_value=0 0 -4.1051391990127642e-06 0 3.8824498093776615e-06 0
leaf_weight=165336 181769 396942 77842 246921 400
leaf_count=165336 181769 396942 77842 246921 400
internal_value=0 -8.81952e-07 -2.94201e-06 2.64175e-06 -4.01144e-06
internal_weight=1.06921e+06 640520 475184 428690 397342
internal_count=1069210 640520 475184 428690 397342
is_linear=0
shrinkage=0.015715


Tree=64
num_leaves=9
num_cat=0
split_feature=1 0 0 5 2 6 2 2
split_gain=0.0137171 0.0283214 0.00953124 0.00671379 0.00332227 0.00186416 0.00135036 4.70988e-05
threshold=0.41486424207687383 0.78888890147209179 0.38750000298023229 0.10822072252631189 0.76726189255714428 0.016807910054922107 -0.18257576227188108 -0.96638417243957508
decision_type=2 2 2 2 2 2 2 2
left_child=1 4 -2 -4 5 -1 -7 -5
right_child=2 -3 3 7 -6 6 -8 -9
leaf_value=0 0 0 0 0 0 0 -6.1761575362539756e-06 4.0643380715634386e-06
leaf_weight=10220 190914 124916 64108 1162 8872 30346 251785 386887
leaf_count=10220 190914 124916 64108 1162 8872 30346 251785 386887
internal_value=0 -1.54084e-06 1.92103e-06 3.23228e-06 -5.15193e-06 -5.49079e-06 -5.7331e-06 4.05456e-06
internal_weight=1.06921e+06 426139 643071 452157 301223 292351 282131 388049
internal_count=1069210 426139 643071 452157 301223 292351 282131 388049
is_linear=0
shrinkage=0.015715


Tree=65
num_leaves=6
num_cat=0
split_feature=0 1 2 6 2
split_gain=0.0133496 0.0199926 0.00294132 0.00290379 0.00185847
threshold=0.60555556416511547 0.55217784643173229 -0.05150309577584266 0.6776927411556245 0.83484846353530895
decision_type=2 2 2 2 2
left_child=1 3 -2 4 -1
right_child=2 -3 -4 -5 -6
leaf_value=-5.3582362725385817e-06 0 0 3.8075963806384085e-06 0 0
leaf_weight=227704 181769 283087 246921 128390 1339
leaf_count=227704 181769 283087 246921 128390 1339
internal_value=0 -8.25612e-07 2.58154e-06 -3.87518e-06 -5.15201e-06
internal_weight=1.06921e+06 640520 428690 357433 229043
internal_count=1069210 640520 428690 357433 229043
is_linear=0
shrinkage=0.015715


Tree=66
num_leaves=6
num_cat=0
split_feature=1 0 0 5 5
split_gain=0.0130067 0.0290243 0.00474756 0.00304877 0.00121055
threshold=0.55217784643173229 0.78888890147209179 0.38750000298023229 0.075235851109027876 0.94198718667030346
decision_type=2 2 2 2 2
left_child=1 4 -2 -4 -1
right_child=2 -3 3 -5 -6
leaf_value=-4.6696917370900671e-06 0 0 0 3.9042318922101352e-06 0
leaf_weight=365760 140971 172743 35563 302566 51607
leaf_count=365760 140971 172743 35563 302566 51607
internal_value=0 -9.37185e-07 2.36995e-06 3.37908e-06 -4.28918e-06
internal_weight=1.06921e+06 590110 479100 338129 417367
internal_count=1069210 590110 479100 338129 417367
is_linear=0
shrinkage=0.015715


Tree=67
num_leaves=7
num_cat=0
split_feature=0 2 5 2 1 2
split_gain=0.0127493 0.0213642 0.00839344 0.0033312 0.00131424 0.00120455
threshold=0.52500000596046459 -0.18257576227188108 0.53390806913375866 -0.14148550480604169 0.96329966187477123 0.93750000000000011
decision_type=2 2 2 2 2 2
left_child=1 -1 -2 -4 5 -3
right_child=2 4 3 -5 -6 -7
leaf_value=0 0 -4.127061527640371e-06 0 5.5964279436514443e-06 0 0
leaf_weight=136378 286733 382012 75898 172859 14930 400
leaf_count=136378 286733 382012 75898 172859 14930 400
internal_value=0 -1.07398e-06 2.17377e-06 4.29883e-06 -3.8487e-06 -4.02962e-06
internal_weight=1.06921e+06 533720 535490 248757 397342 382412
internal_count=1069210 533720 535490 248757 397342 382412
is_linear=0
shrinkage=0.015715


Tree=68
num_leaves=12
num_cat=0
split_feature=1 6 6 2 2 1 5 2 1 2 2
split_gain=0.0125676 0.0131785 0.0121323 0.00711557 0.00682932 0.0044225 0.00236123 0.00110547 0.000989102 0.000408644 0.000217103
threshold=0.41486424207687383 0.016807910054922107 0.71547618508338939 0.042019775137305267 0.60084748268127453 0.53093111515045177 0.054299755021929748 -0.56711712479591359 1.0000000180025095e-35 0.033615820109844215 -0.96638417243957508
decision_type=2 2 2 2 2 2 2 2 2 2 2
left_child=1 -1 4 5 7 -2 -7 -3 -9 10 -8
right_child=3 2 -4 -5 -6 6 9 8 -10 -11 -12
leaf_value=0 0 0 0 0 0 0 0 0 -6.1401439262792712e-06 0 4.1014888735823938e-06
leaf_weight=15654 73729 1974 145036 185911 16950 33542 1589 122 246403 1656 346644
leaf_count=15654 73729 1974 145036 185911 16950 33542 1589 122 246403 1656 346644
internal_value=0 -1.41323e-06 -3.16121e-06 1.87059e-06 -5.16841e-06 2.95986e-06 3.64534e-06 -5.94189e-06 -6.05753e-06 4.02806e-06 4.0733e-06
internal_weight=1.06921e+06 426139 410485 643071 265449 457160 383431 248499 246525 349889 348233
internal_count=1069210 426139 410485 643071 265449 457160 383431 248499 246525 349889 348233
is_linear=0
shrinkage=0.015715


Tree=69
num_leaves=6
num_cat=0
split_feature=0 1 2 6 2
split_gain=0.0122867 0.0182097 0.00294458 0.00275711 0.00177042
threshold=0.60555556416511547 0.55217784643173229 -0.05150309577584266 0.6776927411556245 0.83484846353530895
decision_type=2 2 2 2 2
left_child=1 3 -2 4 -1
right_child=2 -3 -4 -5 -6
leaf_value=-5.1119882573732108e-06 0 0 3.7153206166464963e-06 0 0
leaf_weight=227704 181769 283087 246921 128390 1339
leaf_count=227704 181769 283087 246921 128390 1339
internal_value=0 -7.3572e-07 2.50246e-06 -3.67904e-06 -4.9066e-06
internal_weight=1.06921e+06 640520 428690 357433 229043
internal_count=1069210 640520 428690 357433 229043
is_linear=0
shrinkage=0.015715


Tree=70
num_leaves=8
num_cat=0
split_feature=0 2 5 2 6 2 2
split_gain=0.0119402 0.020406 0.00812378 0.00320235 0.00290246 0.000855489 0.000296849
threshold=0.52500000596046459 -0.18257576227188108 0.53390806913375866 -0.14148550480604169 0.64346247911453258 0.83484846353530895 -0.1504717022180557
decision_type=2 2 2 2 2 2 2
left_child=1 -1 -2 -4 5 6 -3
right_child=2 4 3 -5 -6 -7 -8
leaf_value=0 0 0 0 5.4857980059971894e-06 0 0 -5.4830455222674265e-06
leaf_weight=136378 286733 6916 75898 172859 171229 1069 218128
leaf_count=136378 286733 6916 75898 172859 171229 1069 218128
internal_value=0 -9.96436e-07 2.12425e-06 4.21367e-06 -3.74192e-06 -5.26765e-06 -5.36811e-06
internal_weight=1.06921e+06 533720 535490 248757 397342 226113 225044
internal_count=1069210 533720 535490 248757 397342 226113 225044
is_linear=0
shrinkage=0.015715


Tree=71
num_leaves=9
num_cat=0
split_feature=1 0 0 5 2 6 2 2
split_gain=0.0118924 0.0253203 0.00857469 0.0062793 0.00309308 0.00179063 0.0013751 4.39768e-05
threshold=0.41486424207687383 0.78888890147209179 0.38750000298023229 0.10822072252631189 0.76726189255714428 0.016807910054922107 -0.18257576227188108 -0.96638417243957508
decision_type=2 2 2 2 2 2 2 2
left_child=1 4 -2 -4 5 -1 -7 -5
right_child=2 -3 3 7 -6 6 -8 -9
leaf_value=0 0 0 0 0 0 0 -5.8273018735303574e-06 3.8862169380310238e-06
leaf_weight=10220 190914 124916 64108 1162 8872 30346 251785 386887
leaf_count=10220 190914 124916 64108 1162 8872 30346 251785 386887
internal_value=0 -1.34034e-06 1.83657e-06 3.07806e-06 -4.82377e-06 -5.15584e-06 -5.39528e-06 3.8768e-06
internal_weight=1.06921e+06 426139 643071 452157 301223 292351 282131 388049
internal_count=1069210 426139 643071 452157 301223 292351 282131 388049
is_linear=0
shrinkage=0.015715


Tree=72
num_leaves=9
num_cat=0
split_feature=1 0 2 6 2 2 0 2
split_gain=0.0113339 0.0262783 0.0102345 0.00470441 0.0022659 0.00104631 0.000749731 5.74616e-05
threshold=0.55217784643173229 0.78888890147209179 0.050423728302121169 0.087337911128997817 0.93750000000000011 -0.11715686321258544 0.14642857760190967 0.76726189255714428
decision_type=2 2 2 2 2 2 2 2
left_child=1 4 3 -2 5 -1 -5 -7
right_child=2 -3 -4 6 -6 7 -8 -9
leaf_value=0 0 0 0 0 0 -4.8746628647705409e-06 4.6952725803749245e-06 0
leaf_weight=84952 57236 172743 107378 29126 557 323367 285360 8491
leaf_count=84952 57236 172743 107378 29126 557 323367 285360 8491
internal_value=0 -7.9442e-07 2.24936e-06 3.64838e-06 -4.05272e-06 -4.21753e-06 4.40668e-06 -4.80754e-06
internal_weight=1.06921e+06 590110 479100 371722 417367 416810 314486 331858
internal_count=1069210 590110 479100 371722 417367 416810 314486 331858
is_linear=0
shrinkage=0.015715


Tree=73
num_leaves=5
num_cat=0
split_feature=0 1 6 5
split_gain=0.0111329 0.0165654 0.00265462 0.00172323
threshold=0.60555556416511547 0.55217784643173229 0.6776927411556245 0.10084745660424234
decision_type=2 2 2 2
left_child=1 2 -1 -2
right_child=3 -3 -4 -5
leaf_value=-4.6765051712182078e-06 0 0 0 2.7975289133947835e-06
leaf_weight=229043 58247 283087 128390 370443
leaf_count=229043 58247 283087 128390 370443
internal_value=0 -6.518e-07 -3.49172e-06 2.40255e-06
internal_weight=1.06921e+06 640520 357433 428690
internal_count=1069210 640520 357433 428690
is_linear=0
shrinkage=0.015715


Tree=74
num_leaves=4
num_cat=0
split_feature=0 6 1
split_gain=0.0108013 0.0137474 0.00522918
threshold=0.52500000596046459 0.64346247911453258 0.41486424207687383
decision_type=2 2 2
left_child=1 -1 -2
right_child=2 -3 -4
leaf_value=-3.3992457313380542e-06 0 0 3.2920452568372364e-06
leaf_weight=330804 210552 202916 324938
leaf_count=330804 210552 202916 324938
internal_value=0 -8.99829e-07 2.04212e-06
internal_weight=1.06921e+06 533720 535490
internal_count=1069210 533720 535490
is_linear=0
shrinkage=0.015715


Tree=75
num_leaves=6
num_cat=0
split_feature=1 0 0 5 6
split_gain=0.0106 0.023613 0.00791336 0.00601073 0.00219787
threshold=0.41486424207687383 0.78888890147209179 0.38750000298023229 0.10822072252631189 0.016807910054922107
decision_type=2 2 2 2 2
left_child=1 4 -2 -4 -1
right_child=2 -3 3 -5 -6
leaf_value=0 0 0 0 3.7383840870597459e-06 -4.9024893398392729e-06
leaf_weight=10366 190914 124916 64108 388049 290857
leaf_count=10366 190914 124916 64108 388049 290857
internal_value=0 -1.21241e-06 1.75884e-06 2.95233e-06 -4.62701e-06
internal_weight=1.06921e+06 426139 643071 452157 301223
internal_count=1069210 426139 643071 452157 301223
is_linear=0
shrinkage=0.015715


Tree=76
num_leaves=5
num_cat=0
split_feature=0 1 6 5
split_gain=0.0101708 0.0155912 0.00248284 0.00163073
threshold=0.60555556416511547 0.55217784643173229 0.6776927411556245 0.10084745660424234
decision_type=2 2 2 2
left_child=1 2 -1 -2
right_child=3 -3 -4 -5
leaf_value=-4.5184574579994711e-06 0 0 0 2.6944535672121123e-06
leaf_weight=229043 58247 283087 128390 370443
leaf_count=229043 58247 283087 128390 370443
internal_value=0 -5.88265e-07 -3.37324e-06 2.31002e-06
internal_weight=1.06921e+06 640520 357433 428690
internal_count=1069210 640520 357433 428690
is_linear=0
shrinkage=0.015715


Tree=77
num_leaves=6
num_cat=0
split_feature=1 0 0 5 6
split_gain=0.00994603 0.0226786 0.00759356 0.0058106 0.00214781
threshold=0.41486424207687383 0.78888890147209179 0.38750000298023229 0.10822072252631189 0.016807910054922107
decision_type=2 2 2 2 2
left_child=1 4 -2 -4 -1
right_child=2 -3 3 -5 -6
leaf_value=0 0 0 0 3.6603409136817268e-06 -4.7931841818490229e-06
leaf_weight=10366 190914 124916 64108 388049 290857
leaf_count=10366 190914 124916 64108 388049 290857
internal_value=0 -1.14725e-06 1.71594e-06 2.88615e-06 -4.51961e-06
internal_weight=1.06921e+06 426139 643071 452157 301223
internal_count=1069210 426139 643071 452157 301223
is_linear=0
shrinkage=0.015715


Tree=78
num_leaves=4
num_cat=0
split_feature=0 6 5
split_gain=0.00964994 0.0129763 0.00779861
threshold=0.52500000596046459 0.64346247911453258 0.53390806913375866
decision_type=2 2 2
left_child=1 -1 -2
right_child=2 -3 -4
leaf_value=-3.2742530210433769e-06 0 0 3.9875419574157187e-06
leaf_weight=330804 286733 202916 248757
leaf_count=330804 286733 202916 248757
internal_value=0 -8.05554e-07 1.94934e-06
internal_weight=1.06921e+06 533720 535490
internal_count=1069210 533720 535490
is_linear=0
shrinkage=0.015715


Tree=79
num_leaves=6
num_cat=0
split_feature=1 0 5 0 5
split_gain=0.00957576 0.0234092 0.00368435 0.00236537 0.00125847
threshold=0.55217784643173229 0.78888890147209179 0.054299755021929748 0.29285715520381933 0.94198718667030346
decision_type=2 2 2 2 2
left_child=1 4 -2 -4 -1
right_child=2 -3 3 -5 -6
leaf_value=-4.1637611929697186e-06 0 0 0 3.1972308152816992e-06 0
leaf_weight=365760 41757 172743 85430 351913 51607
leaf_count=365760 41757 172743 85430 351913 51607
internal_value=0 -6.5962e-07 2.09656e-06 2.62549e-06 -3.80153e-06
internal_weight=1.06921e+06 590110 479100 437343 417367
internal_count=1069210 590110 479100 437343 417367
is_linear=0
shrinkage=0.015715


Tree=80
num_leaves=4
num_cat=0
split_feature=0 6 5
split_gain=0.00916169 0.0125319 0.00752239
threshold=0.52500000596046459 0.64346247911453258 0.53390806913375866
decision_type=2 2 2
left_child=1 -1 -2
right_child=2 -3 -4
leaf_value=-3.2029609525057239e-06 0 0 3.91360817288531e-06
leaf_weight=330804 286733 202916 248757
leaf_count=330804 286733 202916 248757
internal_value=0 -7.53663e-07 1.91196e-06
internal_weight=1.06921e+06 533720 535490
internal_count=1069210 533720 535490
is_linear=0
shrinkage=0.015715


Tree=81
num_leaves=6
num_cat=0
split_feature=1 0 0 5 6
split_gain=0.0091659 0.0213338 0.00700591 0.00550858 0.00208699
threshold=0.41486424207687383 0.78888890147209179 0.38750000298023229 0.10822072252631189 0.016807910054922107
decision_type=2 2 2 2 2
left_child=1 4 -2 -4 -1
right_child=2 -3 3 -5 -6
leaf_value=0 0 0 0 3.5442502667846455e-06 -4.6349562741588077e-06
leaf_weight=10366 190914 124916 64108 388049 290857
leaf_count=10366 190914 124916 64108 388049 290857
internal_value=0 -1.05414e-06 1.66762e-06 2.78868e-06 -4.36304e-06
internal_weight=1.06921e+06 426139 643071 452157 301223
internal_count=1069210 426139 643071 452157 301223
is_linear=0
shrinkage=0.015715


Tree=82
num_leaves=6
num_cat=0
split_feature=1 0 5 0 5
split_gain=0.00881831 0.0221683 0.00352749 0.00214385 0.00119636
threshold=0.55217784643173229 0.78888890147209179 0.054299755021929748 0.29285715520381933 0.94198718667030346
decision_type=2 2 2 2 2
left_child=1 4 -2 -4 -1
right_child=2 -3 3 -5 -6
leaf_value=-4.0398635793092765e-06 0 0 0 3.0934298352543024e-06 0
leaf_weight=365760 41757 172743 85430 351913 51607
leaf_count=365760 41757 172743 85430 351913 51607
internal_value=0 -5.91368e-07 2.02747e-06 2.54806e-06 -3.68748e-06
internal_weight=1.06921e+06 590110 479100 437343 417367
internal_count=1069210 590110 479100 437343 417367
is_linear=0
shrinkage=0.015715


Tree=83
num_leaves=4
num_cat=0
split_feature=0 1 6
split_gain=0.00853556 0.0132376 0.00242386
threshold=0.60555556416511547 0.55217784643173229 0.6776927411556245
decision_type=2 2 2
left_child=1 2 -1
right_child=-2 -3 -4
leaf_value=-4.1751074619553159e-06 2.1454659316305125e-06 0 0
leaf_weight=229043 428690 283087 128390
leaf_count=229043 428690 283087 128390
internal_value=0 -4.54866e-07 -3.08307e-06
internal_weight=1.06921e+06 640520 357433
internal_count=1069210 640520 357433
is_linear=0
shrinkage=0.015715


Tree=84
num_leaves=6
num_cat=0
split_feature=1 6 6 5 1
split_gain=0.00833001 0.0105069 0.0103921 0.0041016 0.00079002
threshold=0.41486424207687383 0.016807910054922107 0.71547618508338939 0.10822072252631189 1.0000000180025095e-35
decision_type=2 2 2 2 2
left_child=1 -1 4 -2 -3
right_child=3 2 -4 -5 -6
leaf_value=0 0 0 0 2.2057613783048175e-06 -4.648992626146978e-06
leaf_weight=15654 92217 124 145036 550854 265325
leaf_count=15654 92217 124 145036 550854 265325
internal_value=0 -9.53491e-07 -2.6941e-06 1.61062e-06 -4.56829e-06
internal_weight=1.06921e+06 426139 410485 643071 265449
internal_count=1069210 426139 410485 643071 265449
is_linear=0
shrinkage=0.015715


Tree=85
num_leaves=4
num_cat=0
split_feature=0 1 5
split_gain=0.00825396 0.00787361 0.00722156
threshold=0.52500000596046459 0.64346247911453258 0.53390806913375866
decision_type=2 2 2
left_child=1 -1 -2
right_child=2 -3 -4
leaf_value=-2.5120347452450449e-06 0 0 3.7944488526838455e-06
leaf_weight=344750 286733 188970 248757
leaf_count=344750 286733 188970 248757
internal_value=0 -6.6163e-07 1.83497e-06
internal_weight=1.06921e+06 533720 535490
internal_count=1069210 533720 535490
is_linear=0
shrinkage=0.015715


Tree=86
num_leaves=5
num_cat=0
split_feature=0 1 6 5
split_gain=0.00798959 0.0124937 0.00223085 0.00134564
threshold=0.60555556416511547 0.55217784643173229 0.6776927411556245 0.10084745660424234
decision_type=2 2 2 2
left_child=1 2 -1 -2
right_child=3 -3 -4 -5
leaf_value=-4.0403406902591973e-06 0 0 0 2.4330308776732632e-06
leaf_weight=229043 58247 283087 128390 370443
leaf_count=229043 58247 283087 128390 370443
internal_value=0 -4.14069e-07 -2.98807e-06 2.08369e-06
internal_weight=1.06921e+06 640520 357433 428690
internal_count=1069210 640520 357433 428690
is_linear=0
shrinkage=0.015715


Tree=87
num_leaves=4
num_cat=0
split_feature=0 6 5
split_gain=0.00773114 0.011357 0.00696203
threshold=0.52500000596046459 0.64346247911453258 0.53390806913375866
decision_type=2 2 2
left_child=1 -1 -2
right_child=2 -3 -4
leaf_value=-3.0122876625800357e-06 0 0 3.7086776058528196e-06
leaf_weight=330804 286733 202916 248757
leaf_count=330804 286733 202916 248757
internal_value=0 -6.13425e-07 1.78535e-06
internal_weight=1.06921e+06 533720 535490
internal_count=1069210 533720 535490
is_linear=0
shrinkage=0.015715


Tree=88
num_leaves=6
num_cat=0
split_feature=1 0 5 0 5
split_gain=0.00779569 0.0202899 0.00331825 0.00192364 0.00112834
threshold=0.55217784643173229 0.78888890147209179 0.054299755021929748 0.29285715520381933 0.94198718667030346
decision_type=2 2 2 2 2
left_child=1 4 -2 -4 -1
right_child=2 -3 3 -5 -6
leaf_value=-3.8525360692312953e-06 0 0 0 2.9536327817070262e-06 0
leaf_weight=365760 41757 172743 85430 351913 51607
leaf_count=365760 41757 172743 85430 351913 51607
internal_value=0 -4.96867e-07 1.92631e-06 2.43648e-06 -3.5131e-06
internal_weight=1.06921e+06 590110 479100 437343 417367
internal_count=1069210 590110 479100 437343 417367
is_linear=0
shrinkage=0.015715


Tree=89
num_leaves=5
num_cat=0
split_feature=0 6 0 5
split_gain=0.00735725 0.00710409 0.00246034 0.00126001
threshold=0.60555556416511547 0.70106381177902233 0.52500000596046459 0.10084745660424234
decision_type=2 2 2 2
left_child=1 2 -1 -2
right_child=3 -3 -4 -5
leaf_value=-2.5959297817564003e-06 0 0 0 2.3496629994389205e-06
leaf_weight=362004 58247 205829 72687 370443
leaf_count=362004 58247 205829 72687 370443
internal_value=0 -3.54321e-07 -2.05349e-06 2.01158e-06
internal_weight=1.06921e+06 640520 434691 428690
internal_count=1069210 640520 434691 428690
is_linear=0
shrinkage=0.015715


Tree=90
num_leaves=6
num_cat=0
split_feature=1 0 0 5 6
split_gain=0.0075577 0.0186 0.00606255 0.00498271 0.00197012
threshold=0.41486424207687383 0.78888890147209179 0.38750000298023229 0.10822072252631189 0.016807910054922107
decision_type=2 2 2 2 2
left_child=1 4 -2 -4 -1
right_child=2 -3 3 -5 -6
leaf_value=0 0 0 0 3.3208212660171659e-06 -4.3014846521741847e-06
leaf_weight=10366 190914 124916 64108 388049 290857
leaf_count=10366 190914 124916 64108 388049 290857
internal_value=0 -8.52357e-07 1.55525e-06 2.59751e-06 -4.03164e-06
internal_weight=1.06921e+06 426139 643071 452157 301223
internal_count=1069210 426139 643071 452157 301223
is_linear=0
shrinkage=0.015715


Tree=91
num_leaves=5
num_cat=0
split_feature=0 6 0 5
split_gain=0.00693195 0.00684032 0.00237041 0.00119231
threshold=0.60555556416511547 0.70106381177902233 0.52500000596046459 0.10084745660424234
decision_type=2 2 2 2
left_child=1 2 -1 -2
right_child=3 -3 -4 -5
leaf_value=-2.5406855443697478e-06 0 0 0 2.2878921561072226e-06
leaf_weight=362004 58247 205829 72687 370443
leaf_count=362004 58247 205829 72687 370443
internal_value=0 -3.18364e-07 -2.00786e-06 1.95904e-06
internal_weight=1.06921e+06 640520 434691 428690
internal_count=1069210 640520 434691 428690
is_linear=0
shrinkage=0.015715


Tree=92
num_leaves=7
num_cat=0
split_feature=1 6 6 5 6 1
split_gain=0.00718235 0.00737655 0.0153803 0.00316713 0.00131252 0.000521059
threshold=0.55217784643173229 0.016807910054922107 0.65450927615165722 0.054299755021929748 0.038838613778352744 1.0000000180025095e-35
decision_type=2 2 2 2 2 2
left_child=1 -1 5 -2 -5 -3
right_child=3 2 -4 4 -6 -7
leaf_value=0 0 0 0 0 2.6184995909709128e-06 -4.107446138216561e-06
leaf_weight=22078 41757 118 221074 33848 403495 346840
leaf_count=22078 41757 118 221074 33848 403495 346840
internal_value=0 -4.32382e-07 -1.84357e-06 1.86241e-06 2.36348e-06 -4.0614e-06
internal_weight=1.06921e+06 590110 568032 479100 437343 346958
internal_count=1069210 590110 568032 479100 437343 346958
is_linear=0
shrinkage=0.015715


Tree=93
num_leaves=6
num_cat=0
split_feature=1 6 6 5 1
split_gain=0.00695311 0.00941819 0.00941054 0.00369364 0.000742443
threshold=0.41486424207687383 0.016807910054922107 0.71547618508338939 0.10822072252631189 1.0000000180025095e-35
decision_type=2 2 2 2 2
left_child=1 -1 4 -2 -3
right_child=3 2 -4 -5 -6
leaf_value=0 0 0 0 2.0767756804993065e-06 -4.3740643305259085e-06
leaf_weight=15654 92217 124 145036 550854 265325
leaf_count=15654 92217 124 145036 550854 265325
internal_value=0 -7.67937e-07 -2.50446e-06 1.50912e-06 -4.29348e-06
internal_weight=1.06921e+06 426139 410485 643071 265449
internal_count=1069210 426139 410485 643071 265449
is_linear=0
shrinkage=0.015715


Tree=94
num_leaves=5
num_cat=0
split_feature=0 1 6 5
split_gain=0.00670436 0.0105652 0.00184044 0.00116672
threshold=0.60555556416511547 0.55217784643173229 0.6776927411556245 0.53950104117393505
decision_type=2 2 2 2
left_child=1 2 -1 -2
right_child=3 -3 -4 -5
leaf_value=-3.6855906304664229e-06 0 0 0 3.0772497569802475e-06
leaf_weight=229043 229523 283087 128390 199167
leaf_count=229043 229523 283087 128390 199167
internal_value=0 -2.89184e-07 -2.72772e-06 1.93218e-06
internal_weight=1.06921e+06 640520 357433 428690
internal_count=1069210 640520 357433 428690
is_linear=0
shrinkage=0.015715


Tree=95
num_leaves=5
num_cat=0
split_feature=1 0 0 6
split_gain=0.00657043 0.0171709 0.005672 0.00187132
threshold=0.41486424207687383 0.78888890147209179 0.38750000298023229 0.032795699313282974
decision_type=2 2 2 2
left_child=1 3 -2 -1
right_child=2 -3 -4 -5
leaf_value=0 0 0 2.4903561280691636e-06 -4.110221879218135e-06
leaf_weight=10496 190914 124916 452157 290727
leaf_count=10496 190914 124916 452157 290727
internal_value=0 -7.12243e-07 1.47825e-06 -3.84372e-06
internal_weight=1.06921e+06 426139 643071 301223
internal_count=1069210 426139 643071 301223
is_linear=0
shrinkage=0.015715


Tree=96
num_leaves=4
num_cat=0
split_feature=0 6 5
split_gain=0.0064232 0.00990831 0.00648047
threshold=0.52500000596046459 0.64346247911453258 0.53390806913375866
decision_type=2 2 2
left_child=1 -1 -2
right_child=2 -3 -4
leaf_value=-2.7777680349488088e-06 0 0 3.5142847733200943e-06
leaf_weight=330804 286733 202916 248757
leaf_count=330804 286733 202916 248757
internal_value=0 -4.5167e-07 1.66027e-06
internal_weight=1.06921e+06 533720 535490
internal_count=1069210 533720 535490
is_linear=0
shrinkage=0.015715


Tree=97
num_leaves=6
num_cat=0
split_feature=1 0 5 0 5
split_gain=0.00630916 0.0176117 0.00298634 0.00158291 0.00110486
threshold=0.55217784643173229 0.78888890147209179 0.054299755021929748 0.29285715520381933 0.94198718667030346
decision_type=2 2 2 2 2
left_child=1 4 -2 -4 -1
right_child=2 -3 3 -5 -6
leaf_value=-3.5778496525482857e-06 0 0 0 2.7273275273306814e-06 0
leaf_weight=365760 41757 172743 85430 351913 51607
leaf_count=365760 41757 172743 85430 351913 51607
internal_value=0 -3.33216e-07 1.7642e-06 2.25696e-06 -3.25066e-06
internal_weight=1.06921e+06 590110 479100 437343 417367
internal_count=1069210 590110 479100 437343 417367
is_linear=0
shrinkage=0.015715


Tree=98
num_leaves=4
num_cat=0
split_feature=0 1 6
split_gain=0.00610938 0.0095492 0.00176823
threshold=0.60555556416511547 0.55217784643173229 0.6776927411556245
decision_type=2 2 2
left_child=1 2 -1
right_child=-2 -3 -4
leaf_value=-3.5093028285590944e-06 1.8555276119892552e-06 0 0
leaf_weight=229043 428690 283087 128390
leaf_count=229043 428690 283087 128390
internal_value=0 -2.20853e-07 -2.58398e-06
internal_weight=1.06921e+06 640520 357433
internal_count=1069210 640520 357433
is_linear=0
shrinkage=0.015715


Tree=99
num_leaves=6
num_cat=0
split_feature=1 6 6 5 1
split_gain=0.00600904 0.00857865 0.00876304 0.0034811 0.000707339
threshold=0.41486424207687383 0.016807910054922107 0.71547618508338939 0.10822072252631189 1.0000000180025095e-35
decision_type=2 2 2 2 2
left_child=1 -1 4 -2 -3
right_child=3 2 -4 -5 -6
leaf_value=0 0 0 0 1.9874851303593864e-06 -4.1708583313292899e-06
leaf_weight=15654 92217 124 145036 550854 265325
leaf_count=15654 92217 124 145036 550854 265325
internal_value=0 -6.23804e-07 -2.35786e-06 1.43112e-06 -4.09035e-06
internal_weight=1.06921e+06 426139 410485 643071 265449
internal_count=1069210 426139 410485 643071 265449
is_linear=0
shrinkage=0.015715


Tree=100
num_leaves=4
num_cat=0
split_feature=0 5 1
split_gain=0.00593419 0.00624204 0.00558005
threshold=0.52500000596046459 0.53390806913375866 0.64346247911453258
decision_type=2 2 2
left_child=2 -2 -1
right_child=1 -3 -4
leaf_value=-2.0551758546029122e-06 0 3.4271961079662837e-06 0
leaf_weight=344750 286733 248757 188970
leaf_count=344750 286733 248757 188970
internal_value=0 1.60788e-06 -3.86932e-07
internal_weight=1.06921e+06 535490 533720
internal_count=1069210 535490 533720
is_linear=0
shrinkage=0.015715


Tree=101
num_leaves=4
num_cat=0
split_feature=0 1 5
split_gain=0.00572715 0.00899344 0.00101845
threshold=0.60555556416511547 0.55217784643173229 0.10084745660424234
decision_type=2 2 2
left_child=1 -1 -2
right_child=2 -3 -4
leaf_value=-2.5037815211364818e-06 0 0 2.1049830946184061e-06
leaf_weight=357433 58247 283087 370443
leaf_count=357433 58247 283087 370443
internal_value=0 -1.87353e-07 1.80096e-06
internal_weight=1.06921e+06 640520 428690
internal_count=1069210 640520 428690
is_linear=0
shrinkage=0.015715


Tree=102
num_leaves=6
num_cat=0
split_feature=1 0 0 5 6
split_gain=0.00561282 0.0153579 0.00509452 0.00439442 0.00177286
threshold=0.41486424207687383 0.78888890147209179 0.38750000298023229 0.10822072252631189 0.032795699313282974
decision_type=2 2 2 2 2
left_child=1 4 -2 -4 -1
right_child=2 -3 3 -5 -6
leaf_value=0 0 0 0 3.0408526039665651e-06 -3.873071478745491e-06
leaf_weight=10496 190914 124916 64108 388049 290727
leaf_count=10496 190914 124916 64108 388049 290727
internal_value=0 -5.67117e-07 1.39313e-06 2.35356e-06 -3.60935e-06
internal_weight=1.06921e+06 426139 643071 452157 301223
internal_count=1069210 426139 643071 452157 301223
is_linear=0
shrinkage=0.015715


Tree=103
num_leaves=9
num_cat=0
split_feature=1 6 6 5 6 1 1 1
split_gain=0.0053758 0.00617207 0.0126991 0.00257793 0.00122477 0.000633406 0.000402891 0.000255836
threshold=0.52440476417541515 0.016807910054922107 0.71547618508338939 0.054299755021929748 0.038838613778352744 1.0000000180025095e-35 0.48409090936183935 0.55217784643173229
decision_type=2 2 2 2 2 2 2 2
left_child=1 -1 5 -2 -5 -3 -7 -6
right_child=3 2 -4 4 7 6 -8 -9
leaf_value=0 0 0 0 0 0 -3.907581681798224e-06 0 2.3778570222921703e-06
leaf_weight=20656 45009 124 184490 36012 31084 324540 23800 403495
leaf_count=20656 45009 124 184490 36012 31084 324540 23800 403495
internal_value=0 -2.87942e-07 -1.71573e-06 1.57596e-06 2.01805e-06 -3.6727e-06 -3.7339e-06 2.25942e-06
internal_weight=1.06921e+06 553610 532954 515600 470591 348464 348340 434579
internal_count=1069210 553610 532954 515600 470591 348464 348340 434579
is_linear=0
shrinkage=0.015715


Tree=104
num_leaves=4
num_cat=0
split_feature=0 5 1
split_gain=0.00546062 0.00599382 0.00499515
threshold=0.52500000596046459 0.53390806913375866 0.64346247911453258
decision_type=2 2 2
left_child=2 -2 -1
right_child=1 -3 -4
leaf_value=-1.9331435079681279e-06 0 3.3354069063684286e-06 0
leaf_weight=344750 286733 248757 188970
leaf_count=344750 286733 248757 188970
internal_value=0 1.55274e-06 -3.24972e-07
internal_weight=1.06921e+06 535490 533720
internal_count=1069210 535490 533720
is_linear=0
shrinkage=0.015715


Tree=105
num_leaves=4
num_cat=0
split_feature=0 6 5
split_gain=0.00527122 0.00879283 0.00580707
threshold=0.52500000596046459 0.64346247911453258 0.53390806913375866
decision_type=2 2 2
left_child=1 -1 -2
right_child=2 -3 -4
leaf_value=-2.5895477554136147e-06 0 0 3.2830859116842902e-06
leaf_weight=330804 286733 202916 248757
leaf_count=330804 286733 202916 248757
internal_value=0 -3.05365e-07 1.52841e-06
internal_weight=1.06921e+06 533720 535490
internal_count=1069210 533720 535490
is_linear=0
shrinkage=0.015715


Tree=106
num_leaves=4
num_cat=0
split_feature=0 1 6
split_gain=0.00511177 0.00800655 0.00159041
threshold=0.60555556416511547 0.55217784643173229 0.6776927411556245
decision_type=2 2 2
left_child=1 2 -1
right_child=-2 -3 -4
leaf_value=-3.2198657542974025e-06 1.7088999206511693e-06 0 0
leaf_weight=229043 428690 283087 128390
leaf_count=229043 428690 283087 128390
internal_value=0 -1.19676e-07 -2.35599e-06
internal_weight=1.06921e+06 640520 357433
internal_count=1069210 640520 357433
is_linear=0
shrinkage=0.015715


Tree=107
num_leaves=5
num_cat=0
split_feature=1 0 0 5
split_gain=0.00504103 0.014265 0.00470831 0.00416597
threshold=0.41486424207687383 0.78888890147209179 0.38750000298023229 0.10822072252631189
decision_type=2 2 2 2
left_child=1 -1 -2 -4
right_child=2 -3 3 -5
leaf_value=-3.4638104194825042e-06 0 0 0 2.9321032159079276e-06
leaf_weight=301223 190914 124916 64108 388049
leaf_count=301223 190914 124916 64108 388049
internal_value=0 -4.75723e-07 1.33587e-06 2.25973e-06
internal_weight=1.06921e+06 426139 643071 452157
internal_count=1069210 426139 643071 452157
is_linear=0
shrinkage=0.015715


Tree=108
num_leaves=4
num_cat=0
split_feature=0 5 1
split_gain=0.00483195 0.00560557 0.00450603
threshold=0.52500000596046459 0.53390806913375866 0.66086560487747203
decision_type=2 2 2
left_child=2 -2 -1
right_child=1 -3 -4
leaf_value=-1.7988638718508463e-06 0 3.1953318766829078e-06 0
leaf_weight=353720 286733 248757 180000
leaf_count=353720 286733 248757 180000
internal_value=0 1.47124e-06 -2.49462e-07
internal_weight=1.06921e+06 535490 533720
internal_count=1069210 535490 533720
is_linear=0
shrinkage=0.015715


Tree=109
num_leaves=7
num_cat=0
split_feature=1 6 6 5 6 1
split_gain=0.00477014 0.00556877 0.0130997 0.00259664 0.00118397 0.000467906
threshold=0.55217784643173229 0.016807910054922107 0.65450927615165722 0.054299755021929748 0.038838613778352744 1.0000000180025095e-35
decision_type=2 2 2 2 2 2
left_child=1 -1 5 -2 -5 -3
right_child=3 2 -4 4 -6 -7
leaf_value=0 0 0 0 0 2.2782942388417334e-06 -3.6947627143149525e-06
leaf_weight=22078 41757 118 221074 33848 403495 346840
leaf_count=22078 41757 118 221074 33848 403495 346840
internal_value=0 -1.59294e-07 -1.56383e-06 1.55734e-06 2.03013e-06 -3.64884e-06
internal_weight=1.06921e+06 590110 568032 479100 437343 346958
internal_count=1069210 590110 568032 479100 437343 346958
is_linear=0
shrinkage=0.015715


Tree=110
num_leaves=6
num_cat=0
split_feature=1 6 6 5 1
split_gain=0.0046093 0.00726852 0.00782229 0.00304371 0.000653337
threshold=0.41486424207687383 0.016807910054922107 0.71547618508338939 0.081666667014360442 1.0000000180025095e-35
decision_type=2 2 2 2 2
left_child=1 -1 4 -2 -3
right_child=3 2 -4 -5 -6
leaf_value=0 0 0 0 1.7807595092176711e-06 -3.8585323688733732e-06
leaf_weight=15654 69182 124 145036 573889 265325
leaf_count=15654 69182 124 145036 573889 265325
internal_value=0 -4.01338e-07 -2.12965e-06 1.28923e-06 -3.77816e-06
internal_weight=1.06921e+06 426139 410485 643071 265449
internal_count=1069210 426139 410485 643071 265449
is_linear=0
shrinkage=0.015715


Tree=111
num_leaves=4
num_cat=0
split_feature=0 1 6
split_gain=0.00471202 0.0070989 0.00141388
threshold=0.60555556416511547 0.55217784643173229 0.6776927411556245
decision_type=2 2 2
left_child=1 2 -1
right_child=-2 -3 -4
leaf_value=-3.0291800504355172e-06 1.6442629687554795e-06 0 0
leaf_weight=229043 428690 283087 128390
leaf_count=229043 428690 283087 128390
internal_value=0 -7.35571e-08 -2.21549e-06
internal_weight=1.06921e+06 640520 357433
internal_count=1069210 640520 357433
is_linear=0
shrinkage=0.015715


Tree=112
num_leaves=4
num_cat=0
split_feature=0 6 5
split_gain=0.00456129 0.00789018 0.00541098
threshold=0.52500000596046459 0.64346247911453258 0.53390806913375866
decision_type=2 2 2
left_child=1 -1 -2
right_child=2 -3 -4
leaf_value=-2.4396177572818623e-06 0 0 3.1289532584746291e-06
leaf_weight=330804 286733 202916 248757
leaf_count=330804 286733 202916 248757
internal_value=0 -2.07309e-07 1.43493e-06
internal_weight=1.06921e+06 533720 535490
internal_count=1069210 533720 535490
is_linear=0
shrinkage=0.015715


Tree=113
num_leaves=5
num_cat=0
split_feature=0 1 6 5
split_gain=0.00442843 0.00681558 0.00129391 0.000817556
threshold=0.60555556416511547 0.55217784643173229 0.6776927411556245 0.10084745660424234
decision_type=2 2 2 2
left_child=1 2 -1 -2
right_child=3 -3 -4 -5
leaf_value=-2.9548971988867978e-06 0 0 0 1.8682189751559645e-06
leaf_weight=229043 58247 283087 128390 370443
leaf_count=229043 58247 283087 128390 370443
internal_value=0 -4.05621e-08 -2.16936e-06 1.59563e-06
internal_weight=1.06921e+06 640520 357433 428690
internal_count=1069210 640520 357433 428690
is_linear=0
shrinkage=0.015715


Tree=114
num_leaves=5
num_cat=0
split_feature=1 0 0 6
split_gain=0.00430646 0.0128622 0.00427175 0.00162951
threshold=0.41486424207687383 0.78888890147209179 0.38750000298023229 0.032795699313282974
decision_type=2 2 2 2
left_child=1 3 -2 -1
right_child=2 -3 -4 -5
leaf_value=0 0 0 2.1369423566850825e-06 -3.5310906668025262e-06
leaf_weight=10496 190914 124916 452157 290727
leaf_count=10496 190914 124916 452157 290727
internal_value=0 -3.47972e-07 1.25396e-06 -3.27121e-06
internal_weight=1.06921e+06 426139 643071 301223
internal_count=1069210 426139 643071 301223
is_linear=0
shrinkage=0.015715


Tree=115
num_leaves=4
num_cat=0
split_feature=0 1 6
split_gain=0.00420369 0.0064249 0.001261
threshold=0.60555556416511547 0.55217784643173229 0.6776927411556245
decision_type=2 2 2
left_child=1 2 -1
right_child=-2 -3 -4
leaf_value=-2.8760086151260064e-06 1.5552862043028046e-06 0 0
leaf_weight=229043 428690 283087 128390
leaf_count=229043 428690 283087 128390
internal_value=0 -1.24486e-08 -2.10568e-06
internal_weight=1.06921e+06 640520 357433
internal_count=1069210 640520 357433
is_linear=0
shrinkage=0.015715


Tree=116
num_leaves=4
num_cat=0
split_feature=0 6 1
split_gain=0.00409539 0.00729532 0.00186507
threshold=0.52500000596046459 0.64346247911453258 0.41486424207687383
decision_type=2 2 2
left_child=1 -1 -2
right_child=2 -3 -4
leaf_value=-2.3386449259045297e-06 0 0 2.1196696763570857e-06
leaf_weight=330804 210552 202916 324938
leaf_count=330804 210552 202916 324938
internal_value=0 -1.37124e-07 1.3669e-06
internal_weight=1.06921e+06 533720 535490
internal_count=1069210 533720 535490
is_linear=0
shrinkage=0.015715


Tree=117
num_leaves=7
num_cat=0
split_feature=1 0 0 1 6 1
split_gain=0.00405269 0.0117792 0.00237963 0.000558212 0.00159001 5.05917e-06
threshold=0.52440476417541515 0.78888890147209179 0.38750000298023229 0.41486424207687383 0.032795699313282974 0.53093111515045177
decision_type=2 2 2 2 2 2
left_child=1 3 -2 4 -1 -4
right_child=2 -3 5 -5 -6 -7
leaf_value=0 0 0 0 0 -3.4397672001142365e-06 2.0864414292731405e-06
leaf_weight=10496 152036 162066 116 90321 290727 363448
leaf_count=10496 152036 162066 116 90321 290727 363448
internal_value=0 -1.01033e-07 1.38871e-06 -2.72681e-06 -3.18099e-06 2.08529e-06
internal_weight=1.06921e+06 553610 515600 391544 301223 363564
internal_count=1069210 553610 515600 391544 301223 363564
is_linear=0
shrinkage=0.015715


Tree=118
num_leaves=5
num_cat=0
split_feature=1 0 0 6
split_gain=0.00391522 0.0126 0.00166219 0.000120689
threshold=0.55217784643173229 0.78888890147209179 0.38750000298023229 0.016807910054922107
decision_type=2 2 2 2
left_child=1 3 -2 -1
right_child=2 -3 -4 -5
leaf_value=0 0 0 2.0166497654909948e-06 -2.7918690577633268e-06
leaf_weight=14717 140971 172743 338129 402650
leaf_count=14717 140971 172743 338129 402650
internal_value=0 -2.76357e-08 1.41963e-06 -2.72922e-06
internal_weight=1.06921e+06 590110 479100 417367
internal_count=1069210 590110 479100 417367
is_linear=0
shrinkage=0.015715


Tree=119
num_leaves=4
num_cat=0
split_feature=0 6 5
split_gain=0.00387572 0.00690523 0.00522624
threshold=0.52500000596046459 0.64346247911453258 0.53390806913375866
decision_type=2 2 2
left_child=1 -1 -2
right_child=2 -3 -4
leaf_value=-2.2712999607358747e-06 0 0 3.000966671198326e-06
leaf_weight=330804 286733 202916 248757
leaf_count=330804 286733 202916 248757
internal_value=0 -8.14106e-08 1.33392e-06
internal_weight=1.06921e+06 533720 535490
internal_count=1069210 533720 535490
is_linear=0
shrinkage=0.015715


Tree=120
num_leaves=5
num_cat=0
split_feature=0 6 0 5
split_gain=0.00375165 0.00380585 0.0015555 0.000815027
threshold=0.60555556416511547 0.70106381177902233 0.52500000596046459 0.53950104117393505
decision_type=2 2 2 2
left_child=1 2 -1 -2
right_child=3 -3 -4 -5
leaf_value=-1.9112868868196991e-06 0 0 0 2.3769370172648803e-06
leaf_weight=362004 229523 205829 72687 199167
leaf_count=362004 229523 205829 72687 199167
internal_value=0 0 -1.46969e-06 1.46936e-06
internal_weight=1.06921e+06 640520 434691 428690
internal_count=1069210 640520 434691 428690
is_linear=0
shrinkage=0.015715


Tree=121
num_leaves=6
num_cat=0
split_feature=1 0 5 0 5
split_gain=0.0038151 0.0109217 0.00218873 0.00172794 0.00170995
threshold=0.52440476417541515 0.78888890147209179 0.054299755021929748 0.29285715520381933 0.94198718667030346
decision_type=2 2 2 2 2
left_child=1 4 -2 -4 -1
right_child=2 -3 3 -5 -6
leaf_value=-3.0145572890065258e-06 0 0 0 2.2443434614091904e-06 0
leaf_weight=342924 45009 162066 92135 378456 48620
leaf_count=342924 45009 162066 92135 378456 48620
internal_value=0 -3.97861e-08 1.35058e-06 1.77366e-06 -2.62357e-06
internal_weight=1.06921e+06 553610 515600 470591 391544
internal_count=1069210 553610 515600 470591 391544
is_linear=0
shrinkage=0.015715


Tree=122
num_leaves=6
num_cat=0
split_feature=1 0 0 5 6
split_gain=0.0036994 0.0111118 0.00367622 0.00367524 0.00151407
threshold=0.41486424207687383 0.78888890147209179 0.38750000298023229 0.10822072252631189 0.032795699313282974
decision_type=2 2 2 2 2
left_child=1 4 -2 -4 -1
right_child=2 -3 3 -5 -6
leaf_value=0 0 0 0 2.6427286334498644e-06 -3.280723514204836e-06
leaf_weight=10496 190914 124916 64108 388049 290727
leaf_count=10496 190914 124916 64108 388049 290727
internal_value=0 -1.92834e-07 1.18113e-06 1.99735e-06 -3.02476e-06
internal_weight=1.06921e+06 426139 643071 452157 301223
internal_count=1069210 426139 643071 452157 301223
is_linear=0
shrinkage=0.015715


Tree=123
num_leaves=4
num_cat=0
split_feature=0 6 1
split_gain=0.0035406 0.00638902 0.00150479
threshold=0.52500000596046459 0.64346247911453258 0.29912281036376959
decision_type=2 2 2
left_child=1 -1 -2
right_child=2 -3 -4
leaf_value=-2.1825684429194722e-06 0 0 1.7931209706261042e-06
leaf_weight=330804 148445 202916 387045
leaf_count=330804 148445 202916 387045
internal_value=0 -1.46453e-08 1.27722e-06
internal_weight=1.06921e+06 533720 535490
internal_count=1069210 533720 535490
is_linear=0
shrinkage=0.015715


Tree=124
num_leaves=5
num_cat=0
split_feature=1 0 0 6
split_gain=0.00351855 0.0113251 0.00137821 0.000119175
threshold=0.55217784643173229 0.78888890147209179 0.38750000298023229 0.016807910054922107
decision_type=2 2 2 2
left_child=1 3 -2 -1
right_child=2 -3 -4 -5
leaf_value=0 0 0 1.8899049217847166e-06 -2.6479077131420521e-06
leaf_weight=14717 140971 172743 338129 402650
leaf_count=14717 140971 172743 338129 402650
internal_value=0 0 1.34611e-06 -2.58728e-06
internal_weight=1.06921e+06 590110 479100 417367
internal_count=1069210 590110 479100 417367
is_linear=0
shrinkage=0.015715


Tree=125
num_leaves=6
num_cat=0
split_feature=1 0 0 5 6
split_gain=0.00343754 0.0104076 0.00342426 0.00355947 0.00145649
threshold=0.41486424207687383 0.78888890147209179 0.38750000298023229 0.10822072252631189 0.032795699313282974
decision_type=2 2 2 2 2
left_child=1 4 -2 -4 -1
right_child=2 -3 3 -5 -6
leaf_value=0 0 0 0 2.5706055588206852e-06 -3.175649483105438e-06
leaf_weight=10496 190914 124916 64108 388049 290727
leaf_count=10496 190914 124916 64108 388049 290727
internal_value=0 -1.22997e-07 1.1442e-06 1.93128e-06 -2.92259e-06
internal_weight=1.06921e+06 426139 643071 452157 301223
internal_count=1069210 426139 643071 452157 301223
is_linear=0
shrinkage=0.015715


Tree=126
num_leaves=4
num_cat=0
split_feature=0 6 5
split_gain=0.00333057 0.00603915 0.00491426
threshold=0.52500000596046459 0.64346247911453258 0.53390806913375866
decision_type=2 2 2
left_child=1 -1 -2
right_child=2 -3 -4
leaf_value=-2.1218906363613344e-06 0 0 2.8584243213861048e-06
leaf_weight=330804 286733 202916 248757
leaf_count=330804 286733 202916 248757
internal_value=0 0 1.23884e-06
internal_weight=1.06921e+06 533720 535490
internal_count=1069210 533720 535490
is_linear=0
shrinkage=0.015715


Tree=127
num_leaves=6
num_cat=0
split_feature=1 0 5 5 0
split_gain=0.00328665 0.00957699 0.00202382 0.00163669 0.00147358
threshold=0.52440476417541515 0.78888890147209179 0.054299755021929748 0.94198718667030346 0.29285715520381933
decision_type=2 2 2 2 2
left_child=1 3 -2 -1 -4
right_child=2 -3 4 -5 -6
leaf_value=-2.8399188210812276e-06 0 0 0 0 2.1027812233133816e-06
leaf_weight=342924 45009 162066 92135 48620 378456
leaf_count=342924 45009 162066 92135 48620 378456
internal_value=0 0 1.25414e-06 -2.45635e-06 1.6686e-06
internal_weight=1.06921e+06 553610 515600 391544 470591
internal_count=1069210 553610 515600 391544 470591
is_linear=0
shrinkage=0.015715


Tree=128
num_leaves=4
num_cat=0
split_feature=0 6 5
split_gain=0.00318404 0.00578498 0.00475451
threshold=0.52500000596046459 0.64346247911453258 0.53390806913375866
decision_type=2 2 2
left_child=1 -1 -2
right_child=2 -3 -4
leaf_value=-2.0767572773041264e-06 0 0 2.8048304455689961e-06
leaf_weight=330804 286733 202916 248757
leaf_count=330804 286733 202916 248757
internal_value=0 0 1.21129e-06
internal_weight=1.06921e+06 533720 535490
internal_count=1069210 533720 535490
is_linear=0
shrinkage=0.015715


Tree=129
num_leaves=6
num_cat=0
split_feature=1 0 0 5 6
split_gain=0.00319534 0.00970258 0.00314939 0.00338282 0.00141189
threshold=0.41486424207687383 0.78888890147209179 0.38750000298023229 0.10822072252631189 0.032795699313282974
decision_type=2 2 2 2 2
left_child=1 4 -2 -4 -1
right_child=2 -3 3 -5 -6
leaf_value=0 0 0 0 2.4858285510799632e-06 -3.0712404698980138e-06
leaf_weight=10496 190914 124916 64108 388049 290727
leaf_count=10496 190914 124916 64108 388049 290727
internal_value=0 -6.25805e-08 1.1062e-06 1.85964e-06 -2.81931e-06
internal_weight=1.06921e+06 426139 643071 452157 301223
internal_count=1069210 426139 643071 452157 301223
is_linear=0
shrinkage=0.015715


Tree=130
num_leaves=5
num_cat=0
split_feature=1 0 0 5
split_gain=0.00305574 0.0093901 0.00305751 0.00330629
threshold=0.41486424207687383 0.78888890147209179 0.38750000298023229 0.10822072252631189
decision_type=2 2 2 2
left_child=1 -1 -2 -4
right_child=2 -3 3 -5
leaf_value=-2.7727947463714322e-06 0 0 0 2.4468079006078845e-06
leaf_weight=301223 190914 124916 64108 388049
leaf_count=301223 190914 124916 64108 388049
internal_value=0 -2.96876e-08 1.08264e-06 1.82615e-06
internal_weight=1.06921e+06 426139 643071 452157
internal_count=1069210 426139 643071 452157
is_linear=0
shrinkage=0.015715


Tree=131
num_leaves=4
num_cat=0
split_feature=0 6 5
split_gain=0.00294441 0.00550066 0.00457578
threshold=0.52500000596046459 0.64346247911453258 0.53390806913375866
decision_type=2 2 2
left_child=1 -1 -2
right_child=2 -3 -4
leaf_value=-2.0250801209135871e-06 0 0 2.7299230571583829e-06
leaf_weight=330804 286733 202916 248757
leaf_count=330804 286733 202916 248757
internal_value=0 0 1.16481e-06
internal_weight=1.06921e+06 533720 535490
internal_count=1069210 533720 535490
is_linear=0
shrinkage=0.015715


Tree=132
num_leaves=6
num_cat=0
split_feature=1 0 5 6 5
split_gain=0.00293585 0.00977209 0.00203634 0.00103897 0.00100167
threshold=0.55217784643173229 0.78888890147209179 0.054299755021929748 0.038838613778352744 0.94198718667030346
decision_type=2 2 2 2 2
left_child=1 4 -2 -4 -1
right_child=2 -3 3 -5 -6
leaf_value=-2.6954673526205626e-06 0 0 0 1.9170482894816172e-06 0
leaf_weight=365760 41757 172743 33848 403495 51607
leaf_count=365760 41757 172743 33848 403495 51607
internal_value=0 0 1.2296e-06 1.67477e-06 -2.40334e-06
internal_weight=1.06921e+06 590110 479100 437343 417367
internal_count=1069210 590110 479100 437343 417367
is_linear=0
shrinkage=0.015715


Tree=133
num_leaves=6
num_cat=0
split_feature=1 0 0 5 6
split_gain=0.00285887 0.00880291 0.00289189 0.00317702 0.00135378
threshold=0.41486424207687383 0.78888890147209179 0.38750000298023229 0.10822072252631189 0.032795699313282974
decision_type=2 2 2 2 2
left_child=1 4 -2 -4 -1
right_child=2 -3 3 -5 -6
leaf_value=0 0 0 0 2.3822761837376324e-06 -2.9350349783410734e-06
leaf_weight=10496 190914 124916 64108 388049 290727
leaf_count=10496 190914 124916 64108 388049 290727
internal_value=0 0 1.04744e-06 1.7714e-06 -2.68448e-06
internal_weight=1.06921e+06 426139 643071 452157 301223
internal_count=1069210 426139 643071 452157 301223
is_linear=0
shrinkage=0.015715


Tree=134
num_leaves=4
num_cat=0
split_feature=0 6 5
split_gain=0.00276673 0.00522564 0.00441099
threshold=0.52500000596046459 0.64346247911453258 0.53390806913375866
decision_type=2 2 2
left_child=1 -1 -2
right_child=2 -3 -4
leaf_value=-1.9738080743298091e-06 0 0 2.6670376860914831e-06
leaf_weight=330804 286733 202916 248757
leaf_count=330804 286733 202916 248757
internal_value=0 0 1.12912e-06
internal_weight=1.06921e+06 533720 535490
internal_count=1069210 533720 535490
is_linear=0
shrinkage=0.015715


Tree=135
num_leaves=6
num_cat=0
split_feature=1 0 6 0 5
split_gain=0.00273755 0.00849149 0.00284172 0.00275512 0.00307988
threshold=0.41486424207687383 0.84166666865348827 0.016807910054922107 0.38750000298023229 0.10822072252631189
decision_type=2 2 2 2 2
left_child=1 2 -1 -2 -5
right_child=3 -3 -4 4 -6
leaf_value=0 0 0 -2.9100722816450076e-06 0 2.334401767641252e-06
leaf_weight=11856 190914 84229 330054 64108 388049
leaf_count=11856 190914 84229 330054 64108 388049
internal_value=0 0 -2.47495e-06 1.02498e-06 1.7312e-06
internal_weight=1.06921e+06 426139 341910 643071 452157
internal_count=1069210 426139 341910 643071 452157
is_linear=0
shrinkage=0.015715


Tree=136
num_leaves=4
num_cat=0
split_feature=0 6 5
split_gain=0.0026303 0.00501388 0.00426623
threshold=0.52500000596046459 0.64346247911453258 0.53390806913375866
decision_type=2 2 2
left_child=1 -1 -2
right_child=2 -3 -4
leaf_value=-1.9334019350360145e-06 0 0 2.614274286015974e-06
leaf_weight=330804 286733 202916 248757
leaf_count=330804 286733 202916 248757
internal_value=0 0 1.10093e-06
internal_weight=1.06921e+06 533720 535490
internal_count=1069210 533720 535490
is_linear=0
shrinkage=0.015715


Tree=137
num_leaves=6
num_cat=0
split_feature=1 0 6 0 5
split_gain=0.00262119 0.00816321 0.0027865 0.00262429 0.00298595
threshold=0.41486424207687383 0.84166666865348827 0.016807910054922107 0.38750000298023229 0.10822072252631189
decision_type=2 2 2 2 2
left_child=1 2 -1 -2 -5
right_child=3 -3 -4 4 -6
leaf_value=0 0 0 -2.860411506164054e-06 0 2.2874835644296475e-06
leaf_weight=11856 190914 84229 330054 64108 388049
leaf_count=11856 190914 84229 330054 64108 388049
internal_value=0 0 -2.42664e-06 1.00296e-06 1.69179e-06
internal_weight=1.06921e+06 426139 341910 643071 452157
internal_count=1069210 426139 341910 643071 452157
is_linear=0
shrinkage=0.015715


Tree=138
num_leaves=7
num_cat=0
split_feature=1 0 6 0 6 6
split_gain=0.00251307 0.00872113 0.00110319 0.000264426 0.00010152 0.000106744
threshold=0.55217784643173229 0.78888890147209179 0.038838613778352744 0.18333333730697635 0.016807910054922107 0.65450927615165722
decision_type=2 2 2 2 2 2
left_child=1 4 -2 -4 -1 -6
right_child=2 -3 3 -5 5 -7
leaf_value=0 0 0 0 1.5507779269155537e-06 -2.9905171118703741e-06 0
leaf_weight=14717 37703 172743 43337 398060 246132 156518
leaf_count=14717 37703 172743 43337 398060 246132 156518
internal_value=0 0 1.13763e-06 1.4217e-06 -2.27043e-06 -2.32492e-06
internal_weight=1.06921e+06 590110 479100 441397 417367 402650
internal_count=1069210 590110 479100 441397 417367 402650
is_linear=0
shrinkage=0.015715


Tree=139
num_leaves=4
num_cat=0
split_feature=0 5 1
split_gain=0.00248109 0.00412432 0.00163971
threshold=0.52500000596046459 0.53390806913375866 0.68313008546829235
decision_type=2 2 2
left_child=2 -2 -1
right_child=1 -3 -4
leaf_value=-1.0559333478568503e-06 0 2.5585032620149424e-06 0
leaf_weight=362732 286733 248757 170988
leaf_count=362732 286733 248757 170988
internal_value=0 1.06925e-06 0
internal_weight=1.06921e+06 535490 533720
internal_count=1069210 535490 533720
is_linear=0
shrinkage=0.015715


Tree=140
num_leaves=5
num_cat=0
split_feature=1 0 0 5
split_gain=0.00243142 0.00769422 0.00248262 0.0028795
threshold=0.41486424207687383 0.84166666865348827 0.38750000298023229 0.10822072252631189
decision_type=2 2 2 2
left_child=1 -1 -2 -4
right_child=2 -3 3 -5
leaf_value=-2.3558965804307519e-06 0 0 0 2.2258085952616009e-06
leaf_weight=341910 190914 84229 64108 388049
leaf_count=341910 190914 84229 64108 388049
internal_value=0 0 9.6597e-07 1.63747e-06
internal_weight=1.06921e+06 426139 643071 452157
internal_count=1069210 426139 643071 452157
is_linear=0
shrinkage=0.015715


Tree=141
num_leaves=4
num_cat=0
split_feature=0 6 5
split_gain=0.00235211 0.00463334 0.00398872
threshold=0.52500000596046459 0.64346247911453258 0.53390806913375866
decision_type=2 2 2
left_child=1 -1 -2
right_child=2 -3 -4
leaf_value=-1.858582937367475e-06 0 0 2.5067363599723569e-06
leaf_weight=330804 286733 202916 248757
leaf_count=330804 286733 202916 248757
internal_value=0 0 1.04108e-06
internal_weight=1.06921e+06 533720 535490
internal_count=1069210 533720 535490
is_linear=0
shrinkage=0.015715


Tree=142
num_leaves=6
num_cat=0
split_feature=1 6 6 5 1
split_gain=0.00232699 0.0039528 0.00613915 0.00218185 0.00053027
threshold=0.41486424207687383 0.016807910054922107 0.71547618508338939 0.054299755021929748 1.0000000180025095e-35
decision_type=2 2 2 2 2
left_child=1 -1 4 -2 -3
right_child=3 2 -4 -5 -6
leaf_value=0 0 0 0 1.3774027752751529e-06 -3.1417117983369405e-06
leaf_weight=15654 56609 124 145036 586462 265325
leaf_count=15654 56609 124 145036 586462 265325
internal_value=0 0 -1.54128e-06 9.44998e-07 -3.06158e-06
internal_weight=1.06921e+06 426139 410485 643071 265449
internal_count=1069210 426139 410485 643071 265449
is_linear=0
shrinkage=0.015715


Tree=143
num_leaves=4
num_cat=0
split_feature=0 6 5
split_gain=0.00227025 0.0044574 0.00386838
threshold=0.52500000596046459 0.64346247911453258 0.53390806913375866
decision_type=2 2 2
left_child=1 -1 -2
right_child=2 -3 -4
leaf_value=-1.8229542065934362e-06 0 0 2.4664467994092163e-06
leaf_weight=330804 286733 202916 248757
leaf_count=330804 286733 202916 248757
internal_value=0 0 1.02281e-06
internal_weight=1.06921e+06 533720 535490
internal_count=1069210 533720 535490
is_linear=0
shrinkage=0.015715


Tree=144
num_leaves=5
num_cat=0
split_feature=1 0 0 5
split_gain=0.00223129 0.0072068 0.0023012 0.00273727
threshold=0.41486424207687383 0.84166666865348827 0.38750000298023229 0.10822072252631189
decision_type=2 2 2 2
left_child=1 -1 -2 -4
right_child=2 -3 3 -5
leaf_value=-2.2800550166305748e-06 0 0 0 2.1497122669518098e-06
leaf_weight=341910 190914 84229 64108 388049
leaf_count=341910 190914 84229 64108 388049
internal_value=0 0 9.25361e-07 1.57262e-06
internal_weight=1.06921e+06 426139 643071 452157
internal_count=1069210 426139 643071 452157
is_linear=0
shrinkage=0.015715


Tree=145
num_leaves=4
num_cat=0
split_feature=0 1 6
split_gain=0.00215709 0.00283293 0.00101067
threshold=0.60555556416511547 0.55217784643173229 0.6776927411556245
decision_type=2 2 2
left_child=1 2 -1
right_child=-2 -3 -4
leaf_value=-2.0337618951666892e-06 1.1141656756450994e-06 0 0
leaf_weight=229043 428690 283087 128390
leaf_count=229043 428690 283087 128390
internal_value=0 0 -1.39818e-06
internal_weight=1.06921e+06 640520 357433
internal_count=1069210 640520 357433
is_linear=0
shrinkage=0.015715


Tree=146
num_leaves=6
num_cat=0
split_feature=1 0 6 0 5
split_gain=0.00211616 0.00691446 0.0025852 0.00220708 0.00266811
threshold=0.41486424207687383 0.84166666865348827 0.016807910054922107 0.38750000298023229 0.10822072252631189
decision_type=2 2 2 2 2
left_child=1 2 -1 -2 -5
right_child=3 -3 -4 4 -6
leaf_value=0 0 0 -2.6642875131845926e-06 0 2.1081471594093467e-06
leaf_weight=11856 190914 84229 330054 64108 388049
leaf_count=11856 190914 84229 330054 64108 388049
internal_value=0 0 -2.23333e-06 9.01173e-07 1.53589e-06
internal_weight=1.06921e+06 426139 341910 643071 452157
internal_count=1069210 426139 341910 643071 452157
is_linear=0
shrinkage=0.015715


Tree=147
num_leaves=4
num_cat=0
split_feature=0 6 5
split_gain=0.00206783 0.0041592 0.00372023
threshold=0.52500000596046459 0.64346247911453258 0.53390806913375866
decision_type=2 2 2
left_child=1 -1 -2
right_child=2 -3 -4
leaf_value=-1.7609217392519509e-06 0 0 2.3949827015768089e-06
leaf_weight=330804 286733 202916 248757
leaf_count=330804 286733 202916 248757
internal_value=0 0 9.76146e-07
internal_weight=1.06921e+06 533720 535490
internal_count=1069210 533720 535490
is_linear=0
shrinkage=0.015715


Tree=148
num_leaves=6
num_cat=0
split_feature=1 0 5 5 6
split_gain=0.00202721 0.00756819 0.00167073 0.000931685 0.0009227
threshold=0.55217784643173229 0.78888890147209179 0.054299755021929748 0.94198718667030346 0.038838613778352744
decision_type=2 2 2 2 2
left_child=1 3 -2 -1 -4
right_child=2 -3 4 -5 -6
leaf_value=-2.3941793790340941e-06 0 0 0 0 1.6807579953836009e-06
leaf_weight=365760 41757 172743 33848 51607 403495
leaf_count=365760 41757 172743 33848 51607 403495
internal_value=0 0 1.02176e-06 -2.11504e-06 1.44431e-06
internal_weight=1.06921e+06 590110 479100 417367 437343
internal_count=1069210 590110 479100 417367 437343
is_linear=0
shrinkage=0.015715


Tree=149
num_leaves=4
num_cat=0
split_feature=0 5 1
split_gain=0.00198263 0.0036038 0.00114948
threshold=0.52500000596046459 0.52521184086799633 0.6900656819343568
decision_type=2 2 2
left_child=2 -2 -1
right_child=1 -3 -4
leaf_value=-8.7375609644294273e-07 0 2.3197716860132542e-06 0
leaf_weight=371386 279565 255925 162334
leaf_count=371386 279565 255925 162334
internal_value=0 9.55823e-07 0
internal_weight=1.06921e+06 535490 533720
internal_count=1069210 535490 533720
is_linear=0
shrinkage=0.015715


Tree=150
num_leaves=6
num_cat=0
split_feature=1 6 6 5 1
split_gain=0.00195153 0.00336425 0.00573475 0.00198757 0.000503708
threshold=0.41486424207687383 0.016807910054922107 0.71547618508338939 0.054299755021929748 1.0000000180025095e-35
decision_type=2 2 2 2 2
left_child=1 -1 4 -2 -3
right_child=3 2 -4 -5 -6
leaf_value=0 0 0 0 1.2874411229281182e-06 -2.9871407712791735e-06
leaf_weight=15654 56609 124 145036 586462 265325
leaf_count=15654 56609 124 145036 586462 265325
internal_value=0 0 -1.42191e-06 8.6541e-07 -2.90706e-06
internal_weight=1.06921e+06 426139 410485 643071 265449
internal_count=1069210 426139 410485 643071 265449
is_linear=0
shrinkage=0.015715


Tree=151
num_leaves=4
num_cat=0
split_feature=0 6 5
split_gain=0.00191189 0.00391487 0.00349957
threshold=0.52500000596046459 0.64346247911453258 0.53390806913375866
decision_type=2 2 2
left_child=1 -1 -2
right_child=2 -3 -4
leaf_value=-1.7084168198672579e-06 0 0 2.3157571594868792e-06
leaf_weight=330804 286733 202916 248757
leaf_count=330804 286733 202916 248757
internal_value=0 0 9.38617e-07
internal_weight=1.06921e+06 533720 535490
internal_count=1069210 533720 535490
is_linear=0
shrinkage=0.015715


Tree=152
num_leaves=3
num_cat=0
split_feature=0 6
split_gain=0.00184369 0.00379295
threshold=0.52500000596046459 0.64346247911453258
decision_type=2 2
left_child=1 -1
right_child=-2 -3
leaf_value=-1.6816033102822323e-06 9.217251169142367e-07 0
leaf_weight=330804 535490 202916
leaf_count=330804 535490 202916
internal_value=0 0
internal_weight=1.06921e+06 533720
internal_count=1069210 533720
is_linear=0
shrinkage=0.015715


Tree=153
num_leaves=5
num_cat=0
split_feature=1 0 6 0
split_gain=0.00187374 0.00623369 0.00246566 0.00196286
threshold=0.41486424207687383 0.84166666865348827 0.016807910054922107 0.38750000298023229
decision_type=2 2 2 2
left_child=1 2 -1 -2
right_child=3 -3 -4 -5
leaf_value=0 0 0 -2.5495927218484139e-06 1.4468647821818804e-06
leaf_weight=11856 190914 84229 330054 452157
leaf_count=11856 190914 84229 330054 452157
internal_value=0 0 -2.12054e-06 8.47985e-07
internal_weight=1.06921e+06 426139 341910 643071
internal_count=1069210 426139 341910 643071
is_linear=0
shrinkage=0.015715


Tree=154
num_leaves=5
num_cat=0
split_feature=1 6 6 1
split_gain=0.0018038 0.00307459 0.00547997 0.000488512
threshold=0.41486424207687383 0.016807910054922107 0.71547618508338939 1.0000000180025095e-35
decision_type=2 2 2 2
left_child=1 -1 3 -3
right_child=-2 2 -4 -5
leaf_value=0 8.3200862696723432e-07 0 0 -2.8987897355563586e-06
leaf_weight=15654 643071 124 145036 265325
leaf_count=15654 643071 124 145036 265325
internal_value=0 0 -1.35932e-06 -2.81875e-06
internal_weight=1.06921e+06 426139 410485 265449
internal_count=1069210 426139 410485 265449
is_linear=0
shrinkage=0.015715


Tree=155
num_leaves=5
num_cat=0
split_feature=0 1 6 5
split_gain=0.00178107 0.00215782 0.000860098 0.000403949
threshold=0.60555556416511547 0.55217784643173229 0.6776927411556245 0.10084745660424234
decision_type=2 2 2 2
left_child=1 2 -1 -2
right_child=3 -3 -4 -5
leaf_value=-1.8021258140183172e-06 0 0 0 1.2061990996400948e-06
leaf_weight=229043 58247 283087 128390 370443
leaf_count=229043 58247 283087 128390 370443
internal_value=0 0 -1.22026e-06 1.01241e-06
internal_weight=1.06921e+06 640520 357433 428690
internal_count=1069210 640520 357433 428690
is_linear=0
shrinkage=0.015715


Tree=156
num_leaves=4
num_cat=0
split_feature=0 5 1
split_gain=0.00173684 0.00337577 0.000901372
threshold=0.52500000596046459 0.53390806913375866 0.6900656819343568
decision_type=2 2 2
left_child=2 -2 -1
right_child=1 -3 -4
leaf_value=-7.7373400820220541e-07 0 2.2509043679796772e-06 0
leaf_weight=371386 286733 248757 162334
leaf_count=371386 286733 248757 162334
internal_value=0 8.94617e-07 0
internal_weight=1.06921e+06 535490 533720
internal_count=1069210 535490 533720
is_linear=0
shrinkage=0.015715


Tree=157
num_leaves=3
num_cat=0
split_feature=0 6
split_gain=0.00167367 0.00349014
threshold=0.52500000596046459 0.64346247911453258
decision_type=2 2
left_child=1 -1
right_child=-2 -3
leaf_value=-1.6130816656199482e-06 8.7819826023346044e-07 0
leaf_weight=330804 535490 202916
leaf_count=330804 535490 202916
internal_value=0 0
internal_weight=1.06921e+06 533720
internal_count=1069210 533720
is_linear=0
shrinkage=0.015715


Tree=158
num_leaves=5
num_cat=0
split_feature=1 6 6 1
split_gain=0.00171407 0.00293116 0.00527093 0.000478376
threshold=0.41486424207687383 0.016807910054922107 0.71547618508338939 1.0000000180025095e-35
decision_type=2 2 2 2
left_child=1 -1 3 -3
right_child=-2 2 -4 -5
leaf_value=0 8.1105097880121895e-07 0 0 -2.840077103909335e-06
leaf_weight=15654 643071 124 145036 265325
leaf_count=15654 643071 124 145036 265325
internal_value=0 0 -1.32724e-06 -2.76007e-06
internal_weight=1.06921e+06 426139 410485 265449
internal_count=1069210 426139 410485 265449
is_linear=0
shrinkage=0.015715


Tree=159
num_leaves=5
num_cat=0
split_feature=1 6 6 1
split_gain=0.00166066 0.00280525 0.00513427 0.000470704
threshold=0.41486424207687383 0.016807910054922107 0.71547618508338939 1.0000000180025095e-35
decision_type=2 2 2 2
left_child=1 -1 3 -3
right_child=-2 2 -4 -5
leaf_value=0 7.9831424540484633e-07 0 0 -2.7955191756878907e-06
leaf_weight=15654 643071 124 145036 265325
leaf_count=15654 643071 124 145036 265325
internal_value=0 0 -1.29842e-06 -2.71553e-06
internal_weight=1.06921e+06 426139 410485 265449
internal_count=1069210 426139 410485 265449
is_linear=0
shrinkage=0.015715


Tree=160
num_leaves=5
num_cat=0
split_feature=1 6 6 1
split_gain=0.00160891 0.00268403 0.00500123 0.000463154
threshold=0.41486424207687383 0.016807910054922107 0.71547618508338939 1.0000000180025095e-35
decision_type=2 2 2 2
left_child=1 -1 3 -3
right_child=-2 2 -4 -5
leaf_value=0 7.8577730715369636e-07 0 0 -2.7516625239030061e-06
leaf_weight=15654 643071 124 145036 265325
leaf_count=15654 643071 124 145036 265325
internal_value=0 0 -1.27005e-06 -2.67169e-06
internal_weight=1.06921e+06 426139 410485 265449
internal_count=1069210 426139 410485 265449
is_linear=0
shrinkage=0.015715


Tree=161
num_leaves=4
num_cat=0
split_feature=0 6 1
split_gain=0.00165642 0.00327209 0.000488719
threshold=0.52500000596046459 0.64346247911453258 0.29912281036376959
decision_type=2 2 2
left_child=1 -1 -2
right_child=2 -3 -4
leaf_value=-1.561880674914313e-06 0 0 1.1692574580757548e-06
leaf_weight=330804 148445 202916 387045
leaf_count=330804 148445 202916 387045
internal_value=0 0 8.7366e-07
internal_weight=1.06921e+06 533720 535490
internal_count=1069210 533720 535490
is_linear=0
shrinkage=0.015715


Tree=162
num_leaves=3
num_cat=0
split_feature=0 1
split_gain=0.00160683 0.00183122
threshold=0.60555556416511547 0.55217784643173229
decision_type=2 2
left_child=1 -1
right_child=-2 -3
leaf_value=-1.1241256764967926e-06 9.6161281153656639e-07 0
leaf_weight=357433 428690 283087
leaf_count=357433 428690 283087
internal_value=0 0
internal_weight=1.06921e+06 640520
internal_count=1069210 640520
is_linear=0
shrinkage=0.015715


Tree=163
num_leaves=4
num_cat=0
split_feature=0 1 1
split_gain=0.00156881 0.00070592 0.000470844
threshold=0.52500000596046459 0.6900656819343568 0.29912281036376959
decision_type=2 2 2
left_child=1 -1 -2
right_child=2 -3 -4
leaf_value=-6.8472722227114409e-07 0 0 1.1401459254369959e-06
leaf_weight=371386 148445 162334 387045
leaf_count=371386 148445 162334 387045
internal_value=0 0 8.50241e-07
internal_weight=1.06921e+06 533720 535490
internal_count=1069210 533720 535490
is_linear=0
shrinkage=0.015715


Tree=164
num_leaves=3
num_cat=0
split_feature=0 6
split_gain=0.00152142 0.00309999
threshold=0.52500000596046459 0.64346247911453258
decision_type=2 2
left_child=1 -1
right_child=-2 -3
leaf_value=-1.5202511745233738e-06 8.3730080126692958e-07 0
leaf_weight=330804 535490 202916
leaf_count=330804 535490 202916
internal_value=0 0
internal_weight=1.06921e+06 533720
internal_count=1069210 533720
is_linear=0
shrinkage=0.015715


Tree=165
num_leaves=5
num_cat=0
split_feature=1 6 6 1
split_gain=0.00151629 0.00251411 0.00480822 0.000452154
threshold=0.41486424207687383 0.016807910054922107 0.71547618508338939 1.0000000180025095e-35
decision_type=2 2 2 2
left_child=1 -1 3 -3
right_child=-2 2 -4 -5
leaf_value=0 7.6282587448534773e-07 0 0 -2.687785413749059e-06
leaf_weight=15654 643071 124 145036 265325
leaf_count=15654 643071 124 145036 265325
internal_value=0 0 -1.22919e-06 -2.60785e-06
internal_weight=1.06921e+06 426139 410485 265449
internal_count=1069210 426139 410485 265449
is_linear=0
shrinkage=0.015715


Tree=166
num_leaves=4
num_cat=0
split_feature=0 6 1
split_gain=0.0014848 0.00297006 0.000425524
threshold=0.52500000596046459 0.64346247911453258 0.29912281036376959
decision_type=2 2 2
left_child=1 -1 -2
right_child=2 -3 -4
leaf_value=-1.4880510973402982e-06 0 0 1.1034086488759775e-06
leaf_weight=330804 148445 202916 387045
leaf_count=330804 148445 202916 387045
internal_value=0 0 8.27164e-07
internal_weight=1.06921e+06 533720 535490
internal_count=1069210 533720 535490
is_linear=0
shrinkage=0.015715


Tree=167
num_leaves=6
num_cat=0
split_feature=1 0 6 0 6
split_gain=0.00146409 0.00595677 0.000884102 0.000136778 9.22951e-05
threshold=0.55217784643173229 0.78888890147209179 0.038838613778352744 0.18333333730697635 0.016807910054922107
decision_type=2 2 2 2 2
left_child=1 4 -2 -4 -1
right_child=2 -3 3 -5 -6
leaf_value=0 0 0 0 1.2409568591306137e-06 -1.9250985402002028e-06
leaf_weight=14717 37703 172743 43337 398060 402650
leaf_count=14717 37703 172743 43337 398060 402650
internal_value=0 0 8.68326e-07 1.14564e-06 -1.87641e-06
internal_weight=1.06921e+06 590110 479100 441397 417367
internal_count=1069210 590110 479100 441397 417367
is_linear=0
shrinkage=0.015715


Tree=168
num_leaves=6
num_cat=0
split_feature=1 0 6 5 0
split_gain=0.00143692 0.00485274 0.00218831 0.00175856 0.001571
threshold=0.41486424207687383 0.84166666865348827 0.016807910054922107 0.054299755021929748 0.38750000298023229
decision_type=2 2 2 2 2
left_child=1 2 -1 -2 -5
right_child=3 -3 -4 4 -6
leaf_value=0 0 0 -2.2937490816443352e-06 0 1.6873430380051648e-06
leaf_weight=11856 56609 84229 330054 173464 412998
leaf_count=11856 56609 84229 330054 173464 412998
internal_value=0 0 -1.87097e-06 7.42591e-07 1.15957e-06
internal_weight=1.06921e+06 426139 341910 643071 586462
internal_count=1069210 426139 341910 643071 586462
is_linear=0
shrinkage=0.015715


Tree=169
num_leaves=4
num_cat=0
split_feature=0 5 6
split_gain=0.00141123 0.00322933 0.00281092
threshold=0.52500000596046459 0.53390806913375866 0.64346247911453258
decision_type=2 2 2
left_child=2 -2 -1
right_child=1 -3 -4
leaf_value=-1.4476343136713365e-06 0 2.1444748920764332e-06 0
leaf_weight=330804 286733 248757 202916
leaf_count=330804 286733 248757 202916
internal_value=0 8.0641e-07 0
internal_weight=1.06921e+06 535490 533720
internal_count=1069210 535490 533720
is_linear=0
shrinkage=0.015715


Tree=170
num_leaves=4
num_cat=0
split_feature=1 0 0
split_gain=0.00136956 0.0046607 0.00153186
threshold=0.41486424207687383 0.84166666865348827 0.38750000298023229
decision_type=2 2 2
left_child=1 -1 -2
right_child=2 -3 -4
leaf_value=-1.8335796768272082e-06 0 0 1.2582296027868759e-06
leaf_weight=341910 190914 84229 452157
leaf_count=341910 190914 84229 452157
internal_value=0 0 7.24976e-07
internal_weight=1.06921e+06 426139 643071
internal_count=1069210 426139 643071
is_linear=0
shrinkage=0.015715


Tree=171
num_leaves=3
num_cat=0
split_feature=0 6
split_gain=0.00133924 0.00269868
threshold=0.52500000596046459 0.64346247911453258
decision_type=2 2
left_child=1 -1
right_child=-2 -3
leaf_value=-1.4184391122566152e-06 7.8557158757232735e-07 0
leaf_weight=330804 535490 202916
leaf_count=330804 535490 202916
internal_value=0 0
internal_weight=1.06921e+06 533720
internal_count=1069210 533720
is_linear=0
shrinkage=0.015715


Tree=172
num_leaves=4
num_cat=0
split_feature=1 0 0
split_gain=0.00132028 0.00449612 0.00146856
threshold=0.41486424207687383 0.84166666865348827 0.38750000298023229
decision_type=2 2 2
left_child=1 -1 -2
right_child=2 -3 -4
leaf_value=-1.8009136574239354e-06 0 0 1.2335777678904058e-06
leaf_weight=341910 190914 84229 452157
leaf_count=341910 190914 84229 452157
internal_value=0 0 7.11815e-07
internal_weight=1.06921e+06 426139 643071
internal_count=1069210 426139 643071
is_linear=0
shrinkage=0.015715


Tree=173
num_leaves=4
num_cat=0
split_feature=0 1 1
split_gain=0.00128051 0.000444969 0.000311421
threshold=0.52500000596046459 0.6900656819343568 0.29912281036376959
decision_type=2 2 2
left_child=1 -1 -2
right_child=2 -3 -4
leaf_value=-5.4363140057878413e-07 0 0 1.0072654235861467e-06
leaf_weight=371386 148445 162334 387045
leaf_count=371386 148445 162334 387045
internal_value=0 0 7.68153e-07
internal_weight=1.06921e+06 533720 535490
internal_count=1069210 533720 535490
is_linear=0
shrinkage=0.015715


Tree=174
num_leaves=3
num_cat=0
split_feature=0 6
split_gain=0.00124606 0.00122394
threshold=0.60555556416511547 0.70106381177902233
decision_type=2 2
left_child=1 -1
right_child=-2 -3
leaf_value=-8.3345200714737973e-07 8.4680825950022143e-07 0
leaf_weight=434691 428690 205829
leaf_count=434691 428690 205829
internal_value=0 0
internal_weight=1.06921e+06 640520
internal_count=1069210 640520
is_linear=0
shrinkage=0.015715


Tree=175
num_leaves=5
num_cat=0
split_feature=1 0 6 0
split_gain=0.00124876 0.00432228 0.00208288 0.00139119
threshold=0.41486424207687383 0.84166666865348827 0.016807910054922107 0.38750000298023229
decision_type=2 2 2 2
left_child=1 2 -1 -2
right_child=3 -3 -4 -5
leaf_value=0 0 0 -2.1877228863328747e-06 1.2001969356165303e-06
leaf_weight=11856 190914 84229 330054 452157
leaf_count=11856 190914 84229 330054 452157
internal_value=0 0 -1.76576e-06 6.92267e-07
internal_weight=1.06921e+06 426139 341910 643071
internal_count=1069210 426139 341910 643071
is_linear=0
shrinkage=0.015715


Tree=176
num_leaves=3
num_cat=0
split_feature=0 6
split_gain=0.00120196 0.0024908
threshold=0.52500000596046459 0.64346247911453258
decision_type=2 2
left_child=1 -1
right_child=-2 -3
leaf_value=-1.3627141359873484e-06 7.4422261865803162e-07 0
leaf_weight=330804 535490 202916
leaf_count=330804 535490 202916
internal_value=0 0
internal_weight=1.06921e+06 533720
internal_count=1069210 533720
is_linear=0
shrinkage=0.015715


Tree=177
num_leaves=6
num_cat=0
split_feature=1 6 6 6 1
split_gain=0.00120554 0.00157497 0.00802758 0.000815732 0.000335372
threshold=0.55217784643173229 0.016807910054922107 0.65450927615165722 0.038838613778352744 1.0000000180025095e-35
decision_type=2 2 2 2 2
left_child=1 -1 4 -2 -3
right_child=3 2 -4 -5 -6
leaf_value=0 0 0 0 1.0628982455636741e-06 -2.6583806235266342e-06
leaf_weight=22078 37703 118 221074 441397 346840
leaf_count=22078 37703 118 221074 441397 346840
internal_value=0 0 -8.27167e-07 7.87932e-07 -2.6127e-06
internal_weight=1.06921e+06 590110 568032 479100 346958
internal_count=1069210 590110 568032 479100 346958
is_linear=0
shrinkage=0.015715


Tree=178
num_leaves=6
num_cat=0
split_feature=1 0 5 0 5
split_gain=0.00118663 0.00402773 0.00163044 0.0013579 0.000107034
threshold=0.41486424207687383 0.84166666865348827 0.054299755021929748 0.18333333730697635 0.9495762586593629
decision_type=2 2 2 2 2
left_child=1 4 -2 -4 -1
right_child=2 -3 3 -5 -6
leaf_value=-1.8473759324380084e-06 0 0 0 1.3960736313627294e-06 0
leaf_weight=298757 56609 84229 57899 528563 43153
leaf_count=298757 56609 84229 57899 528563 43153
internal_value=0 0 6.74825e-07 1.08875e-06 -1.70453e-06
internal_weight=1.06921e+06 426139 643071 586462 341910
internal_count=1069210 426139 643071 586462 341910
is_linear=0
shrinkage=0.015715


Tree=179
num_leaves=4
num_cat=0
split_feature=0 5 1
split_gain=0.0011648 0.00308675 0.000335703
threshold=0.52500000596046459 0.53390806913375866 0.6900656819343568
decision_type=2 2 2
left_child=2 -2 -1
right_child=1 -3 -4
leaf_value=-4.7219082246689823e-07 0 2.0526249784491704e-06 0
leaf_weight=371386 286733 248757 162334
leaf_count=371386 286733 248757 162334
internal_value=0 7.32627e-07 0
internal_weight=1.06921e+06 535490 533720
internal_count=1069210 535490 533720
is_linear=0
shrinkage=0.015715


Tree=180
num_leaves=3
num_cat=0
split_feature=0 6
split_gain=0.00111768 0.00233917
threshold=0.52500000596046459 0.64346247911453258
decision_type=2 2
left_child=1 -1
right_child=-2 -3
leaf_value=-1.3205822599204887e-06 7.1765524143289279e-07 0
leaf_weight=330804 535490 202916
leaf_count=330804 535490 202916
internal_value=0 0
internal_weight=1.06921e+06 533720
internal_count=1069210 533720
is_linear=0
shrinkage=0.015715


Tree=181
num_leaves=5
num_cat=0
split_feature=1 0 6 0
split_gain=0.00110777 0.00389655 0.00198704 0.00126479
threshold=0.41486424207687383 0.84166666865348827 0.016807910054922107 0.38750000298023229
decision_type=2 2 2 2
left_child=1 2 -1 -2
right_child=3 -3 -4 -5
leaf_value=0 0 0 -2.096759259776969e-06 1.1377928201664313e-06
leaf_weight=11856 190914 84229 330054 452157
leaf_count=11856 190914 84229 330054 452157
internal_value=0 0 -1.67654e-06 6.52016e-07
internal_weight=1.06921e+06 426139 341910 643071
internal_count=1069210 426139 341910 643071
is_linear=0
shrinkage=0.015715


Tree=182
num_leaves=3
num_cat=0
split_feature=0 6
split_gain=0.00107258 0.00223907
threshold=0.52500000596046459 0.64346247911453258
decision_type=2 2
left_child=1 -1
right_child=-2 -3
leaf_value=-1.2920174011650177e-06 7.0302580379446639e-07 0
leaf_weight=330804 535490 202916
leaf_count=330804 535490 202916
internal_value=0 0
internal_weight=1.06921e+06 533720
internal_count=1069210 533720
is_linear=0
shrinkage=0.015715


Tree=183
num_leaves=5
num_cat=0
split_feature=1 0 6 0
split_gain=0.00106805 0.00373382 0.00194746 0.00121291
threshold=0.41486424207687383 0.84166666865348827 0.016807910054922107 0.38750000298023229
decision_type=2 2 2 2
left_child=1 2 -1 -2
right_child=3 -3 -4 -5
leaf_value=0 0 0 -2.0603941822572995e-06 1.1156107352374274e-06
leaf_weight=11856 190914 84229 330054 452157
leaf_count=11856 190914 84229 330054 452157
internal_value=0 0 -1.64116e-06 6.40219e-07
internal_weight=1.06921e+06 426139 341910 643071
internal_count=1069210 426139 341910 643071
is_linear=0
shrinkage=0.015715


Tree=184
num_leaves=4
num_cat=0
split_feature=0 6 1
split_gain=0.00102933 0.0021431 0.000194126
threshold=0.52500000596046459 0.64346247911453258 0.29912281036376959
decision_type=2 2 2
left_child=1 -1 -2
right_child=2 -3 -4
leaf_value=-1.2640277263542608e-06 0 0 8.830339864788183e-07
leaf_weight=330804 148445 202916 387045
leaf_count=330804 148445 202916 387045
internal_value=0 0 6.88708e-07
internal_weight=1.06921e+06 533720 535490
internal_count=1069210 533720 535490
is_linear=0
shrinkage=0.015715


Tree=185
num_leaves=4
num_cat=0
split_feature=1 0 0
split_gain=0.00102473 0.00356636 0.00115937
threshold=0.41486424207687383 0.84166666865348827 0.38750000298023229
decision_type=2 2 2
left_child=1 -1 -2
right_child=2 -3 -4
leaf_value=-1.603934890757212e-06 0 0 1.0916677840925905e-06
leaf_weight=341910 190914 84229 452157
leaf_count=341910 190914 84229 452157
internal_value=0 0 6.27101e-07
internal_weight=1.06921e+06 426139 643071
internal_count=1069210 426139 643071
is_linear=0
shrinkage=0.015715


Tree=186
num_leaves=5
num_cat=0
split_feature=1 6 6 1
split_gain=0.000985713 0.00150878 0.0040576 0.000394894
threshold=0.41486424207687383 0.016807910054922107 0.71547618508338939 1.0000000180025095e-35
decision_type=2 2 2 2
left_child=1 -1 3 -3
right_child=-2 2 -4 -5
leaf_value=0 6.1504779465825046e-07 0 0 -2.3535767862351271e-06
leaf_weight=15654 643071 124 145036 265325
leaf_count=15654 643071 124 145036 265325
internal_value=0 0 -9.52229e-07 -2.27376e-06
internal_weight=1.06921e+06 426139 410485 265449
internal_count=1069210 426139 410485 265449
is_linear=0
shrinkage=0.015715


Tree=187
num_leaves=3
num_cat=0
split_feature=0 6
split_gain=0.000995707 0.00203152
threshold=0.52500000596046459 0.64346247911453258
decision_type=2 2
left_child=1 -1
right_child=-2 -3
leaf_value=-1.2306811213788077e-06 6.7736519666129019e-07 0
leaf_weight=330804 535490 202916
leaf_count=330804 535490 202916
internal_value=0 0
internal_weight=1.06921e+06 533720
internal_count=1069210 533720
is_linear=0
shrinkage=0.015715


Tree=188
num_leaves=4
num_cat=0
split_feature=0 6 5
split_gain=0.000967891 0.000872518 0.000428493
threshold=0.60555556416511547 0.70106381177902233 0.53950104117393505
decision_type=2 2 2
left_child=1 -1 -2
right_child=2 -3 -4
leaf_value=-7.0369966437537692e-07 0 0 1.314376748084241e-06
leaf_weight=434691 229523 205829 199167
leaf_count=434691 229523 205829 199167
internal_value=0 0 7.46327e-07
internal_weight=1.06921e+06 640520 428690
internal_count=1069210 640520 428690
is_linear=0
shrinkage=0.015715


Tree=189
num_leaves=6
num_cat=0
split_feature=1 0 6 6 0
split_gain=0.000960383 0.00436391 0.000743021 8.02927e-05 5.36556e-05
threshold=0.55217784643173229 0.78888890147209179 0.038838613778352744 0.016807910054922107 0.18333333730697635
decision_type=2 2 2 2 2
left_child=1 3 -2 -1 -4
right_child=2 -3 4 -5 -6
leaf_value=0 0 0 0 -1.6500835960059389e-06 1.0434915938960941e-06
leaf_weight=14717 37703 172743 43337 402650 398060
leaf_count=14717 37703 172743 43337 402650 398060
internal_value=0 0 7.03267e-07 -1.60605e-06 9.75749e-07
internal_weight=1.06921e+06 590110 479100 417367 441397
internal_count=1069210 590110 479100 417367 441397
is_linear=0
shrinkage=0.015715


Tree=190
num_leaves=4
num_cat=0
split_feature=0 6 1
split_gain=0.000943082 0.00190602 0.00013937
threshold=0.52500000596046459 0.64346247911453258 0.29912281036376959
decision_type=2 2 2
left_child=1 -1 -2
right_child=2 -3 -4
leaf_value=-1.1920615552113734e-06 0 0 8.3058987793661934e-07
leaf_weight=330804 148445 202916 387045
leaf_count=330804 148445 202916 387045
internal_value=0 0 6.59222e-07
internal_weight=1.06921e+06 533720 535490
internal_count=1069210 533720 535490
is_linear=0
shrinkage=0.015715


Tree=191
num_leaves=6
num_cat=0
split_feature=1 0 5 0 5
split_gain=0.000939461 0.00320931 0.0014887 0.00120264 0.000121685
threshold=0.41486424207687383 0.84166666865348827 0.054299755021929748 0.18333333730697635 0.9495762586593629
decision_type=2 2 2 2 2
left_child=1 4 -2 -4 -1
right_child=2 -3 3 -5 -6
leaf_value=-1.6581223363379269e-06 0 0 0 1.301917783813886e-06 0
leaf_weight=298757 56609 84229 57899 528563 43153
leaf_count=298757 56609 84229 57899 528563 43153
internal_value=0 0 6.00445e-07 1.01081e-06 -1.52153e-06
internal_weight=1.06921e+06 426139 643071 586462 341910
internal_count=1069210 426139 643071 586462 341910
is_linear=0
shrinkage=0.015715


Tree=192
num_leaves=5
num_cat=0
split_feature=1 6 6 1
split_gain=0.000887608 0.00130936 0.0038379 0.000379936
threshold=0.41486424207687383 0.016807910054922107 0.71547618508338939 1.0000000180025095e-35
decision_type=2 2 2 2
left_child=1 -1 3 -3
right_child=-2 2 -4 -5
leaf_value=0 5.8363889760209714e-07 0 0 -2.2662691105862901e-06
leaf_weight=15654 643071 124 145036 265325
leaf_count=15654 643071 124 145036 265325
internal_value=0 0 -8.87072e-07 -2.18648e-06
internal_weight=1.06921e+06 426139 410485 265449
internal_count=1069210 426139 410485 265449
is_linear=0
shrinkage=0.015715


Tree=193
num_leaves=4
num_cat=0
split_feature=0 6 1
split_gain=0.000908164 0.00182224 9.61672e-05
threshold=0.52500000596046459 0.64346247911453258 0.29912281036376959
decision_type=2 2 2
left_child=1 -1 -2
right_child=2 -3 -4
leaf_value=-1.1655683473409119e-06 0 0 8.0005661731542336e-07
leaf_weight=330804 148445 202916 387045
leaf_count=330804 148445 202916 387045
internal_value=0 0 6.46903e-07
internal_weight=1.06921e+06 533720 535490
internal_count=1069210 533720 535490
is_linear=0
shrinkage=0.015715


Tree=194
num_leaves=4
num_cat=0
split_feature=0 5 6
split_gain=0.000882848 0.0028865 0.00176549
threshold=0.52500000596046459 0.53390806913375866 0.64346247911453258
decision_type=2 2 2
left_child=2 -2 -1
right_child=1 -3 -4
leaf_value=-1.147276377214211e-06 0 1.9327189033544382e-06 0
leaf_weight=330804 286733 248757 202916
leaf_count=330804 286733 248757 202916
internal_value=0 6.37823e-07 0
internal_weight=1.06921e+06 535490 533720
internal_count=1069210 535490 533720
is_linear=0
shrinkage=0.015715


Tree=195
num_leaves=4
num_cat=0
split_feature=1 0 0
split_gain=0.000854165 0.00299381 0.00099545
threshold=0.41486424207687383 0.84166666865348827 0.38750000298023229
decision_type=2 2 2
left_child=1 -1 -2
right_child=2 -3 -4
leaf_value=-1.4695566520716297e-06 0 0 1.0046047226223042e-06
leaf_weight=341910 190914 84229 452157
leaf_count=341910 190914 84229 452157
internal_value=0 0 5.72538e-07
internal_weight=1.06921e+06 426139 643071
internal_count=1069210 426139 643071
is_linear=0
shrinkage=0.015715


Tree=196
num_leaves=4
num_cat=0
split_feature=0 1 1
split_gain=0.000833113 0.000116258 7.96101e-05
threshold=0.52500000596046459 0.6900656819343568 0.29912281036376959
decision_type=2 2 2
left_child=1 -1 -2
right_child=2 -3 -4
leaf_value=-2.7787601511556552e-07 0 0 7.6269668431870298e-07
leaf_weight=371386 148445 162334 387045
leaf_count=371386 148445 162334 387045
internal_value=0 0 6.19597e-07
internal_weight=1.06921e+06 533720 535490
internal_count=1069210 533720 535490
is_linear=0
shrinkage=0.015715


Tree=197
num_leaves=3
num_cat=0
split_feature=1 1
split_gain=0.000806837 9.04276e-05
threshold=0.41486424207687383 1.0000000180025095e-35
decision_type=2 2
left_child=1 -1
right_child=-2 -3
leaf_value=0 5.5645046799617839e-07 -2.2903035569593741e-07
leaf_weight=848 643071 425291
leaf_count=848 643071 425291
internal_value=0 0
internal_weight=1.06921e+06 426139
internal_count=1069210 426139
is_linear=0
shrinkage=0.015715


Tree=198
num_leaves=2
num_cat=0
split_feature=0
split_gain=0.000801718
threshold=0.60555556416511547
decision_type=2
left_child=-1
right_child=-2
leaf_value=0 6.7924537586197075e-07
leaf_weight=640520 428690
leaf_count=640520 428690
internal_value=0
internal_weight=1.06921e+06
internal_count=1069210
is_linear=0
shrinkage=0.015715


Tree=199
num_leaves=4
num_cat=0
split_feature=0 1 1
split_gain=0.000777371 0.000113941 7.12623e-05
threshold=0.52500000596046459 0.6900656819343568 0.29912281036376959
decision_type=2 2 2
left_child=1 -1 -2
right_child=2 -3 -4
leaf_value=-2.7509273076451279e-07 0 0 7.3543171865112519e-07
leaf_weight=371386 148445 162334 387045
leaf_count=371386 148445 162334 387045
internal_value=0 0 5.9851e-07
internal_weight=1.06921e+06 533720 535490
internal_count=1069210 533720 535490
is_linear=0
shrinkage=0.015715


Tree=200
num_leaves=4
num_cat=0
split_feature=1 0 0
split_gain=0.000760539 0.00392717 0.000365309
threshold=0.55217784643173229 0.78888890147209179 0.18333333730697635
decision_type=2 2 2
left_child=1 -1 -2
right_child=2 -3 -4
leaf_value=-1.5235698073294198e-06 0 0 8.0161577894250705e-07
leaf_weight=417367 46859 172743 432241
leaf_count=417367 46859 172743 432241
internal_value=0 0 6.25834e-07
internal_weight=1.06921e+06 590110 479100
internal_count=1069210 590110 479100
is_linear=0
shrinkage=0.015715


Tree=201
num_leaves=4
num_cat=0
split_feature=0 1 1
split_gain=0.000754737 9.67664e-05 5.77001e-05
threshold=0.52500000596046459 0.6900656819343568 0.29912281036376959
decision_type=2 2 2
left_child=1 -1 -2
right_child=2 -3 -4
leaf_value=-2.535140394618961e-07 0 0 7.1957708287056759e-07
leaf_weight=371386 148445 162334 387045
leaf_count=371386 148445 162334 387045
internal_value=0 0 5.89732e-07
internal_weight=1.06921e+06 533720 535490
internal_count=1069210 533720 535490
is_linear=0
shrinkage=0.015715


Tree=202
num_leaves=4
num_cat=0
split_feature=0 1 1
split_gain=0.000733979 9.37518e-05 5.31531e-05
threshold=0.52500000596046459 0.6900656819343568 0.29912281036376959
decision_type=2 2 2
left_child=1 -1 -2
right_child=2 -3 -4
leaf_value=-2.4953393697071354e-07 0 0 7.0828183028171766e-07
leaf_weight=371386 148445 162334 387045
leaf_count=371386 148445 162334 387045
internal_value=0 0 5.81566e-07
internal_weight=1.06921e+06 533720 535490
internal_count=1069210 533720 535490
is_linear=0
shrinkage=0.015715


Tree=203
num_leaves=2
num_cat=0
split_feature=0
split_gain=0.000715361
threshold=0.60555556416511547
decision_type=2
left_child=-1
right_child=-2
leaf_value=0 6.4162061821994297e-07
leaf_weight=640520 428690
leaf_count=640520 428690
internal_value=0
internal_weight=1.06921e+06
internal_count=1069210
is_linear=0
shrinkage=0.015715


Tree=204
num_leaves=3
num_cat=0
split_feature=1 1
split_gain=0.000707214 8.00175e-05
threshold=0.41486424207687383 1.0000000180025095e-35
decision_type=2 2
left_child=1 -1
right_child=-2 -3
leaf_value=0 5.2096552263008446e-07 -2.1544425006975225e-07
leaf_weight=848 643071 425291
leaf_count=848 643071 425291
internal_value=0 0
internal_weight=1.06921e+06 426139
internal_count=1069210 426139
is_linear=0
shrinkage=0.015715


Tree=205
num_leaves=4
num_cat=0
split_feature=1 0 0
split_gain=0.000685177 0.00278795 0.000877251
threshold=0.41486424207687383 0.84166666865348827 0.38750000298023229
decision_type=2 2 2
left_child=1 -1 -2
right_child=2 -3 -4
leaf_value=-1.418131747391518e-06 0 0 9.2332503537244905e-07
leaf_weight=341910 190914 84229 452157
leaf_count=341910 190914 84229 452157
internal_value=0 0 5.12784e-07
internal_weight=1.06921e+06 426139 643071
internal_count=1069210 426139 643071
is_linear=0
shrinkage=0.015715


Tree=206
num_leaves=2
num_cat=0
split_feature=0
split_gain=0.000676376
threshold=0.52500000596046459
decision_type=2
left_child=-1
right_child=-2
leaf_value=0 5.5827883734963795e-07
leaf_weight=533720 535490
leaf_count=533720 535490
internal_value=0
internal_weight=1.06921e+06
internal_count=1069210
is_linear=0
shrinkage=0.015715


Tree=207
num_leaves=3
num_cat=0
split_feature=0 1
split_gain=0.000656576 0.000620555
threshold=0.60555556416511547 0.6900656819343568
decision_type=2 2
left_child=1 -1
right_child=-2 -3
leaf_value=-5.8675587636576711e-07 6.1469286157896995e-07 0
leaf_weight=444689 428690 195831
leaf_count=444689 428690 195831
internal_value=0 0
internal_weight=1.06921e+06 640520
internal_count=1069210 640520
is_linear=0
shrinkage=0.015715


Tree=208
num_leaves=4
num_cat=0
split_feature=1 0 0
split_gain=0.000643452 0.00269595 0.000837294
threshold=0.41486424207687383 0.84166666865348827 0.38750000298023229
decision_type=2 2 2
left_child=1 -1 -2
right_child=2 -3 -4
leaf_value=-1.394536320164076e-06 0 0 8.9886581081473722e-07
leaf_weight=341910 190914 84229 452157
leaf_count=341910 190914 84229 452157
internal_value=0 0 4.96926e-07
internal_weight=1.06921e+06 426139 643071
internal_count=1069210 426139 643071
is_linear=0
shrinkage=0.015715


Tree=209
num_leaves=4
num_cat=0
split_feature=0 1 1
split_gain=0.000631988 7.09142e-05 2.60251e-05
threshold=0.52500000596046459 0.6900656819343568 0.29912281036376959
decision_type=2 2 2
left_child=1 -1 -2
right_child=2 -3 -4
leaf_value=-2.1702326230954789e-07 0 0 6.475890269634832e-07
leaf_weight=371386 148445 162334 387045
leaf_count=371386 148445 162334 387045
internal_value=0 0 5.39649e-07
internal_weight=1.06921e+06 533720 535490
internal_count=1069210 533720 535490
is_linear=0
shrinkage=0.015715


Tree=210
num_leaves=4
num_cat=0
split_feature=0 1 1
split_gain=0.00061489 6.8705e-05 2.26267e-05
threshold=0.52500000596046459 0.6900656819343568 0.29912281036376959
decision_type=2 2 2
left_child=1 -1 -2
right_child=2 -3 -4
leaf_value=-2.1361612637755155e-07 0 0 6.3742359980275491e-07
leaf_weight=371386 148445 162334 387045
leaf_count=371386 148445 162334 387045
internal_value=0 0 5.32299e-07
internal_weight=1.06921e+06 533720 535490
internal_count=1069210 533720 535490
is_linear=0
shrinkage=0.015715


Tree=211
num_leaves=4
num_cat=0
split_feature=1 0 0
split_gain=0.000599819 0.00363149 0.000318718
threshold=0.55217784643173229 0.78888890147209179 0.18333333730697635
decision_type=2 2 2
left_child=1 -1 -2
right_child=2 -3 -4
leaf_value=-1.4650906018918527e-06 0 0 7.2406007314257977e-07
leaf_weight=417367 46859 172743 432241
leaf_count=417367 46859 172743 432241
internal_value=0 0 5.55787e-07
internal_weight=1.06921e+06 590110 479100
internal_count=1069210 590110 479100
is_linear=0
shrinkage=0.015715


Tree=212
num_leaves=4
num_cat=0
split_feature=0 1 1
split_gain=0.000598109 5.64038e-05 1.2322e-05
threshold=0.52500000596046459 0.6900656819343568 0.29912281036376959
decision_type=2 2 2
left_child=1 -1 -2
right_child=2 -3 -4
leaf_value=-1.9355040108629861e-07 0 0 6.2373579087741917e-07
leaf_weight=371386 148445 162334 387045
leaf_count=371386 148445 162334 387045
internal_value=0 0 5.24985e-07
internal_weight=1.06921e+06 533720 535490
internal_count=1069210 533720 535490
is_linear=0
shrinkage=0.015715


Tree=213
num_leaves=4
num_cat=0
split_feature=0 1 1
split_gain=0.00058209 5.46466e-05 9.32997e-06
threshold=0.52500000596046459 0.6900656819343568 0.29912281036376959
decision_type=2 2 2
left_child=1 -1 -2
right_child=2 -3 -4
leaf_value=-1.9051148276273851e-07 0 0 6.1394603566575453e-07
leaf_weight=371386 148445 162334 387045
leaf_count=371386 148445 162334 387045
internal_value=0 0 5.17907e-07
internal_weight=1.06921e+06 533720 535490
internal_count=1069210 533720 535490
is_linear=0
shrinkage=0.015715


Tree=214
num_leaves=4
num_cat=0
split_feature=1 0 0
split_gain=0.0005673 0.00252153 0.000765913
threshold=0.41486424207687383 0.84166666865348827 0.38750000298023229
decision_type=2 2 2
left_child=1 -1 -2
right_child=2 -3 -4
leaf_value=-1.3486714283374848e-06 0 0 8.529122644296448e-07
leaf_weight=341910 190914 84229 452157
leaf_count=341910 190914 84229 452157
internal_value=0 0 4.66595e-07
internal_weight=1.06921e+06 426139 643071
internal_count=1069210 426139 643071
is_linear=0
shrinkage=0.015715


Tree=215
num_leaves=3
num_cat=0
split_feature=0 1
split_gain=0.00055961 4.74199e-05
threshold=0.52500000596046459 0.6900656819343568
decision_type=2 2
left_child=1 -1
right_child=-2 -3
leaf_value=-1.7746803358380184e-07 5.0780832814962463e-07 0
leaf_weight=371386 535490 162334
leaf_count=371386 535490 162334
internal_value=0 0
internal_weight=1.06921e+06 533720
internal_count=1069210 533720
is_linear=0
shrinkage=0.015715


Tree=216
num_leaves=3
num_cat=0
split_feature=0 1
split_gain=0.000542175 4.59424e-05
threshold=0.52500000596046459 0.6900656819343568
decision_type=2 2
left_child=1 -1
right_child=-2 -3
leaf_value=-1.7468141541910399e-07 4.9983503987798333e-07 0
leaf_weight=371386 535490 162334
leaf_count=371386 535490 162334
internal_value=0 0
internal_weight=1.06921e+06 533720
internal_count=1069210 533720
is_linear=0
shrinkage=0.015715


Tree=217
num_leaves=4
num_cat=0
split_feature=1 0 0
split_gain=0.000528889 0.00245169 0.000730349
threshold=0.41486424207687383 0.84166666865348827 0.38750000298023229
decision_type=2 2 2
left_child=1 -1 -2
right_child=2 -3 -4
leaf_value=-1.3298616232247773e-06 0 0 8.2891211490736914e-07
leaf_weight=341910 190914 84229 452157
leaf_count=341910 190914 84229 452157
internal_value=0 0 4.50522e-07
internal_weight=1.06921e+06 426139 643071
internal_count=1069210 426139 643071
is_linear=0
shrinkage=0.015715


Tree=218
num_leaves=2
num_cat=0
split_feature=0
split_gain=0.000519035
threshold=0.60555556416511547
decision_type=2
left_child=-1
right_child=-2
leaf_value=0 5.4653001733171887e-07
leaf_weight=640520 428690
leaf_count=640520 428690
internal_value=0
internal_weight=1.06921e+06
internal_count=1069210
is_linear=0
shrinkage=0.015715


Tree=219
num_leaves=2
num_cat=0
split_feature=0
split_gain=0.000504477
threshold=0.52500000596046459
decision_type=2
left_child=-1
right_child=-2
leaf_value=0 4.8214501118121298e-07
leaf_weight=533720 535490
leaf_count=533720 535490
internal_value=0
internal_weight=1.06921e+06
internal_count=1069210
is_linear=0
shrinkage=0.015715


Tree=220
num_leaves=4
num_cat=0
split_feature=1 0 0
split_gain=0.000491936 0.00340312 0.000284101
threshold=0.55217784643173229 0.78888890147209179 0.18333333730697635
decision_type=2 2 2
left_child=1 -1 -2
right_child=2 -3 -4
leaf_value=-1.4182772309634062e-06 0 0 6.6553030708332968e-07
leaf_weight=417367 46859 172743 432241
leaf_count=417367 46859 172743 432241
internal_value=0 0 5.0333e-07
internal_weight=1.06921e+06 590110 479100
internal_count=1069210 590110 479100
is_linear=0
shrinkage=0.015715


Tree=221
num_leaves=3
num_cat=0
split_feature=0 1
split_gain=0.000489122 3.19748e-05
threshold=0.52500000596046459 0.6900656819343568
decision_type=2 2
left_child=1 -1
right_child=-2 -3
leaf_value=-1.4572830487364546e-07 4.7475074100269312e-07 0
leaf_weight=371386 535490 162334
leaf_count=371386 535490 162334
internal_value=0 0
internal_weight=1.06921e+06 533720
internal_count=1069210 533720
is_linear=0
shrinkage=0.015715


Tree=222
num_leaves=4
num_cat=0
split_feature=1 0 0
split_gain=0.000477 0.00232697 0.000683991
threshold=0.41486424207687383 0.84166666865348827 0.38750000298023229
decision_type=2 2 2
left_child=1 -1 -2
right_child=2 -3 -4
leaf_value=-1.2955953927272531e-06 0 0 7.9591929480659197e-07
leaf_weight=341910 190914 84229 452157
leaf_count=341910 190914 84229 452157
internal_value=0 0 4.27851e-07
internal_weight=1.06921e+06 426139 643071
internal_count=1069210 426139 643071
is_linear=0
shrinkage=0.015715


Tree=223
num_leaves=3
num_cat=0
split_feature=0 1
split_gain=0.000468251 2.69233e-05
threshold=0.52500000596046459 0.6900656819343568
decision_type=2 2
left_child=1 -1
right_child=-2 -3
leaf_value=-1.3372229567441165e-07 4.6451149062082827e-07 0
leaf_weight=371386 535490 162334
leaf_count=371386 535490 162334
internal_value=0 0
internal_weight=1.06921e+06 533720
internal_count=1069210 533720
is_linear=0
shrinkage=0.015715


Tree=224
num_leaves=3
num_cat=0
split_feature=0 1
split_gain=0.000453661 2.60844e-05
threshold=0.52500000596046459 0.6900656819343568
decision_type=2 2
left_child=1 -1
right_child=-2 -3
leaf_value=-1.3162255753859587e-07 4.5721751568849495e-07 0
leaf_weight=371386 535490 162334
leaf_count=371386 535490 162334
internal_value=0 0
internal_weight=1.06921e+06 533720
internal_count=1069210 533720
is_linear=0
shrinkage=0.015715


Tree=225
num_leaves=4
num_cat=0
split_feature=1 0 0
split_gain=0.000443941 0.00226413 0.000652839
threshold=0.41486424207687383 0.84166666865348827 0.38750000298023229
decision_type=2 2 2
left_child=1 -1 -2
right_child=2 -3 -4
leaf_value=-1.2779805974506396e-06 0 0 7.7359602801015887e-07
leaf_weight=341910 190914 84229 452157
leaf_count=341910 190914 84229 452157
internal_value=0 0 4.12759e-07
internal_weight=1.06921e+06 426139 643071
internal_count=1069210 426139 643071
is_linear=0
shrinkage=0.015715


Tree=226
num_leaves=3
num_cat=0
split_feature=0 1
split_gain=0.000434391 2.16587e-05
threshold=0.52500000596046459 0.6900656819343568
decision_type=2 2
left_child=1 -1
right_child=-2 -3
leaf_value=-1.199376184565243e-07 4.4740159978889194e-07 0
leaf_weight=371386 535490 162334
leaf_count=371386 535490 162334
internal_value=0 0
internal_weight=1.06921e+06 533720
internal_count=1069210 533720
is_linear=0
shrinkage=0.015715


Tree=227
num_leaves=2
num_cat=0
split_feature=0
split_gain=0.000421858
threshold=0.60555556416511547
decision_type=2
left_child=-1
right_child=-2
leaf_value=0 4.9271838951712564e-07
leaf_weight=640520 428690
leaf_count=640520 428690
internal_value=0
internal_weight=1.06921e+06
internal_count=1069210
is_linear=0
shrinkage=0.015715


Tree=228
num_leaves=3
num_cat=0
split_feature=1 1
split_gain=0.000412739 1.9138e-05
threshold=0.41486424207687383 1.0000000180025095e-35
decision_type=2 2
left_child=1 -1
right_child=-2 -3
leaf_value=0 3.9798909880774559e-07 -1.0536359969999566e-07
leaf_weight=848 643071 425291
leaf_count=848 643071 425291
internal_value=0 0
internal_weight=1.06921e+06 426139
internal_count=1069210 426139
is_linear=0
shrinkage=0.015715


Tree=229
num_leaves=3
num_cat=0
split_feature=0 1
split_gain=0.000403425 0.000432318
threshold=0.60555556416511547 0.6900656819343568
decision_type=2 2
left_child=1 -1
right_child=-2 -3
leaf_value=-4.8974401022226486e-07 4.8183362122078811e-07 0
leaf_weight=444689 428690 195831
leaf_count=444689 428690 195831
internal_value=0 0
internal_weight=1.06921e+06 640520
internal_count=1069210 640520
is_linear=0
shrinkage=0.015715


Tree=230
num_leaves=4
num_cat=0
split_feature=1 0 0
split_gain=0.000398184 0.00218565 0.00061405
threshold=0.41486424207687383 0.84166666865348827 0.38750000298023229
decision_type=2 2 2
left_child=1 -1 -2
right_child=2 -3 -4
leaf_value=-1.2556388463029134e-06 0 0 7.4318173142603697e-07
leaf_weight=341910 190914 84229 452157
leaf_count=341910 190914 84229 452157
internal_value=0 0 3.90909e-07
internal_weight=1.06921e+06 426139 643071
internal_count=1069210 426139 643071
is_linear=0
shrinkage=0.015715


Tree=231
num_leaves=3
num_cat=0
split_feature=0 1
split_gain=0.000389412 1.58293e-05
threshold=0.52500000596046459 0.6900656819343568
decision_type=2 2
left_child=1 -1
right_child=-2 -3
leaf_value=-1.0253475327333932e-07 4.2360545929083746e-07 0
leaf_weight=371386 535490 162334
leaf_count=371386 535490 162334
internal_value=0 0
internal_weight=1.06921e+06 533720
internal_count=1069210 533720
is_linear=0
shrinkage=0.015715


Tree=232
num_leaves=3
num_cat=0
split_feature=0 1
split_gain=0.00037728 1.53366e-05
threshold=0.52500000596046459 0.6900656819343568
decision_type=2 2
left_child=1 -1
right_child=-2 -3
leaf_value=-1.009262034675825e-07 4.1695451413474108e-07 0
leaf_weight=371386 535490 162334
leaf_count=371386 535490 162334
internal_value=0 0
internal_weight=1.06921e+06 533720
internal_count=1069210 533720
is_linear=0
shrinkage=0.015715


Tree=233
num_leaves=2
num_cat=0
split_feature=0
split_gain=0.000365523
threshold=0.52500000596046459
decision_type=2
left_child=-1
right_child=-2
leaf_value=0 4.1040683410006163e-07
leaf_weight=533720 535490
leaf_count=533720 535490
internal_value=0
internal_weight=1.06921e+06
internal_count=1069210
is_linear=0
shrinkage=0.015715


Tree=234
num_leaves=4
num_cat=0
split_feature=1 0 0
split_gain=0.00036604 0.00312975 0.000241596
threshold=0.55217784643173229 0.78888890147209179 0.18333333730697635
decision_type=2 2 2
left_child=1 -1 -2
right_child=2 -3 -4
leaf_value=-1.3601191398205032e-06 0 0 5.8890886101746682e-07
leaf_weight=417367 46859 172743 432241
leaf_count=417367 46859 172743 432241
internal_value=0 0 4.34172e-07
internal_weight=1.06921e+06 590110 479100
internal_count=1069210 590110 479100
is_linear=0
shrinkage=0.015715


Tree=235
num_leaves=4
num_cat=0
split_feature=1 0 0
split_gain=0.000359028 0.00207136 0.000575406
threshold=0.41486424207687383 0.84166666865348827 0.38750000298023229
decision_type=2 2 2
left_child=1 -1 -2
right_child=2 -3 -4
leaf_value=-1.2223664857290993e-06 0 0 7.1405040167570205e-07
leaf_weight=341910 190914 84229 452157
leaf_count=341910 190914 84229 452157
internal_value=0 0 3.71191e-07
internal_weight=1.06921e+06 426139 643071
internal_count=1069210 426139 643071
is_linear=0
shrinkage=0.015715


Tree=236
num_leaves=3
num_cat=0
split_feature=0 1
split_gain=0.000351066 8.32412e-06
threshold=0.52500000596046459 0.6900656819343568
decision_type=2 2
left_child=1 -1
right_child=-2 -3
leaf_value=-7.4354783784327363e-08 4.0220888665106407e-07 0
leaf_weight=371386 535490 162334
leaf_count=371386 535490 162334
internal_value=0 0
internal_weight=1.06921e+06 533720
internal_count=1069210 533720
is_linear=0
shrinkage=0.015715


Tree=237
num_leaves=3
num_cat=0
split_feature=0 1
split_gain=0.000340129 8.06486e-06
threshold=0.52500000596046459 0.6900656819343568
decision_type=2 2
left_child=1 -1
right_child=-2 -3
leaf_value=-7.3187698832397154e-08 3.9589383295425399e-07 0
leaf_weight=371386 535490 162334
leaf_count=371386 535490 162334
internal_value=0 0
internal_weight=1.06921e+06 533720
internal_count=1069210 533720
is_linear=0
shrinkage=0.015715


Tree=238
num_leaves=4
num_cat=0
split_feature=1 0 0
split_gain=0.000333096 0.00201743 0.000549985
threshold=0.41486424207687383 0.84166666865348827 0.38750000298023229
decision_type=2 2 2
left_child=1 -1 -2
right_child=2 -3 -4
leaf_value=-1.2063498980203533e-06 0 0 6.9415275142955569e-07
leaf_weight=341910 190914 84229 452157
leaf_count=341910 190914 84229 452157
internal_value=0 0 3.57535e-07
internal_weight=1.06921e+06 426139 643071
internal_count=1069210 426139 643071
is_linear=0
shrinkage=0.015715


Tree=239
num_leaves=3
num_cat=0
split_feature=1 1
split_gain=0.000318968 4.93816e-06
threshold=0.41486424207687383 1.0000000180025095e-35
decision_type=2 2
left_child=1 -1
right_child=-2 -3
leaf_value=0 3.4987063107274066e-07 -5.352112033835126e-08
leaf_weight=848 643071 425291
leaf_count=848 643071 425291
internal_value=0 0
internal_weight=1.06921e+06 426139
internal_count=1069210 426139
is_linear=0
shrinkage=0.015715


Tree=240
num_leaves=2
num_cat=0
split_feature=0
split_gain=0.000320878
threshold=0.52500000596046459
decision_type=2
left_child=-1
right_child=-2
leaf_value=0 3.8452724076742054e-07
leaf_weight=533720 535490
leaf_count=533720 535490
internal_value=0
internal_weight=1.06921e+06
internal_count=1069210
is_linear=0
shrinkage=0.015715


Tree=241
num_leaves=2
num_cat=0
split_feature=1
split_gain=0.000303936
threshold=0.55217784643173229
decision_type=2
left_child=-1
right_child=-2
leaf_value=0 3.9562985328971692e-07
leaf_weight=590110 479100
leaf_count=590110 479100
internal_value=0
internal_weight=1.06921e+06
internal_count=1069210
is_linear=0
shrinkage=0.015715


Tree=242
num_leaves=3
num_cat=0
split_feature=0 1
split_gain=0.000306248 6.53828e-06
threshold=0.52500000596046459 0.6900656819343568
decision_type=2 2
left_child=1 -1
right_child=-2 -3
leaf_value=-6.5897906924511622e-08 3.756591688899941e-07 0
leaf_weight=371386 535490 162334
leaf_count=371386 535490 162334
internal_value=0 0
internal_weight=1.06921e+06 533720
internal_count=1069210 533720
is_linear=0
shrinkage=0.015715


Tree=243
num_leaves=3
num_cat=0
split_feature=0 1
split_gain=0.000297678 0.000356549
threshold=0.60555556416511547 0.6900656819343568
decision_type=2 2
left_child=1 -1
right_child=-2 -3
leaf_value=-4.447611273149461e-07 4.1389401960152132e-07 0
leaf_weight=444689 428690 195831
leaf_count=444689 428690 195831
internal_value=0 0
internal_weight=1.06921e+06 640520
internal_count=1069210 640520
is_linear=0
shrinkage=0.015715


Tree=244
num_leaves=3
num_cat=0
split_feature=0 1
split_gain=0.00028993 5.04452e-06
threshold=0.52500000596046459 0.6900656819343568
decision_type=2 2
left_child=1 -1
right_child=-2 -3
leaf_value=-5.7882838351321008e-08 3.6551370279983985e-07 0
leaf_weight=371386 535490 162334
leaf_count=371386 535490 162334
internal_value=0 0
internal_weight=1.06921e+06 533720
internal_count=1069210 533720
is_linear=0
shrinkage=0.015715


Tree=245
num_leaves=4
num_cat=0
split_feature=1 0 0
split_gain=0.00028494 0.00195721 0.00050946
threshold=0.41486424207687383 0.84166666865348827 0.38750000298023229
decision_type=2 2 2
left_child=1 -1 -2
right_child=2 -3 -4
leaf_value=-1.1882093543163223e-06 0 0 6.5837629547804931e-07
leaf_weight=341910 190914 84229 452157
leaf_count=341910 190914 84229 452157
internal_value=0 0 3.30682e-07
internal_weight=1.06921e+06 426139 643071
internal_count=1069210 426139 643071
is_linear=0
shrinkage=0.015715


Tree=246
num_leaves=3
num_cat=0
split_feature=0 1
split_gain=0.000277982 3.45052e-06
threshold=0.52500000596046459 0.6900656819343568
decision_type=2 2
left_child=1 -1
right_child=-2 -3
leaf_value=-4.7872073668164166e-08 3.5790307568284523e-07 0
leaf_weight=371386 535490 162334
leaf_count=371386 535490 162334
internal_value=0 0
internal_weight=1.06921e+06 533720
internal_count=1069210 533720
is_linear=0
shrinkage=0.015715


Tree=247
num_leaves=3
num_cat=0
split_feature=0 1
split_gain=0.000269321 3.34308e-06
threshold=0.52500000596046459 0.6900656819343568
decision_type=2 2
left_child=1 -1
right_child=-2 -3
leaf_value=-4.7120880443846691e-08 3.522833797519409e-07 0
leaf_weight=371386 535490 162334
leaf_count=371386 535490 162334
internal_value=0 0
internal_weight=1.06921e+06 533720
internal_count=1069210 533720
is_linear=0
shrinkage=0.015715


Tree=248
num_leaves=4
num_cat=0
split_feature=1 0 0
split_gain=0.000265333 0.00288768 0.000205218
threshold=0.55217784643173229 0.78888890147209179 0.18333333730697635
decision_type=2 2 2
left_child=1 -1 -2
right_child=2 -3 -4
leaf_value=-1.3064611628852651e-06 0 0 5.1823839320106085e-07
leaf_weight=417367 46859 172743 432241
leaf_count=417367 46859 172743 432241
internal_value=0 0 3.69652e-07
internal_weight=1.06921e+06 590110 479100
internal_count=1069210 590110 479100
is_linear=0
shrinkage=0.015715


Tree=249
num_leaves=3
num_cat=0
split_feature=0 1
split_gain=0.000262197 1.46238e-06
threshold=0.52500000596046459 0.6900656819343568
decision_type=2 2
left_child=1 -1
right_child=-2 -3
leaf_value=-3.1165222446163282e-08 3.4759292601519533e-07 0
leaf_weight=371386 535490 162334
leaf_count=371386 535490 162334
internal_value=0 0
internal_weight=1.06921e+06 533720
internal_count=1069210 533720
is_linear=0
shrinkage=0.015715


Tree=250
num_leaves=4
num_cat=0
split_feature=1 0 0
split_gain=0.00025648 0.00185376 0.000478548
threshold=0.41486424207687383 0.84166666865348827 0.38750000298023229
decision_type=2 2 2
left_child=1 -1 -2
right_child=2 -3 -4
leaf_value=-1.1563819377858002e-06 0 0 6.3329570308604491e-07
leaf_weight=341910 190914 84229 452157
leaf_count=341910 190914 84229 452157
internal_value=0 0 3.13733e-07
internal_weight=1.06921e+06 426139 643071
internal_count=1069210 426139 643071
is_linear=0
shrinkage=0.015715


Tree=251
num_leaves=3
num_cat=0
split_feature=0 1
split_gain=0.000251434 7.15486e-07
threshold=0.52500000596046459 0.6900656819343568
decision_type=2 2
left_child=1 -1
right_child=-2 -3
leaf_value=-2.1799185297513862e-08 3.4038375219927809e-07 0
leaf_weight=371386 535490 162334
leaf_count=371386 535490 162334
internal_value=0 0
internal_weight=1.06921e+06 533720
internal_count=1069210 533720
is_linear=0
shrinkage=0.015715


Tree=252
num_leaves=3
num_cat=0
split_feature=0 1
split_gain=0.0002436 6.93108e-07
threshold=0.52500000596046459 0.6900656819343568
decision_type=2 2
left_child=1 -1
right_child=-2 -3
leaf_value=-2.1455579287438316e-08 3.3503943818876583e-07 0
leaf_weight=371386 535490 162334
leaf_count=371386 535490 162334
internal_value=0 0
internal_weight=1.06921e+06 533720
internal_count=1069210 533720
is_linear=0
shrinkage=0.015715


Tree=253
num_leaves=4
num_cat=0
split_feature=1 0 0
split_gain=0.000236942 0.00180706 0.000459568
threshold=0.41486424207687383 0.84166666865348827 0.18333333730697635
decision_type=2 2 2
left_child=1 -1 -2
right_child=2 -3 -4
leaf_value=-1.1417224350048251e-06 0 0 5.4466537811259157e-07
leaf_weight=341910 63695 84229 579376
leaf_count=341910 63695 84229 579376
internal_value=0 0 3.01547e-07
internal_weight=1.06921e+06 426139 643071
internal_count=1069210 426139 643071
is_linear=0
shrinkage=0.015715


Tree=254
num_leaves=2
num_cat=0
split_feature=0
split_gain=0.000234637
threshold=0.52500000596046459
decision_type=2
left_child=-1
right_child=-2
leaf_value=0 3.2881781798691279e-07
leaf_weight=533720 535490
leaf_count=533720 535490
internal_value=0
internal_weight=1.06921e+06
internal_count=1069210
is_linear=0
shrinkage=0.015715


Tree=255
num_leaves=3
num_cat=0
split_feature=0 1
split_gain=0.000227326 2.77565e-07
threshold=0.52500000596046459 0.6900656819343568
decision_type=2 2
left_child=1 -1
right_child=-2 -3
leaf_value=-1.3577575138784923e-08 3.2365476410221087e-07 0
leaf_weight=371386 535490 162334
leaf_count=371386 535490 162334
internal_value=0 0
internal_weight=1.06921e+06 533720
internal_count=1069210 533720
is_linear=0
shrinkage=0.015715


Tree=256
num_leaves=2
num_cat=0
split_feature=0
split_gain=0.000220926
threshold=0.60555556416511547
decision_type=2
left_child=-1
right_child=-2
leaf_value=0 3.565651711532817e-07
leaf_weight=640520 428690
leaf_count=640520 428690
internal_value=0
internal_weight=1.06921e+06
internal_count=1069210
is_linear=0
shrinkage=0.015715


Tree=257
num_leaves=4
num_cat=0
split_feature=1 0 0
split_gain=0.000214163 0.00273229 0.000183768
threshold=0.55217784643173229 0.78888890147209179 0.18333333730697635
decision_type=2 2 2
left_child=1 -1 -2
right_child=2 -3 -4
leaf_value=-1.2708238621357211e-06 0 0 4.7657395806958306e-07
leaf_weight=417367 46859 172743 432241
leaf_count=417367 46859 172743 432241
internal_value=0 0 3.32102e-07
internal_weight=1.06921e+06 590110 479100
internal_count=1069210 590110 479100
is_linear=0
shrinkage=0.015715


Tree=258
num_leaves=2
num_cat=0
split_feature=0
split_gain=0.000215477
threshold=0.52500000596046459
decision_type=2
left_child=-1
right_child=-2
leaf_value=0 3.1510636647493542e-07
leaf_weight=533720 535490
leaf_count=533720 535490
internal_value=0
internal_weight=1.06921e+06
internal_count=1069210
is_linear=0
shrinkage=0.015715


Tree=259
num_leaves=2
num_cat=0
split_feature=0
split_gain=0.000208762
threshold=0.52500000596046459
decision_type=2
left_child=-1
right_child=-2
leaf_value=0 3.101579103019348e-07
leaf_weight=533720 535490
leaf_count=533720 535490
internal_value=0
internal_weight=1.06921e+06
internal_count=1069210
is_linear=0
shrinkage=0.015715


Tree=260
num_leaves=4
num_cat=0
split_feature=1 0 0
split_gain=0.000204376 0.0017231 0.000431029
threshold=0.41486424207687383 0.84166666865348827 0.18333333730697635
decision_type=2 2 2
left_child=1 -1 -2
right_child=2 -3 -4
leaf_value=-1.1148817348646478e-06 0 0 5.2022513871318463e-07
leaf_weight=341910 63695 84229 579376
leaf_count=341910 63695 84229 579376
internal_value=0 0 2.80058e-07
internal_weight=1.06921e+06 426139 643071
internal_count=1069210 426139 643071
is_linear=0
shrinkage=0.015715


Tree=261
num_leaves=2
num_cat=0
split_feature=1
split_gain=0.000193775
threshold=0.41486424207687383
decision_type=2
left_child=-1
right_child=-2
leaf_value=0 2.7269808936420162e-07
leaf_weight=426139 643071
leaf_count=426139 643071
internal_value=0
internal_weight=1.06921e+06
internal_count=1069210
is_linear=0
shrinkage=0.015715


Tree=262
num_leaves=2
num_cat=0
split_feature=0
split_gain=0.000197745
threshold=0.52500000596046459
decision_type=2
left_child=-1
right_child=-2
leaf_value=0 3.0186276350463666e-07
leaf_weight=533720 535490
leaf_count=533720 535490
internal_value=0
internal_weight=1.06921e+06
internal_count=1069210
is_linear=0
shrinkage=0.015715


Tree=263
num_leaves=2
num_cat=0
split_feature=0
split_gain=0.000191584
threshold=0.52500000596046459
decision_type=2
left_child=-1
right_child=-2
leaf_value=0 2.971230003120763e-07
leaf_weight=533720 535490
leaf_count=533720 535490
internal_value=0
internal_weight=1.06921e+06
internal_count=1069210
is_linear=0
shrinkage=0.015715


Tree=264
num_leaves=3
num_cat=0
split_feature=0 1
split_gain=0.00018579 0.000267056
threshold=0.60555556416511547 0.6900656819343568
decision_type=2 2
left_child=1 -1
right_child=-2 -3
leaf_value=-3.8491819603928862e-07 3.2698396443108012e-07 0
leaf_weight=444689 428690 195831
leaf_count=444689 428690 195831
internal_value=0 0
internal_weight=1.06921e+06 640520
internal_count=1069210 640520
is_linear=0
shrinkage=0.015715


Tree=265
num_leaves=2
num_cat=0
split_feature=0
split_gain=0.000181471
threshold=0.52500000596046459
decision_type=2
left_child=-1
right_child=-2
leaf_value=0 2.8917470362817748e-07
leaf_weight=533720 535490
leaf_count=533720 535490
internal_value=0
internal_weight=1.06921e+06
internal_count=1069210
is_linear=0
shrinkage=0.015715


Tree=266
num_leaves=2
num_cat=0
split_feature=0
split_gain=0.000175818
threshold=0.52500000596046459
decision_type=2
left_child=-1
right_child=-2
leaf_value=0 2.8463485171787132e-07
leaf_weight=533720 535490
leaf_count=533720 535490
internal_value=0
internal_weight=1.06921e+06
internal_count=1069210
is_linear=0
shrinkage=0.015715


Tree=267
num_leaves=4
num_cat=0
split_feature=1 0 0
split_gain=0.000174507 0.00168011 0.000404864
threshold=0.41486424207687383 0.84166666865348827 0.18333333730697635
decision_type=2 2 2
left_child=1 -1 -2
right_child=2 -3 -4
leaf_value=-1.1008884489096951e-06 0 0 4.9675758220117977e-07
leaf_weight=341910 63695 84229 579376
leaf_count=341910 63695 84229 579376
internal_value=0 0 2.58785e-07
internal_weight=1.06921e+06 426139 643071
internal_count=1069210 426139 643071
is_linear=0
shrinkage=0.015715


Tree=268
num_leaves=2
num_cat=0
split_feature=0
split_gain=0.000169543
threshold=0.52500000596046459
decision_type=2
left_child=-1
right_child=-2
leaf_value=0 2.7950978134241735e-07
leaf_weight=533720 535490
leaf_count=533720 535490
internal_value=0
internal_weight=1.06921e+06
internal_count=1069210
is_linear=0
shrinkage=0.015715


Tree=269
num_leaves=2
num_cat=0
split_feature=0
split_gain=0.00016426
threshold=0.52500000596046459
decision_type=2
left_child=-1
right_child=-2
leaf_value=0 2.7512060433256844e-07
leaf_weight=533720 535490
leaf_count=533720 535490
internal_value=0
internal_weight=1.06921e+06
internal_count=1069210
is_linear=0
shrinkage=0.015715


Tree=270
num_leaves=2
num_cat=0
split_feature=1
split_gain=0.000159848
threshold=0.52440476417541515
decision_type=2
left_child=-1
right_child=-2
leaf_value=0 2.7658098773110229e-07
leaf_weight=553610 515600
leaf_count=553610 515600
internal_value=0
internal_weight=1.06921e+06
internal_count=1069210
is_linear=0
shrinkage=0.015715


Tree=271
num_leaves=3
num_cat=0
split_feature=0 1
split_gain=0.000157073 0.000254234
threshold=0.60555556416511547 0.6900656819343568
decision_type=2 2
left_child=1 -1
right_child=-2 -3
leaf_value=-3.7556392908427811e-07 3.0065391898331129e-07 0
leaf_weight=444689 428690 195831
leaf_count=444689 428690 195831
internal_value=0 0
internal_weight=1.06921e+06 640520
internal_count=1069210 640520
is_linear=0
shrinkage=0.015715


Tree=272
num_leaves=4
num_cat=0
split_feature=1 0 0
split_gain=0.000154722 0.00162758 0.000386322
threshold=0.41486424207687383 0.84166666865348827 0.18333333730697635
decision_type=2 2 2
left_child=1 -1 -2
right_child=2 -3 -4
leaf_value=-1.0835396824535491e-06 0 0 4.8004573542227552e-07
leaf_weight=341910 63695 84229 579376
leaf_count=341910 63695 84229 579376
internal_value=0 0 2.43674e-07
internal_weight=1.06921e+06 426139 643071
internal_count=1069210 426139 643071
is_linear=0
shrinkage=0.015715


Tree=273
num_leaves=2
num_cat=0
split_feature=1
split_gain=0.000146691
threshold=0.55217784643173229
decision_type=2
left_child=-1
right_child=-2
leaf_value=0 2.7485280129450398e-07
leaf_weight=590110 479100
leaf_count=590110 479100
internal_value=0
internal_weight=1.06921e+06
internal_count=1069210
is_linear=0
shrinkage=0.015715


Tree=274
num_leaves=2
num_cat=0
split_feature=0
split_gain=0.000150308
threshold=0.52500000596046459
decision_type=2
left_child=-1
right_child=-2
leaf_value=0 2.6317672517101964e-07
leaf_weight=533720 535490
leaf_count=533720 535490
internal_value=0
internal_weight=1.06921e+06
internal_count=1069210
is_linear=0
shrinkage=0.015715


Tree=275
num_leaves=2
num_cat=0
split_feature=0
split_gain=0.000145625
threshold=0.52500000596046459
decision_type=2
left_child=-1
right_child=-2
leaf_value=0 2.5904442656544212e-07
leaf_weight=533720 535490
leaf_count=533720 535490
internal_value=0
internal_weight=1.06921e+06
internal_count=1069210
is_linear=0
shrinkage=0.015715


Tree=276
num_leaves=2
num_cat=0
split_feature=0
split_gain=0.000141087
threshold=0.52500000596046459
decision_type=2
left_child=-1
right_child=-2
leaf_value=0 2.5497675716730813e-07
leaf_weight=533720 535490
leaf_count=533720 535490
internal_value=0
internal_weight=1.06921e+06
internal_count=1069210
is_linear=0
shrinkage=0.015715


Tree=277
num_leaves=3
num_cat=0
split_feature=0 1
split_gain=0.000136736 0.000240517
threshold=0.60555556416511547 0.6900656819343568
decision_type=2 2
left_child=1 -1
right_child=-2 -3
leaf_value=-3.6529207453309555e-07 2.8051553678722139e-07 0
leaf_weight=444689 428690 195831
leaf_count=444689 428690 195831
internal_value=0 0
internal_weight=1.06921e+06 640520
internal_count=1069210 640520
is_linear=0
shrinkage=0.015715


Tree=278
num_leaves=4
num_cat=0
split_feature=1 0 0
split_gain=0.00013489 0.00252405 0.000147431
threshold=0.55217784643173229 0.78888890147209179 0.18333333730697635
decision_type=2 2 2
left_child=1 -1 -2
right_child=2 -3 -4
leaf_value=-1.2214369769998222e-06 0 0 4.0141895709411429e-07
leaf_weight=417367 46859 172743 432241
leaf_count=417367 46859 172743 432241
internal_value=0 0 2.63566e-07
internal_weight=1.06921e+06 590110 479100
internal_count=1069210 590110 479100
is_linear=0
shrinkage=0.015715


Tree=279
num_leaves=2
num_cat=0
split_feature=0
split_gain=0.000135214
threshold=0.52500000596046459
decision_type=2
left_child=-1
right_child=-2
leaf_value=0 2.4961347724347802e-07
leaf_weight=533720 535490
leaf_count=533720 535490
internal_value=0
internal_weight=1.06921e+06
internal_count=1069210
is_linear=0
shrinkage=0.015715


Tree=280
num_leaves=4
num_cat=0
split_feature=1 0 0
split_gain=0.00013148 0.00153525 0.000361843
threshold=0.41486424207687383 0.84166666865348827 0.18333333730697635
decision_type=2 2 2
left_child=1 -1 -2
right_child=2 -3 -4
leaf_value=-1.0523581716286091e-06 0 0 4.5838665638995211e-07
leaf_weight=341910 63695 84229 579376
leaf_count=341910 63695 84229 579376
internal_value=0 0 2.24628e-07
internal_weight=1.06921e+06 426139 643071
internal_count=1069210 426139 643071
is_linear=0
shrinkage=0.015715


Tree=281
num_leaves=2
num_cat=0
split_feature=1
split_gain=0.000123998
threshold=0.41486424207687383
decision_type=2
left_child=-1
right_child=-2
leaf_value=0 2.1814267400676224e-07
leaf_weight=426139 643071
leaf_count=426139 643071
internal_value=0
internal_weight=1.06921e+06
internal_count=1069210
is_linear=0
shrinkage=0.015715


Tree=282
num_leaves=2
num_cat=0
split_feature=1
split_gain=0.000120134
threshold=0.41486424207687383
decision_type=2
left_child=-1
right_child=-2
leaf_value=0 2.1471716594606692e-07
leaf_weight=426139 643071
leaf_count=426139 643071
internal_value=0
internal_weight=1.06921e+06
internal_count=1069210
is_linear=0
shrinkage=0.015715


Tree=283
num_leaves=2
num_cat=0
split_feature=0
split_gain=0.000126148
threshold=0.52500000596046459
decision_type=2
left_child=-1
right_child=-2
leaf_value=0 2.4109990244623059e-07
leaf_weight=533720 535490
leaf_count=533720 535490
internal_value=0
internal_weight=1.06921e+06
internal_count=1069210
is_linear=0
shrinkage=0.015715


Tree=284
num_leaves=2
num_cat=0
split_feature=0
split_gain=0.000122218
threshold=0.52500000596046459
decision_type=2
left_child=-1
right_child=-2
leaf_value=0 2.3731450358080051e-07
leaf_weight=533720 535490
leaf_count=533720 535490
internal_value=0
internal_weight=1.06921e+06
internal_count=1069210
is_linear=0
shrinkage=0.015715


Tree=285
num_leaves=2
num_cat=0
split_feature=1
split_gain=0.000112246
threshold=0.41486424207687383
decision_type=2
left_child=-1
right_child=-2
leaf_value=0 2.0754839866239624e-07
leaf_weight=426139 643071
leaf_count=426139 643071
internal_value=0
internal_weight=1.06921e+06
internal_count=1069210
is_linear=0
shrinkage=0.015715


Tree=286
num_leaves=2
num_cat=0
split_feature=0
split_gain=0.000116413
threshold=0.52500000596046459
decision_type=2
left_child=-1
right_child=-2
leaf_value=0 2.3161011579133364e-07
leaf_weight=533720 535490
leaf_count=533720 535490
internal_value=0
internal_weight=1.06921e+06
internal_count=1069210
is_linear=0
shrinkage=0.015715


Tree=287
num_leaves=2
num_cat=0
split_feature=0
split_gain=0.000112786
threshold=0.52500000596046459
decision_type=2
left_child=-1
right_child=-2
leaf_value=0 2.279736794381649e-07
leaf_weight=533720 535490
leaf_count=533720 535490
internal_value=0
internal_weight=1.06921e+06
internal_count=1069210
is_linear=0
shrinkage=0.015715


Tree=288
num_leaves=2
num_cat=0
split_feature=0
split_gain=0.000109272
threshold=0.52500000596046459
decision_type=2
left_child=-1
right_child=-2
leaf_value=0 2.2439391809687649e-07
leaf_weight=533720 535490
leaf_count=533720 535490
internal_value=0
internal_weight=1.06921e+06
internal_count=1069210
is_linear=0
shrinkage=0.015715


Tree=289
num_leaves=2
num_cat=0
split_feature=0
split_gain=0.000105868
threshold=0.52500000596046459
decision_type=2
left_child=-1
right_child=-2
leaf_value=0 2.2087090180379287e-07
leaf_weight=533720 535490
leaf_count=533720 535490
internal_value=0
internal_weight=1.06921e+06
internal_count=1069210
is_linear=0
shrinkage=0.015715


Tree=290
num_leaves=3
num_cat=0
split_feature=0 1
split_gain=0.000102638 0.000216473
threshold=0.60555556416511547 0.6900656819343568
decision_type=2 2
left_child=1 -1
right_child=-2 -3
leaf_value=-3.4655298188844053e-07 2.4303520591910619e-07 0
leaf_weight=444689 428690 195831
leaf_count=444689 428690 195831
internal_value=0 0
internal_weight=1.06921e+06 640520
internal_count=1069210 640520
is_linear=0
shrinkage=0.015715


Tree=291
num_leaves=2
num_cat=0
split_feature=1
split_gain=0.000101274
threshold=0.41486424207687383
decision_type=2
left_child=-1
right_child=-2
leaf_value=0 1.9714385581265626e-07
leaf_weight=426139 643071
leaf_count=426139 643071
internal_value=0
internal_weight=1.06921e+06
internal_count=1069210
is_linear=0
shrinkage=0.015715


Tree=292
num_leaves=2
num_cat=0
split_feature=0
split_gain=9.86549e-05
threshold=0.52500000596046459
decision_type=2
left_child=-1
right_child=-2
leaf_value=0 2.1321429444358067e-07
leaf_weight=533720 535490
leaf_count=533720 535490
internal_value=0
internal_weight=1.06921e+06
internal_count=1069210
is_linear=0
shrinkage=0.015715


Tree=293
num_leaves=4
num_cat=0
split_feature=1 0 0
split_gain=9.64812e-05 0.00243559 0.000127562
threshold=0.55217784643173229 0.78888890147209179 0.18333333730697635
decision_type=2 2 2
left_child=1 -1 -2
right_child=2 -3 -4
leaf_value=-1.1998439925936914e-06 0 0 3.5759562096110941e-07
leaf_weight=417367 46859 172743 432241
leaf_count=417367 46859 172743 432241
internal_value=0 0 2.22905e-07
internal_weight=1.06921e+06 590110 479100
internal_count=1069210 590110 479100
is_linear=0
shrinkage=0.015715


Tree=294
num_leaves=2
num_cat=0
split_feature=0
split_gain=9.70615e-05
threshold=0.52500000596046459
decision_type=2
left_child=-1
right_child=-2
leaf_value=0 2.1148550174937956e-07
leaf_weight=533720 535490
leaf_count=533720 535490
internal_value=0
internal_weight=1.06921e+06
internal_count=1069210
is_linear=0
shrinkage=0.015715


Tree=295
num_leaves=4
num_cat=0
split_feature=1 0 0
split_gain=9.43716e-05 0.00146093 0.000321559
threshold=0.41486424207687383 0.84166666865348827 0.18333333730697635
decision_type=2 2 2
left_child=1 -1 -2
right_child=2 -3 -4
leaf_value=-1.0265700077575437e-06 0 0 4.2089801275213736e-07
leaf_weight=341910 63695 84229 579376
leaf_count=341910 63695 84229 579376
internal_value=0 0 1.90307e-07
internal_weight=1.06921e+06 426139 643071
internal_count=1069210 426139 643071
is_linear=0
shrinkage=0.015715


Tree=296
num_leaves=2
num_cat=0
split_feature=0
split_gain=9.38495e-05
threshold=0.52500000596046459
decision_type=2
left_child=-1
right_child=-2
leaf_value=0 2.0795669124901814e-07
leaf_weight=533720 535490
leaf_count=533720 535490
internal_value=0
internal_weight=1.06921e+06
internal_count=1069210
is_linear=0
shrinkage=0.015715


Tree=297
num_leaves=2
num_cat=0
split_feature=0
split_gain=9.09254e-05
threshold=0.52500000596046459
decision_type=2
left_child=-1
right_child=-2
leaf_value=0 2.0469136165774377e-07
leaf_weight=533720 535490
leaf_count=533720 535490
internal_value=0
internal_weight=1.06921e+06
internal_count=1069210
is_linear=0
shrinkage=0.015715


Tree=298
num_leaves=2
num_cat=0
split_feature=0
split_gain=8.80924e-05
threshold=0.52500000596046459
decision_type=2
left_child=-1
right_child=-2
leaf_value=0 2.0147735112510732e-07
leaf_weight=533720 535490
leaf_count=533720 535490
internal_value=0
internal_weight=1.06921e+06
internal_count=1069210
is_linear=0
shrinkage=0.015715


Tree=299
num_leaves=2
num_cat=0
split_feature=0
split_gain=8.53482e-05
threshold=0.52500000596046459
decision_type=2
left_child=-1
right_child=-2
leaf_value=0 1.9831441747622724e-07
leaf_weight=533720 535490
leaf_count=533720 535490
internal_value=0
internal_weight=1.06921e+06
internal_count=1069210
is_linear=0
shrinkage=0.015715


Tree=300
num_leaves=2
num_cat=0
split_feature=0
split_gain=8.26886e-05
threshold=0.52500000596046459
decision_type=2
left_child=-1
right_child=-2
leaf_value=0 1.9519995886761657e-07
leaf_weight=533720 535490
leaf_count=533720 535490
internal_value=0
internal_weight=1.06921e+06
internal_count=1069210
is_linear=0
shrinkage=0.015715


Tree=301
num_leaves=4
num_cat=0
split_feature=1 0 0
split_gain=8.10421e-05 0.00143185 0.000304849
threshold=0.41486424207687383 0.84166666865348827 0.18333333730697635
decision_type=2 2 2
left_child=1 -1 -2
right_child=2 -3 -4
leaf_value=-1.0163022927474733e-06 0 0 4.0541410452062392e-07
leaf_weight=341910 63695 84229 579376
leaf_count=341910 63695 84229 579376
internal_value=0 0 1.76355e-07
internal_weight=1.06921e+06 426139 643071
internal_count=1069210 426139 643071
is_linear=0
shrinkage=0.015715


Tree=302
num_leaves=2
num_cat=0
split_feature=0
split_gain=8.00305e-05
threshold=0.52500000596046459
decision_type=2
left_child=-1
right_child=-2
leaf_value=0 1.9203700230885118e-07
leaf_weight=533720 535490
leaf_count=533720 535490
internal_value=0
internal_weight=1.06921e+06
internal_count=1069210
is_linear=0
shrinkage=0.015715


Tree=303
num_leaves=2
num_cat=0
split_feature=1
split_gain=7.45078e-05
threshold=0.41486424207687383
decision_type=2
left_child=-1
right_child=-2
leaf_value=0 1.6909647557393605e-07
leaf_weight=426139 643071
leaf_count=426139 643071
internal_value=0
internal_weight=1.06921e+06
internal_count=1069210
is_linear=0
shrinkage=0.015715


Tree=304
num_leaves=2
num_cat=0
split_feature=0
split_gain=7.62205e-05
threshold=0.52500000596046459
decision_type=2
left_child=-1
right_child=-2
leaf_value=0 1.8741005599524065e-07
leaf_weight=533720 535490
leaf_count=533720 535490
internal_value=0
internal_weight=1.06921e+06
internal_count=1069210
is_linear=0
shrinkage=0.015715


Tree=305
num_leaves=2
num_cat=0
split_feature=1
split_gain=7.09014e-05
threshold=0.41486424207687383
decision_type=2
left_child=-1
right_child=-2
leaf_value=0 1.6495329738933491e-07
leaf_weight=426139 643071
leaf_count=426139 643071
internal_value=0
internal_weight=1.06921e+06
internal_count=1069210
is_linear=0
shrinkage=0.015715


Tree=306
num_leaves=2
num_cat=0
split_feature=0
split_gain=7.2593e-05
threshold=0.52500000596046459
decision_type=2
left_child=-1
right_child=-2
leaf_value=0 1.8289609600786105e-07
leaf_weight=533720 535490
leaf_count=533720 535490
internal_value=0
internal_weight=1.06921e+06
internal_count=1069210
is_linear=0
shrinkage=0.015715


Tree=307
num_leaves=3
num_cat=0
split_feature=0 1
split_gain=7.04207e-05 0.000186288
threshold=0.60555556416511547 0.6900656819343568
decision_type=2 2
left_child=1 -1
right_child=-2 -3
leaf_value=-3.2148410030408376e-07 2.0131026772277518e-07 0
leaf_weight=444689 428690 195831
leaf_count=444689 428690 195831
internal_value=0 0
internal_weight=1.06921e+06 640520
internal_count=1069210 640520
is_linear=0
shrinkage=0.015715


Tree=308
num_leaves=2
num_cat=0
split_feature=0
split_gain=6.89008e-05
threshold=0.52500000596046459
decision_type=2
left_child=-1
right_child=-2
leaf_value=0 1.7818412424713968e-07
leaf_weight=533720 535490
leaf_count=533720 535490
internal_value=0
internal_weight=1.06921e+06
internal_count=1069210
is_linear=0
shrinkage=0.015715


Tree=309
num_leaves=2
num_cat=0
split_feature=0
split_gain=6.67546e-05
threshold=0.52500000596046459
decision_type=2
left_child=-1
right_child=-2
leaf_value=0 1.7538702958553406e-07
leaf_weight=533720 535490
leaf_count=533720 535490
internal_value=0
internal_weight=1.06921e+06
internal_count=1069210
is_linear=0
shrinkage=0.015715


Tree=310
num_leaves=4
num_cat=0
split_feature=1 0 0
split_gain=6.53973e-05 0.00166395 0.000164548
threshold=0.52440476417541515 0.78888890147209179 0.29285715520381933
decision_type=2 2 2
left_child=1 -1 -2
right_child=2 -3 -4
leaf_value=-1.0238726698432394e-06 0 0 3.7005592648671838e-07
leaf_weight=391544 101363 162066 414237
leaf_count=391544 101363 162066 414237
internal_value=0 0 1.76909e-07
internal_weight=1.06921e+06 553610 515600
internal_count=1069210 553610 515600
is_linear=0
shrinkage=0.015715


Tree=311
num_leaves=2
num_cat=0
split_feature=1
split_gain=6.40709e-05
threshold=0.41486424207687383
decision_type=2
left_child=-1
right_child=-2
leaf_value=0 1.5680650561678376e-07
leaf_weight=426139 643071
leaf_count=426139 643071
internal_value=0
internal_weight=1.06921e+06
internal_count=1069210
is_linear=0
shrinkage=0.015715


Tree=312
num_leaves=2
num_cat=0
split_feature=0
split_gain=6.39314e-05
threshold=0.52500000596046459
decision_type=2
left_child=-1
right_child=-2
leaf_value=0 1.7163828744821445e-07
leaf_weight=533720 535490
leaf_count=533720 535490
internal_value=0
internal_weight=1.06921e+06
internal_count=1069210
is_linear=0
shrinkage=0.015715


Tree=313
num_leaves=2
num_cat=0
split_feature=1
split_gain=6.09839e-05
threshold=0.41486424207687383
decision_type=2
left_child=-1
right_child=-2
leaf_value=0 1.5298225573902093e-07
leaf_weight=426139 643071
leaf_count=426139 643071
internal_value=0
internal_weight=1.06921e+06
internal_count=1069210
is_linear=0
shrinkage=0.015715


Tree=314
num_leaves=2
num_cat=0
split_feature=0
split_gain=6.08757e-05
threshold=0.52500000596046459
decision_type=2
left_child=-1
right_child=-2
leaf_value=0 1.6748618952569527e-07
leaf_weight=533720 535490
leaf_count=533720 535490
internal_value=0
internal_weight=1.06921e+06
internal_count=1069210
is_linear=0
shrinkage=0.015715


Tree=315
num_leaves=2
num_cat=0
split_feature=0
split_gain=5.89788e-05
threshold=0.52500000596046459
decision_type=2
left_child=-1
right_child=-2
leaf_value=0 1.6485602739347864e-07
leaf_weight=533720 535490
leaf_count=533720 535490
internal_value=0
internal_weight=1.06921e+06
internal_count=1069210
is_linear=0
shrinkage=0.015715


Tree=316
num_leaves=2
num_cat=0
split_feature=0
split_gain=5.71413e-05
threshold=0.52500000596046459
decision_type=2
left_child=-1
right_child=-2
leaf_value=0 1.6226771261850642e-07
leaf_weight=533720 535490
leaf_count=533720 535490
internal_value=0
internal_weight=1.06921e+06
internal_count=1069210
is_linear=0
shrinkage=0.015715


Tree=317
num_leaves=4
num_cat=0
split_feature=1 0 0
split_gain=5.60437e-05 0.00136512 0.000270479
threshold=0.41486424207687383 0.84166666865348827 0.18333333730697635
decision_type=2 2 2
left_child=1 -1 -2
right_child=2 -3 -4
leaf_value=-9.9233848969552605e-07 0 0 3.7292624150541679e-07
leaf_weight=341910 63695 84229 579376
leaf_count=341910 63695 84229 579376
internal_value=0 0 1.46655e-07
internal_weight=1.06921e+06 426139 643071
internal_count=1069210 426139 643071
is_linear=0
shrinkage=0.015715


Tree=318
num_leaves=2
num_cat=0
split_feature=0
split_gain=5.54456e-05
threshold=0.52500000596046459
decision_type=2
left_child=-1
right_child=-2
leaf_value=0 1.5984188089585958e-07
leaf_weight=533720 535490
leaf_count=533720 535490
internal_value=0
internal_weight=1.06921e+06
internal_count=1069210
is_linear=0
shrinkage=0.015715


Tree=319
num_leaves=2
num_cat=0
split_feature=0
split_gain=5.37185e-05
threshold=0.52500000596046459
decision_type=2
left_child=-1
right_child=-2
leaf_value=0 1.5733272580563557e-07
leaf_weight=533720 535490
leaf_count=533720 535490
internal_value=0
internal_weight=1.06921e+06
internal_count=1069210
is_linear=0
shrinkage=0.015715


Tree=320
num_leaves=2
num_cat=0
split_feature=0
split_gain=5.20446e-05
threshold=0.52500000596046459
decision_type=2
left_child=-1
right_child=-2
leaf_value=0 1.5486200635137388e-07
leaf_weight=533720 535490
leaf_count=533720 535490
internal_value=0
internal_weight=1.06921e+06
internal_count=1069210
is_linear=0
shrinkage=0.015715


Tree=321
num_leaves=3
num_cat=0
split_feature=0 1
split_gain=5.05317e-05 0.000166772
threshold=0.60555556416511547 0.6900656819343568
decision_type=2 2
left_child=1 -1
right_child=-2 -3
leaf_value=-3.0417850212349791e-07 1.7052885618260644e-07 0
leaf_weight=444689 428690 195831
leaf_count=444689 428690 195831
internal_value=0 0
internal_weight=1.06921e+06 640520
internal_count=1069210 640520
is_linear=0
shrinkage=0.015715


Tree=322
num_leaves=4
num_cat=0
split_feature=1 0 0
split_gain=4.95781e-05 0.00132205 0.000259777
threshold=0.41486424207687383 0.84166666865348827 0.18333333730697635
decision_type=2 2 2
left_child=1 -1 -2
right_child=2 -3 -4
leaf_value=-9.7655899291187459e-07 0 0 3.6298998124689389e-07
leaf_weight=341910 63695 84229 579376
leaf_count=341910 63695 84229 579376
internal_value=0 0 1.37936e-07
internal_weight=1.06921e+06 426139 643071
internal_count=1069210 426139 643071
is_linear=0
shrinkage=0.015715


Tree=323
num_leaves=2
num_cat=0
split_feature=0
split_gain=4.95459e-05
threshold=0.52500000596046459
decision_type=2
left_child=-1
right_child=-2
leaf_value=0 1.5109878622346168e-07
leaf_weight=533720 535490
leaf_count=533720 535490
internal_value=0
internal_weight=1.06921e+06
internal_count=1069210
is_linear=0
shrinkage=0.015715


Tree=324
num_leaves=2
num_cat=0
split_feature=1
split_gain=4.54264e-05
threshold=0.55217784643173229
decision_type=2
left_child=-1
right_child=-2
leaf_value=0 1.5295110862033601e-07
leaf_weight=590110 479100
leaf_count=590110 479100
internal_value=0
internal_weight=1.06921e+06
internal_count=1069210
is_linear=0
shrinkage=0.015715


Tree=325
num_leaves=2
num_cat=0
split_feature=0
split_gain=4.7299e-05
threshold=0.52500000596046459
decision_type=2
left_child=-1
right_child=-2
leaf_value=0 1.4763285985518262e-07
leaf_weight=533720 535490
leaf_count=533720 535490
internal_value=0
internal_weight=1.06921e+06
internal_count=1069210
is_linear=0
shrinkage=0.015715


Tree=326
num_leaves=2
num_cat=0
split_feature=0
split_gain=4.58251e-05
threshold=0.52500000596046459
decision_type=2
left_child=-1
right_child=-2
leaf_value=0 1.4531438442034885e-07
leaf_weight=533720 535490
leaf_count=533720 535490
internal_value=0
internal_weight=1.06921e+06
internal_count=1069210
is_linear=0
shrinkage=0.015715


Tree=327
num_leaves=2
num_cat=0
split_feature=0
split_gain=4.4397e-05
threshold=0.52500000596046459
decision_type=2
left_child=-1
right_child=-2
leaf_value=0 1.4303223595707575e-07
leaf_weight=533720 535490
leaf_count=533720 535490
internal_value=0
internal_weight=1.06921e+06
internal_count=1069210
is_linear=0
shrinkage=0.015715


Tree=328
num_leaves=2
num_cat=0
split_feature=0
split_gain=4.3014e-05
threshold=0.52500000596046459
decision_type=2
left_child=-1
right_child=-2
leaf_value=0 1.4078686549297578e-07
leaf_weight=533720 535490
leaf_count=533720 535490
internal_value=0
internal_weight=1.06921e+06
internal_count=1069210
is_linear=0
shrinkage=0.015715


Tree=329
num_leaves=3
num_cat=0
split_feature=0 1
split_gain=4.16776e-05 0.000156707
threshold=0.60555556416511547 0.6900656819343568
decision_type=2 2
left_child=1 -1
right_child=-2 -3
leaf_value=-2.9485693375704038e-07 1.5487002301711778e-07 0
leaf_weight=444689 428690 195831
leaf_count=444689 428690 195831
internal_value=0 0
internal_weight=1.06921e+06 640520
internal_count=1069210 640520
is_linear=0
shrinkage=0.015715


Tree=330
num_leaves=4
num_cat=0
split_feature=1 0 0
split_gain=4.12699e-05 0.00218354 8.92999e-05
threshold=0.55217784643173229 0.78888890147209179 0.18333333730697635
decision_type=2 2 2
left_child=1 -1 -2
right_child=2 -3 -4
leaf_value=-1.1360645500891008e-06 0 0 2.7299061934785471e-07
leaf_weight=417367 46859 172743 432241
leaf_count=417367 46859 172743 432241
internal_value=0 0 1.45786e-07
internal_weight=1.06921e+06 590110 479100
internal_count=1069210 590110 479100
is_linear=0
shrinkage=0.015715


Tree=331
num_leaves=2
num_cat=0
split_feature=0
split_gain=4.20896e-05
threshold=0.52500000596046459
decision_type=2
left_child=-1
right_child=-2
leaf_value=0 1.3926585402710585e-07
leaf_weight=533720 535490
leaf_count=533720 535490
internal_value=0
internal_weight=1.06921e+06
internal_count=1069210
is_linear=0
shrinkage=0.015715


Tree=332
num_leaves=2
num_cat=0
split_feature=0
split_gain=4.07785e-05
threshold=0.52500000596046459
decision_type=2
left_child=-1
right_child=-2
leaf_value=0 1.3707959322384335e-07
leaf_weight=533720 535490
leaf_count=533720 535490
internal_value=0
internal_weight=1.06921e+06
internal_count=1069210
is_linear=0
shrinkage=0.015715


Tree=333
num_leaves=2
num_cat=0
split_feature=1
split_gain=3.99001e-05
threshold=0.41486424207687383
decision_type=2
left_child=-1
right_child=-2
leaf_value=0 1.2374303461601015e-07
leaf_weight=426139 643071
leaf_count=426139 643071
internal_value=0
internal_weight=1.06921e+06
internal_count=1069210
is_linear=0
shrinkage=0.015715


Tree=334
num_leaves=2
num_cat=0
split_feature=0
split_gain=3.88203e-05
threshold=0.52500000596046459
decision_type=2
left_child=-1
right_child=-2
leaf_value=0 1.3374771580337786e-07
leaf_weight=533720 535490
leaf_count=533720 535490
internal_value=0
internal_weight=1.06921e+06
internal_count=1069210
is_linear=0
shrinkage=0.015715


Tree=335
num_leaves=4
num_cat=0
split_feature=1 0 0
split_gain=3.79861e-05 0.00124909 0.000239106
threshold=0.41486424207687383 0.84166666865348827 0.18333333730697635
decision_type=2 2 2
left_child=1 -1 -2
right_child=2 -3 -4
leaf_value=-9.4922919447724057e-07 0 0 3.4354084482613321e-07
leaf_weight=341910 63695 84229 579376
leaf_count=341910 63695 84229 579376
internal_value=0 0 1.20739e-07
internal_weight=1.06921e+06 426139 643071
internal_count=1069210 426139 643071
is_linear=0
shrinkage=0.015715


Tree=336
num_leaves=2
num_cat=0
split_feature=0
split_gain=3.77491e-05
threshold=0.52500000596046459
decision_type=2
left_child=-1
right_child=-2
leaf_value=0 1.318895306395808e-07
leaf_weight=533720 535490
leaf_count=533720 535490
internal_value=0
internal_weight=1.06921e+06
internal_count=1069210
is_linear=0
shrinkage=0.015715


Tree=337
num_leaves=2
num_cat=0
split_feature=0
split_gain=3.6573e-05
threshold=0.52500000596046459
decision_type=2
left_child=-1
right_child=-2
leaf_value=0 1.29818655987723e-07
leaf_weight=533720 535490
leaf_count=533720 535490
internal_value=0
internal_weight=1.06921e+06
internal_count=1069210
is_linear=0
shrinkage=0.015715


Tree=338
num_leaves=2
num_cat=0
split_feature=0
split_gain=3.54336e-05
threshold=0.52500000596046459
decision_type=2
left_child=-1
right_child=-2
leaf_value=0 1.2778050487286761e-07
leaf_weight=533720 535490
leaf_count=533720 535490
internal_value=0
internal_weight=1.06921e+06
internal_count=1069210
is_linear=0
shrinkage=0.015715


Tree=339
num_leaves=2
num_cat=0
split_feature=0
split_gain=3.433e-05
threshold=0.52500000596046459
decision_type=2
left_child=-1
right_child=-2
leaf_value=0 1.2577482330732398e-07
leaf_weight=533720 535490
leaf_count=533720 535490
internal_value=0
internal_weight=1.06921e+06
internal_count=1069210
is_linear=0
shrinkage=0.015715


Tree=340
num_leaves=2
num_cat=0
split_feature=0
split_gain=3.326e-05
threshold=0.52500000596046459
decision_type=2
left_child=-1
right_child=-2
leaf_value=0 1.237992281304631e-07
leaf_weight=533720 535490
leaf_count=533720 535490
internal_value=0
internal_weight=1.06921e+06
internal_count=1069210
is_linear=0
shrinkage=0.015715


Tree=341
num_leaves=2
num_cat=0
split_feature=0
split_gain=3.22239e-05
threshold=0.52500000596046459
decision_type=2
left_child=-1
right_child=-2
leaf_value=0 1.218557044161153e-07
leaf_weight=533720 535490
leaf_count=533720 535490
internal_value=0
internal_weight=1.06921e+06
internal_count=1069210
is_linear=0
shrinkage=0.015715


Tree=342
num_leaves=2
num_cat=0
split_feature=0
split_gain=3.12196e-05
threshold=0.52500000596046459
decision_type=2
left_child=-1
right_child=-2
leaf_value=0 1.1994175547011958e-07
leaf_weight=533720 535490
leaf_count=533720 535490
internal_value=0
internal_weight=1.06921e+06
internal_count=1069210
is_linear=0
shrinkage=0.015715


Tree=343
num_leaves=4
num_cat=0
split_feature=1 0 0
split_gain=3.08954e-05 0.00122346 0.000225386
threshold=0.41486424207687383 0.84166666865348827 0.18333333730697635
decision_type=2 2 2
left_child=1 -1 -2
right_child=2 -3 -4
leaf_value=-9.394386682451768e-07 0 0 3.3038859777512983e-07
leaf_weight=341910 63695 84229 579376
leaf_count=341910 63695 84229 579376
internal_value=0 0 1.08888e-07
internal_weight=1.06921e+06 426139 643071
internal_count=1069210 426139 643071
is_linear=0
shrinkage=0.015715


Tree=344
num_leaves=2
num_cat=0
split_feature=1
split_gain=2.82994e-05
threshold=0.41486424207687383
decision_type=2
left_child=-1
right_child=-2
leaf_value=0 1.0421307335515282e-07
leaf_weight=426139 643071
leaf_count=426139 643071
internal_value=0
internal_weight=1.06921e+06
internal_count=1069210
is_linear=0
shrinkage=0.015715


Tree=345
num_leaves=2
num_cat=0
split_feature=0
split_gain=2.99092e-05
threshold=0.52500000596046459
decision_type=2
left_child=-1
right_child=-2
leaf_value=0 1.1739766004570034e-07
leaf_weight=533720 535490
leaf_count=533720 535490
internal_value=0
internal_weight=1.06921e+06
internal_count=1069210
is_linear=0
shrinkage=0.015715


Tree=346
num_leaves=2
num_cat=0
split_feature=0
split_gain=2.89777e-05
threshold=0.52500000596046459
decision_type=2
left_child=-1
right_child=-2
leaf_value=0 1.1555505211802567e-07
leaf_weight=533720 535490
leaf_count=533720 535490
internal_value=0
internal_weight=1.06921e+06
internal_count=1069210
is_linear=0
shrinkage=0.015715


Tree=347
num_leaves=2
num_cat=0
split_feature=0
split_gain=2.80742e-05
threshold=0.52500000596046459
decision_type=2
left_child=-1
right_child=-2
leaf_value=0 1.1373941984415067e-07
leaf_weight=533720 535490
leaf_count=533720 535490
internal_value=0
internal_weight=1.06921e+06
internal_count=1069210
is_linear=0
shrinkage=0.015715


Tree=348
num_leaves=2
num_cat=0
split_feature=0
split_gain=2.71998e-05
threshold=0.52500000596046459
decision_type=2
left_child=-1
right_child=-2
leaf_value=0 1.1195414003363617e-07
leaf_weight=533720 535490
leaf_count=533720 535490
internal_value=0
internal_weight=1.06921e+06
internal_count=1069210
is_linear=0
shrinkage=0.015715


Tree=349
num_leaves=2
num_cat=0
split_feature=0
split_gain=2.63524e-05
threshold=0.52500000596046459
decision_type=2
left_child=-1
right_child=-2
leaf_value=0 1.1019622232979621e-07
leaf_weight=533720 535490
leaf_count=533720 535490
internal_value=0
internal_weight=1.06921e+06
internal_count=1069210
is_linear=0
shrinkage=0.015715


Tree=350
num_leaves=2
num_cat=0
split_feature=0
split_gain=2.55316e-05
threshold=0.52500000596046459
decision_type=2
left_child=-1
right_child=-2
leaf_value=0 1.0846652694420888e-07
leaf_weight=533720 535490
leaf_count=533720 535490
internal_value=0
internal_weight=1.06921e+06
internal_count=1069210
is_linear=0
shrinkage=0.015715


Tree=351
num_leaves=2
num_cat=0
split_feature=0
split_gain=2.47357e-05
threshold=0.52500000596046459
decision_type=2
left_child=-1
right_child=-2
leaf_value=0 1.0676252714885862e-07
leaf_weight=533720 535490
leaf_count=533720 535490
internal_value=0
internal_weight=1.06921e+06
internal_count=1069210
is_linear=0
shrinkage=0.015715


Tree=352
num_leaves=4
num_cat=0
split_feature=1 0 0
split_gain=2.44457e-05 0.00208305 7.32671e-05
threshold=0.55217784643173229 0.78888890147209179 0.18333333730697635
decision_type=2 2 2
left_child=1 -1 -2
right_child=2 -3 -4
leaf_value=-1.1096136183376527e-06 0 0 2.3615761837530802e-07
leaf_weight=417367 46859 172743 432241
leaf_count=417367 46859 172743 432241
internal_value=0 0 1.12202e-07
internal_weight=1.06921e+06 590110 479100
internal_count=1069210 590110 479100
is_linear=0
shrinkage=0.015715


Tree=353
num_leaves=2
num_cat=0
split_feature=1
split_gain=2.45223e-05
threshold=0.41486424207687383
decision_type=2
left_child=-1
right_child=-2
leaf_value=0 9.7009483628106122e-08
leaf_weight=426139 643071
leaf_count=426139 643071
internal_value=0
internal_weight=1.06921e+06
internal_count=1069210
is_linear=0
shrinkage=0.015715


Tree=354
num_leaves=2
num_cat=0
split_feature=0
split_gain=2.45382e-05
threshold=0.52500000596046459
decision_type=2
left_child=-1
right_child=-2
leaf_value=0 1.0633544836124003e-07
leaf_weight=533720 535490
leaf_count=533720 535490
internal_value=0
internal_weight=1.06921e+06
internal_count=1069210
is_linear=0
shrinkage=0.015715


Tree=355
num_leaves=2
num_cat=0
split_feature=0
split_gain=2.37739e-05
threshold=0.52500000596046459
decision_type=2
left_child=-1
right_child=-2
leaf_value=0 1.0466633457750565e-07
leaf_weight=533720 535490
leaf_count=533720 535490
internal_value=0
internal_weight=1.06921e+06
internal_count=1069210
is_linear=0
shrinkage=0.015715


Tree=356
num_leaves=2
num_cat=0
split_feature=0
split_gain=2.30331e-05
threshold=0.52500000596046459
decision_type=2
left_child=-1
right_child=-2
leaf_value=0 1.0302274068601384e-07
leaf_weight=533720 535490
leaf_count=533720 535490
internal_value=0
internal_weight=1.06921e+06
internal_count=1069210
is_linear=0
shrinkage=0.015715


Tree=357
num_leaves=4
num_cat=0
split_feature=1 0 0
split_gain=2.25342e-05 0.00116246 0.000206878
threshold=0.41486424207687383 0.84166666865348827 0.18333333730697635
decision_type=2 2 2
left_child=1 -1 -2
right_child=2 -3 -4
leaf_value=-9.1571947151718295e-07 0 0 3.1258957462312748e-07
leaf_weight=341910 63695 84229 579376
leaf_count=341910 63695 84229 579376
internal_value=0 0 9.2994e-08
internal_weight=1.06921e+06 426139 643071
internal_count=1069210 426139 643071
is_linear=0
shrinkage=0.015715


Tree=358
num_leaves=2
num_cat=0
split_feature=0
split_gain=2.24978e-05
threshold=0.52500000596046459
decision_type=2
left_child=-1
right_child=-2
leaf_value=0 1.0181856096212447e-07
leaf_weight=533720 535490
leaf_count=533720 535490
internal_value=0
internal_weight=1.06921e+06
internal_count=1069210
is_linear=0
shrinkage=0.015715


Tree=359
num_leaves=2
num_cat=0
split_feature=0
split_gain=2.1797e-05
threshold=0.52500000596046459
decision_type=2
left_child=-1
right_child=-2
leaf_value=0 1.0022015739709252e-07
leaf_weight=533720 535490
leaf_count=533720 535490
internal_value=0
internal_weight=1.06921e+06
internal_count=1069210
is_linear=0
shrinkage=0.015715


Tree=360
num_leaves=2
num_cat=0
split_feature=0
split_gain=2.11177e-05
threshold=0.52500000596046459
decision_type=2
left_child=-1
right_child=-2
leaf_value=0 9.8646174568733117e-08
leaf_weight=533720 535490
leaf_count=533720 535490
internal_value=0
internal_weight=1.06921e+06
internal_count=1069210
is_linear=0
shrinkage=0.015715


Tree=361
num_leaves=2
num_cat=0
split_feature=0
split_gain=2.04598e-05
threshold=0.52500000596046459
decision_type=2
left_child=-1
right_child=-2
leaf_value=0 9.7097499968770848e-08
leaf_weight=533720 535490
leaf_count=533720 535490
internal_value=0
internal_weight=1.06921e+06
internal_count=1069210
is_linear=0
shrinkage=0.015715


Tree=362
num_leaves=2
num_cat=0
split_feature=0
split_gain=1.98221e-05
threshold=0.52500000596046459
decision_type=2
left_child=-1
right_child=-2
leaf_value=0 9.5572261482603001e-08
leaf_weight=533720 535490
leaf_count=533720 535490
internal_value=0
internal_weight=1.06921e+06
internal_count=1069210
is_linear=0
shrinkage=0.015715


Tree=363
num_leaves=2
num_cat=0
split_feature=0
split_gain=1.92048e-05
threshold=0.52500000596046459
decision_type=2
left_child=-1
right_child=-2
leaf_value=0 9.4072386282395935e-08
leaf_weight=533720 535490
leaf_count=533720 535490
internal_value=0
internal_weight=1.06921e+06
internal_count=1069210
is_linear=0
shrinkage=0.015715


Tree=364
num_leaves=2
num_cat=0
split_feature=0
split_gain=1.86063e-05
threshold=0.52500000596046459
decision_type=2
left_child=-1
right_child=-2
leaf_value=0 9.2594821673491264e-08
leaf_weight=533720 535490
leaf_count=533720 535490
internal_value=0
internal_weight=1.06921e+06
internal_count=1069210
is_linear=0
shrinkage=0.015715


Tree=365
num_leaves=2
num_cat=0
split_feature=1
split_gain=1.80271e-05
threshold=0.41486424207687383
decision_type=2
left_child=-1
right_child=-2
leaf_value=0 8.3175655433830234e-08
leaf_weight=426139 643071
leaf_count=426139 643071
internal_value=0
internal_weight=1.06921e+06
internal_count=1069210
is_linear=0
shrinkage=0.015715


Tree=366
num_leaves=2
num_cat=0
split_feature=0
split_gain=1.77146e-05
threshold=0.52500000596046459
decision_type=2
left_child=-1
right_child=-2
leaf_value=0 9.0348754146105049e-08
leaf_weight=533720 535490
leaf_count=533720 535490
internal_value=0
internal_weight=1.06921e+06
internal_count=1069210
is_linear=0
shrinkage=0.015715


Tree=367
num_leaves=3
num_cat=0
split_feature=0 1
split_gain=1.71826e-05 0.000116231
threshold=0.60555556416511547 0.6900656819343568
decision_type=2 2
left_child=1 -1
right_child=-2 -3
leaf_value=-2.5393808002877242e-07 9.9439804377206628e-08 0
leaf_weight=444689 428690 195831
leaf_count=444689 428690 195831
internal_value=0 0
internal_weight=1.06921e+06 640520
internal_count=1069210 640520
is_linear=0
shrinkage=0.015715


Tree=368
num_leaves=4
num_cat=0
split_feature=1 0 0
split_gain=1.73839e-05 0.00113087 0.000193862
threshold=0.41486424207687383 0.84166666865348827 0.18333333730697635
decision_type=2 2 2
left_child=1 -1 -2
right_child=2 -3 -4
leaf_value=-9.031924739207047e-07 0 0 2.9995763710460216e-07
leaf_weight=341910 63695 84229 579376
leaf_count=341910 63695 84229 579376
internal_value=0 0 8.16783e-08
internal_weight=1.06921e+06 426139 643071
internal_count=1069210 426139 643071
is_linear=0
shrinkage=0.015715


Tree=369
num_leaves=2
num_cat=0
split_feature=1
split_gain=1.56242e-05
threshold=0.41486424207687383
decision_type=2
left_child=-1
right_child=-2
leaf_value=0 7.7434219508532936e-08
leaf_weight=426139 643071
leaf_count=426139 643071
internal_value=0
internal_weight=1.06921e+06
internal_count=1069210
is_linear=0
shrinkage=0.015715


Tree=370
num_leaves=2
num_cat=0
split_feature=0
split_gain=1.67962e-05
threshold=0.52500000596046459
decision_type=2
left_child=-1
right_child=-2
leaf_value=0 8.7975668732456091e-08
leaf_weight=533720 535490
leaf_count=533720 535490
internal_value=0
internal_weight=1.06921e+06
internal_count=1069210
is_linear=0
shrinkage=0.015715


Tree=371
num_leaves=2
num_cat=0
split_feature=0
split_gain=1.6273e-05
threshold=0.52500000596046459
decision_type=2
left_child=-1
right_child=-2
leaf_value=0 8.6594526172866219e-08
leaf_weight=533720 535490
leaf_count=533720 535490
internal_value=0
internal_weight=1.06921e+06
internal_count=1069210
is_linear=0
shrinkage=0.015715


Tree=372
num_leaves=2
num_cat=0
split_feature=0
split_gain=1.57658e-05
threshold=0.52500000596046459
decision_type=2
left_child=-1
right_child=-2
leaf_value=0 8.5234480853900163e-08
leaf_weight=533720 535490
leaf_count=533720 535490
internal_value=0
internal_weight=1.06921e+06
internal_count=1069210
is_linear=0
shrinkage=0.015715


Tree=373
num_leaves=2
num_cat=0
split_feature=0
split_gain=1.52745e-05
threshold=0.52500000596046459
decision_type=2
left_child=-1
right_child=-2
leaf_value=0 8.3895804779144305e-08
leaf_weight=533720 535490
leaf_count=533720 535490
internal_value=0
internal_weight=1.06921e+06
internal_count=1069210
is_linear=0
shrinkage=0.015715


Tree=374
num_leaves=2
num_cat=0
split_feature=1
split_gain=1.40737e-05
threshold=0.41486424207687383
decision_type=2
left_child=-1
right_child=-2
leaf_value=0 7.3491566835748001e-08
leaf_weight=426139 643071
leaf_count=426139 643071
internal_value=0
internal_weight=1.06921e+06
internal_count=1069210
is_linear=0
shrinkage=0.015715


Tree=375
num_leaves=2
num_cat=0
split_feature=0
split_gain=1.45488e-05
threshold=0.52500000596046459
decision_type=2
left_child=-1
right_child=-2
leaf_value=0 8.1878638373115735e-08
leaf_weight=533720 535490
leaf_count=533720 535490
internal_value=0
internal_weight=1.06921e+06
internal_count=1069210
is_linear=0
shrinkage=0.015715


Tree=376
num_leaves=2
num_cat=0
split_feature=1
split_gain=1.3391e-05
threshold=0.41486424207687383
decision_type=2
left_child=-1
right_child=-2
leaf_value=0 7.1687087563053224e-08
leaf_weight=426139 643071
leaf_count=426139 643071
internal_value=0
internal_weight=1.06921e+06
internal_count=1069210
is_linear=0
shrinkage=0.015715


Tree=377
num_leaves=2
num_cat=0
split_feature=0
split_gain=1.38574e-05
threshold=0.52500000596046459
decision_type=2
left_child=-1
right_child=-2
leaf_value=0 7.9909548692088235e-08
leaf_weight=533720 535490
leaf_count=533720 535490
internal_value=0
internal_weight=1.06921e+06
internal_count=1069210
is_linear=0
shrinkage=0.015715


Tree=378
num_leaves=2
num_cat=0
split_feature=0
split_gain=1.34257e-05
threshold=0.52500000596046459
decision_type=2
left_child=-1
right_child=-2
leaf_value=0 7.8654912772706372e-08
leaf_weight=533720 535490
leaf_count=533720 535490
internal_value=0
internal_weight=1.06921e+06
internal_count=1069210
is_linear=0
shrinkage=0.015715


Tree=379
num_leaves=2
num_cat=0
split_feature=0
split_gain=1.30076e-05
threshold=0.52500000596046459
decision_type=2
left_child=-1
right_child=-2
leaf_value=0 7.7420464933715616e-08
leaf_weight=533720 535490
leaf_count=533720 535490
internal_value=0
internal_weight=1.06921e+06
internal_count=1069210
is_linear=0
shrinkage=0.015715


Tree=380
num_leaves=2
num_cat=0
split_feature=1
split_gain=1.2422e-05
threshold=0.55217784643173229
decision_type=2
left_child=-1
right_child=-2
leaf_value=0 7.9982168291183956e-08
leaf_weight=590110 479100
leaf_count=590110 479100
internal_value=0
internal_weight=1.06921e+06
internal_count=1069210
is_linear=0
shrinkage=0.015715


Tree=381
num_leaves=3
num_cat=0
split_feature=0 1
split_gain=1.24702e-05 0.000109788
threshold=0.60555556416511547 0.6900656819343568
decision_type=2 2
left_child=1 -1
right_child=-2 -3
leaf_value=-2.4679969647654081e-07 8.4713419062927094e-08 0
leaf_weight=444689 428690 195831
leaf_count=444689 428690 195831
internal_value=0 0
internal_weight=1.06921e+06 640520
internal_count=1069210 640520
is_linear=0
shrinkage=0.015715


Tree=382
num_leaves=2
num_cat=0
split_feature=0
split_gain=1.2239e-05
threshold=0.52500000596046459
decision_type=2
left_child=-1
right_child=-2
leaf_value=0 7.5098256259944873e-08
leaf_weight=533720 535490
leaf_count=533720 535490
internal_value=0
internal_weight=1.06921e+06
internal_count=1069210
is_linear=0
shrinkage=0.015715


Tree=383
num_leaves=4
num_cat=0
split_feature=1 0 0
split_gain=1.19583e-05 0.00109979 0.000178434
threshold=0.41486424207687383 0.84166666865348827 0.18333333730697635
decision_type=2 2 2
left_child=1 -1 -2
right_child=2 -3 -4
leaf_value=-8.9069498840421633e-07 0 0 2.847675587546269e-07
leaf_weight=341910 63695 84229 579376
leaf_count=341910 63695 84229 579376
internal_value=0 0 6.77438e-08
internal_weight=1.06921e+06 426139 643071
internal_count=1069210 426139 643071
is_linear=0
shrinkage=0.015715


Tree=384
num_leaves=2
num_cat=0
split_feature=0
split_gain=1.20463e-05
threshold=0.52500000596046459
decision_type=2
left_child=-1
right_child=-2
leaf_value=0 7.4504641029923635e-08
leaf_weight=533720 535490
leaf_count=533720 535490
internal_value=0
internal_weight=1.06921e+06
internal_count=1069210
is_linear=0
shrinkage=0.015715


Tree=385
num_leaves=2
num_cat=0
split_feature=0
split_gain=1.16709e-05
threshold=0.52500000596046459
decision_type=2
left_child=-1
right_child=-2
leaf_value=0 7.3334765450365759e-08
leaf_weight=533720 535490
leaf_count=533720 535490
internal_value=0
internal_weight=1.06921e+06
internal_count=1069210
is_linear=0
shrinkage=0.015715


Tree=386
num_leaves=2
num_cat=0
split_feature=0
split_gain=1.13071e-05
threshold=0.52500000596046459
decision_type=2
left_child=-1
right_child=-2
leaf_value=0 7.2182641033693674e-08
leaf_weight=533720 535490
leaf_count=533720 535490
internal_value=0
internal_weight=1.06921e+06
internal_count=1069210
is_linear=0
shrinkage=0.015715


Tree=387
num_leaves=2
num_cat=0
split_feature=0
split_gain=1.09551e-05
threshold=0.52500000596046459
decision_type=2
left_child=-1
right_child=-2
leaf_value=0 7.1050028659930145e-08
leaf_weight=533720 535490
leaf_count=533720 535490
internal_value=0
internal_weight=1.06921e+06
internal_count=1069210
is_linear=0
shrinkage=0.015715


Tree=388
num_leaves=2
num_cat=0
split_feature=0
split_gain=1.06139e-05
threshold=0.52500000596046459
decision_type=2
left_child=-1
right_child=-2
leaf_value=0 6.9934885172936298e-08
leaf_weight=533720 535490
leaf_count=533720 535490
internal_value=0
internal_weight=1.06921e+06
internal_count=1069210
is_linear=0
shrinkage=0.015715


Tree=389
num_leaves=2
num_cat=0
split_feature=0
split_gain=1.02832e-05
threshold=0.52500000596046459
decision_type=2
left_child=-1
right_child=-2
leaf_value=0 6.8836803320561455e-08
leaf_weight=533720 535490
leaf_count=533720 535490
internal_value=0
internal_weight=1.06921e+06
internal_count=1069210
is_linear=0
shrinkage=0.015715


Tree=390
num_leaves=2
num_cat=0
split_feature=0
split_gain=9.96263e-06
threshold=0.52500000596046459
decision_type=2
left_child=-1
right_child=-2
leaf_value=0 6.7755402295642453e-08
leaf_weight=533720 535490
leaf_count=533720 535490
internal_value=0
internal_weight=1.06921e+06
internal_count=1069210
is_linear=0
shrinkage=0.015715


Tree=391
num_leaves=2
num_cat=0
split_feature=0
split_gain=9.65201e-06
threshold=0.52500000596046459
decision_type=2
left_child=-1
right_child=-2
leaf_value=0 6.6690801278612328e-08
leaf_weight=533720 535490
leaf_count=533720 535490
internal_value=0
internal_weight=1.06921e+06
internal_count=1069210
is_linear=0
shrinkage=0.015715


Tree=392
num_leaves=4
num_cat=0
split_feature=1 0 0
split_gain=9.4448e-06 0.00194039 5.35746e-05
threshold=0.55217784643173229 0.78888890147209179 0.18333333730697635
decision_type=2 2 2
left_child=1 -1 -2
right_child=2 -3 -4
leaf_value=-1.0709436998368046e-06 0 0 1.8965469500276357e-07
leaf_weight=417367 46859 172743 432241
leaf_count=417367 46859 172743 432241
internal_value=0 0 6.9742e-08
internal_weight=1.06921e+06 590110 479100
internal_count=1069210 590110 479100
is_linear=0
shrinkage=0.015715


Tree=393
num_leaves=2
num_cat=0
split_feature=0
split_gain=1.00396e-05
threshold=0.52500000596046459
decision_type=2
left_child=-1
right_child=-2
leaf_value=0 6.8016547170083757e-08
leaf_weight=533720 535490
leaf_count=533720 535490
internal_value=0
internal_weight=1.06921e+06
internal_count=1069210
is_linear=0
shrinkage=0.015715


Tree=394
num_leaves=2
num_cat=0
split_feature=0
split_gain=9.72663e-06
threshold=0.52500000596046459
decision_type=2
left_child=-1
right_child=-2
leaf_value=0 6.6948089562984224e-08
leaf_weight=533720 535490
leaf_count=533720 535490
internal_value=0
internal_weight=1.06921e+06
internal_count=1069210
is_linear=0
shrinkage=0.015715


Tree=395
num_leaves=2
num_cat=0
split_feature=0
split_gain=9.42364e-06
threshold=0.52500000596046459
decision_type=2
left_child=-1
right_child=-2
leaf_value=0 6.5897109216161415e-08
leaf_weight=533720 535490
leaf_count=533720 535490
internal_value=0
internal_weight=1.06921e+06
internal_count=1069210
is_linear=0
shrinkage=0.015715


Tree=396
num_leaves=2
num_cat=0
split_feature=0
split_gain=9.12991e-06
threshold=0.52500000596046459
decision_type=2
left_child=-1
right_child=-2
leaf_value=0 6.4861997557591537e-08
leaf_weight=533720 535490
leaf_count=533720 535490
internal_value=0
internal_weight=1.06921e+06
internal_count=1069210
is_linear=0
shrinkage=0.015715


Tree=397
num_leaves=2
num_cat=0
split_feature=0
split_gain=8.84542e-06
threshold=0.52500000596046459
decision_type=2
left_child=-1
right_child=-2
leaf_value=0 6.3843426778415928e-08
leaf_weight=533720 535490
leaf_count=533720 535490
internal_value=0
internal_weight=1.06921e+06
internal_count=1069210
is_linear=0
shrinkage=0.015715


Tree=398
num_leaves=2
num_cat=0
split_feature=1
split_gain=8.66277e-06
threshold=0.41486424207687383
decision_type=2
left_child=-1
right_child=-2
leaf_value=0 5.7658309333442853e-08
leaf_weight=426139 643071
leaf_count=426139 643071
internal_value=0
internal_weight=1.06921e+06
internal_count=1069210
is_linear=0
shrinkage=0.015715


Tree=399
num_leaves=2
num_cat=0
split_feature=0
split_gain=8.42087e-06
threshold=0.52500000596046459
decision_type=2
left_child=-1
right_child=-2
leaf_value=0 6.2292448475226125e-08
leaf_weight=533720 535490
leaf_count=533720 535490
internal_value=0
internal_weight=1.06921e+06
internal_count=1069210
is_linear=0
shrinkage=0.015715


Tree=400
num_leaves=4
num_cat=0
split_feature=1 0 0
split_gain=8.24716e-06 0.00104314 0.000164984
threshold=0.41486424207687383 0.84166666865348827 0.18333333730697635
decision_type=2 2 2
left_child=1 -1 -2
right_child=2 -3 -4
leaf_value=-8.6745080391912308e-07 0 0 2.7163114662098043e-07
leaf_weight=341910 63695 84229 579376
leaf_count=341910 63695 84229 579376
internal_value=0 0 5.62582e-08
internal_weight=1.06921e+06 426139 643071
internal_count=1069210 426139 643071
is_linear=0
shrinkage=0.015715


Tree=401
num_leaves=2
num_cat=0
split_feature=0
split_gain=8.32539e-06
threshold=0.52500000596046459
decision_type=2
left_child=-1
right_child=-2
leaf_value=0 6.1938297142410843e-08
leaf_weight=533720 535490
leaf_count=533720 535490
internal_value=0
internal_weight=1.06921e+06
internal_count=1069210
is_linear=0
shrinkage=0.015715


Tree=402
num_leaves=2
num_cat=0
split_feature=0
split_gain=8.06603e-06
threshold=0.52500000596046459
decision_type=2
left_child=-1
right_child=-2
leaf_value=0 6.0965896314137016e-08
leaf_weight=533720 535490
leaf_count=533720 535490
internal_value=0
internal_weight=1.06921e+06
internal_count=1069210
is_linear=0
shrinkage=0.015715


Tree=403
num_leaves=2
num_cat=0
split_feature=0
split_gain=7.81483e-06
threshold=0.52500000596046459
decision_type=2
left_child=-1
right_child=-2
leaf_value=0 6.0009053922692086e-08
leaf_weight=533720 535490
leaf_count=533720 535490
internal_value=0
internal_weight=1.06921e+06
internal_count=1069210
is_linear=0
shrinkage=0.015715


Tree=404
num_leaves=2
num_cat=0
split_feature=0
split_gain=7.5714e-06
threshold=0.52500000596046459
decision_type=2
left_child=-1
right_child=-2
leaf_value=0 5.9067010403583226e-08
leaf_weight=533720 535490
leaf_count=533720 535490
internal_value=0
internal_weight=1.06921e+06
internal_count=1069210
is_linear=0
shrinkage=0.015715


Tree=405
num_leaves=2
num_cat=0
split_feature=0
split_gain=7.33539e-06
threshold=0.52500000596046459
decision_type=2
left_child=-1
right_child=-2
leaf_value=0 5.8139155480622047e-08
leaf_weight=533720 535490
leaf_count=533720 535490
internal_value=0
internal_weight=1.06921e+06
internal_count=1069210
is_linear=0
shrinkage=0.015715


Tree=406
num_leaves=2
num_cat=0
split_feature=0
split_gain=7.10676e-06
threshold=0.52500000596046459
decision_type=2
left_child=-1
right_child=-2
leaf_value=0 5.7225932382840943e-08
leaf_weight=533720 535490
leaf_count=533720 535490
internal_value=0
internal_weight=1.06921e+06
internal_count=1069210
is_linear=0
shrinkage=0.015715


Tree=407
num_leaves=2
num_cat=0
split_feature=0
split_gain=6.88546e-06
threshold=0.52500000596046459
decision_type=2
left_child=-1
right_child=-2
leaf_value=0 5.6327901217512977e-08
leaf_weight=533720 535490
leaf_count=533720 535490
internal_value=0
internal_weight=1.06921e+06
internal_count=1069210
is_linear=0
shrinkage=0.015715


Tree=408
num_leaves=2
num_cat=0
split_feature=0
split_gain=6.67103e-06
threshold=0.52500000596046459
decision_type=2
left_child=-1
right_child=-2
leaf_value=0 5.5443881834669127e-08
leaf_weight=533720 535490
leaf_count=533720 535490
internal_value=0
internal_weight=1.06921e+06
internal_count=1069210
is_linear=0
shrinkage=0.015715


Tree=409
num_leaves=2
num_cat=0
split_feature=0
split_gain=6.46314e-06
threshold=0.52500000596046459
decision_type=2
left_child=-1
right_child=-2
leaf_value=0 5.4573102212645478e-08
leaf_weight=533720 535490
leaf_count=533720 535490
internal_value=0
internal_weight=1.06921e+06
internal_count=1069210
is_linear=0
shrinkage=0.015715


Tree=410
num_leaves=2
num_cat=0
split_feature=0
split_gain=6.26162e-06
threshold=0.52500000596046459
decision_type=2
left_child=-1
right_child=-2
leaf_value=0 5.3715612934384456e-08
leaf_weight=533720 535490
leaf_count=533720 535490
internal_value=0
internal_weight=1.06921e+06
internal_count=1069210
is_linear=0
shrinkage=0.015715


Tree=411
num_leaves=2
num_cat=0
split_feature=0
split_gain=6.06661e-06
threshold=0.52500000596046459
decision_type=2
left_child=-1
right_child=-2
leaf_value=0 5.2872535096580371e-08
leaf_weight=533720 535490
leaf_count=533720 535490
internal_value=0
internal_weight=1.06921e+06
internal_count=1069210
is_linear=0
shrinkage=0.015715


Tree=412
num_leaves=2
num_cat=0
split_feature=0
split_gain=5.87757e-06
threshold=0.52500000596046459
decision_type=2
left_child=-1
right_child=-2
leaf_value=0 5.2042230602584716e-08
leaf_weight=533720 535490
leaf_count=533720 535490
internal_value=0
internal_weight=1.06921e+06
internal_count=1069210
is_linear=0
shrinkage=0.015715


Tree=413
num_leaves=2
num_cat=0
split_feature=0
split_gain=5.69454e-06
threshold=0.52500000596046459
decision_type=2
left_child=-1
right_child=-2
leaf_value=0 5.1225494327497681e-08
leaf_weight=533720 535490
leaf_count=533720 535490
internal_value=0
internal_weight=1.06921e+06
internal_count=1069210
is_linear=0
shrinkage=0.015715


Tree=414
num_leaves=4
num_cat=0
split_feature=1 0 0
split_gain=5.65719e-06 0.00102075 0.000154164
threshold=0.41486424207687383 0.84166666865348827 0.18333333730697635
decision_type=2 2 2
left_child=1 -1 -2
right_child=2 -3 -4
leaf_value=-8.5809129367006263e-07 0 0 2.6090578413809382e-07
leaf_weight=341910 63695 84229 579376
leaf_count=341910 63695 84229 579376
internal_value=0 0 4.65944e-08
internal_weight=1.06921e+06 426139 643071
internal_count=1069210 426139 643071
is_linear=0
shrinkage=0.015715


Tree=415
num_leaves=2
num_cat=0
split_feature=1
split_gain=4.79633e-06
threshold=0.41486424207687383
decision_type=2
left_child=-1
right_child=-2
leaf_value=0 4.2903051955258754e-08
leaf_weight=426139 643071
leaf_count=426139 643071
internal_value=0
internal_weight=1.06921e+06
internal_count=1069210
is_linear=0
shrinkage=0.015715


Tree=416
num_leaves=2
num_cat=0
split_feature=0
split_gain=5.57921e-06
threshold=0.52500000596046459
decision_type=2
left_child=-1
right_child=-2
leaf_value=0 5.0704152736139868e-08
leaf_weight=533720 535490
leaf_count=533720 535490
internal_value=0
internal_weight=1.06921e+06
internal_count=1069210
is_linear=0
shrinkage=0.015715


Tree=417
num_leaves=2
num_cat=0
split_feature=0
split_gain=5.40549e-06
threshold=0.52500000596046459
decision_type=2
left_child=-1
right_child=-2
leaf_value=0 4.9908503182640987e-08
leaf_weight=533720 535490
leaf_count=533720 535490
internal_value=0
internal_weight=1.06921e+06
internal_count=1069210
is_linear=0
shrinkage=0.015715


Tree=418
num_leaves=2
num_cat=0
split_feature=0
split_gain=5.23693e-06
threshold=0.52500000596046459
decision_type=2
left_child=-1
right_child=-2
leaf_value=0 4.9124196136538019e-08
leaf_weight=533720 535490
leaf_count=533720 535490
internal_value=0
internal_weight=1.06921e+06
internal_count=1069210
is_linear=0
shrinkage=0.015715


Tree=419
num_leaves=2
num_cat=0
split_feature=0
split_gain=5.07393e-06
threshold=0.52500000596046459
decision_type=2
left_child=-1
right_child=-2
leaf_value=0 4.8353654737144822e-08
leaf_weight=533720 535490
leaf_count=533720 535490
internal_value=0
internal_weight=1.06921e+06
internal_count=1069210
is_linear=0
shrinkage=0.015715


Tree=420
num_leaves=2
num_cat=0
split_feature=0
split_gain=4.91572e-06
threshold=0.52500000596046459
decision_type=2
left_child=-1
right_child=-2
leaf_value=0 4.7593846187932656e-08
leaf_weight=533720 535490
leaf_count=533720 535490
internal_value=0
internal_weight=1.06921e+06
internal_count=1069210
is_linear=0
shrinkage=0.015715


Tree=421
num_leaves=2
num_cat=0
split_feature=0
split_gain=4.76263e-06
threshold=0.52500000596046459
decision_type=2
left_child=-1
right_child=-2
leaf_value=0 4.6846850111113763e-08
leaf_weight=533720 535490
leaf_count=533720 535490
internal_value=0
internal_weight=1.06921e+06
internal_count=1069210
is_linear=0
shrinkage=0.015715


Tree=422
num_leaves=2
num_cat=0
split_feature=0
split_gain=4.6143e-06
threshold=0.52500000596046459
decision_type=2
left_child=-1
right_child=-2
leaf_value=0 4.6111561844066319e-08
leaf_weight=533720 535490
leaf_count=533720 535490
internal_value=0
internal_weight=1.06921e+06
internal_count=1069210
is_linear=0
shrinkage=0.015715


Tree=423
num_leaves=2
num_cat=0
split_feature=0
split_gain=4.47047e-06
threshold=0.52500000596046459
decision_type=2
left_child=-1
right_child=-2
leaf_value=0 4.5387247271094547e-08
leaf_weight=533720 535490
leaf_count=533720 535490
internal_value=0
internal_weight=1.06921e+06
internal_count=1069210
is_linear=0
shrinkage=0.015715


Tree=424
num_leaves=2
num_cat=0
split_feature=1
split_gain=4.08455e-06
threshold=0.55217784643173229
decision_type=2
left_child=-1
right_child=-2
leaf_value=0 4.5863859963901475e-08
leaf_weight=590110 479100
leaf_count=590110 479100
internal_value=0
internal_weight=1.06921e+06
internal_count=1069210
is_linear=0
shrinkage=0.015715


Tree=425
num_leaves=3
num_cat=0
split_feature=0 1
split_gain=4.2758e-06 8.48149e-05
threshold=0.60555556416511547 0.6900656819343568
decision_type=2 2
left_child=1 -1
right_child=-2 -3
leaf_value=-2.169218973602463e-07 4.9604893241585121e-08 0
leaf_weight=444689 428690 195831
leaf_count=444689 428690 195831
internal_value=0 0
internal_weight=1.06921e+06 640520
internal_count=1069210 640520
is_linear=0
shrinkage=0.015715


Tree=426
num_leaves=2
num_cat=0
split_feature=1
split_gain=4.02852e-06
threshold=0.41486424207687383
decision_type=2
left_child=-1
right_child=-2
leaf_value=0 3.9319353767201805e-08
leaf_weight=426139 643071
leaf_count=426139 643071
internal_value=0
internal_weight=1.06921e+06
internal_count=1069210
is_linear=0
shrinkage=0.015715


Tree=427
num_leaves=2
num_cat=0
split_feature=0
split_gain=4.16595e-06
threshold=0.52500000596046459
decision_type=2
left_child=-1
right_child=-2
leaf_value=0 4.3814123968974987e-08
leaf_weight=533720 535490
leaf_count=533720 535490
internal_value=0
internal_weight=1.06921e+06
internal_count=1069210
is_linear=0
shrinkage=0.015715


Tree=428
num_leaves=2
num_cat=0
split_feature=0
split_gain=4.03613e-06
threshold=0.52500000596046459
decision_type=2
left_child=-1
right_child=-2
leaf_value=0 4.3126066811348044e-08
leaf_weight=533720 535490
leaf_count=533720 535490
internal_value=0
internal_weight=1.06921e+06
internal_count=1069210
is_linear=0
shrinkage=0.015715


Tree=429
num_leaves=2
num_cat=0
split_feature=0
split_gain=3.91045e-06
threshold=0.52500000596046459
decision_type=2
left_child=-1
right_child=-2
leaf_value=0 4.2449270293872203e-08
leaf_weight=533720 535490
leaf_count=533720 535490
internal_value=0
internal_weight=1.06921e+06
internal_count=1069210
is_linear=0
shrinkage=0.015715


Tree=430
num_leaves=2
num_cat=0
split_feature=0
split_gain=3.78861e-06
threshold=0.52500000596046459
decision_type=2
left_child=-1
right_child=-2
leaf_value=0 4.1782727334143784e-08
leaf_weight=533720 535490
leaf_count=533720 535490
internal_value=0
internal_weight=1.06921e+06
internal_count=1069210
is_linear=0
shrinkage=0.015715


Tree=431
num_leaves=2
num_cat=0
split_feature=0
split_gain=3.67056e-06
threshold=0.52500000596046459
decision_type=2
left_child=-1
right_child=-2
leaf_value=0 4.1126656985687302e-08
leaf_weight=533720 535490
leaf_count=533720 535490
internal_value=0
internal_weight=1.06921e+06
internal_count=1069210
is_linear=0
shrinkage=0.015715


Tree=432
num_leaves=2
num_cat=0
split_feature=0
split_gain=3.55626e-06
threshold=0.52500000596046459
decision_type=2
left_child=-1
right_child=-2
leaf_value=0 4.048124400720182e-08
leaf_weight=533720 535490
leaf_count=533720 535490
internal_value=0
internal_weight=1.06921e+06
internal_count=1069210
is_linear=0
shrinkage=0.015715


Tree=433
num_leaves=2
num_cat=0
split_feature=0
split_gain=3.44529e-06
threshold=0.52500000596046459
decision_type=2
left_child=-1
right_child=-2
leaf_value=0 3.9844644741105399e-08
leaf_weight=533720 535490
leaf_count=533720 535490
internal_value=0
internal_weight=1.06921e+06
internal_count=1069210
is_linear=0
shrinkage=0.015715


Tree=434
num_leaves=2
num_cat=0
split_feature=1
split_gain=3.50541e-06
threshold=0.55217784643173229
decision_type=2
left_child=-1
right_child=-2
leaf_value=0 4.2488131731739715e-08
leaf_weight=590110 479100
leaf_count=590110 479100
internal_value=0
internal_weight=1.06921e+06
internal_count=1069210
is_linear=0
shrinkage=0.015715


Tree=435
num_leaves=4
num_cat=0
split_feature=1 0 0
split_gain=3.39617e-06 0.00183843 4.08878e-05
threshold=0.55217784643173229 0.78888890147209179 0.18333333730697635
decision_type=2 2 2
left_child=1 -1 -2
right_child=2 -3 -4
leaf_value=-1.0424260863111986e-06 0 0 1.5898257346114189e-07
leaf_weight=417367 46859 172743 432241
leaf_count=417367 46859 172743 432241
internal_value=0 0 4.18208e-08
internal_weight=1.06921e+06 590110 479100
internal_count=1069210 590110 479100
is_linear=0
shrinkage=0.015715


Tree=436
num_leaves=2
num_cat=0
split_feature=0
split_gain=3.721e-06
threshold=0.52500000596046459
decision_type=2
left_child=-1
right_child=-2
leaf_value=0 4.1408254411150955e-08
leaf_weight=533720 535490
leaf_count=533720 535490
internal_value=0
internal_weight=1.06921e+06
internal_count=1069210
is_linear=0
shrinkage=0.015715


Tree=437
num_leaves=2
num_cat=0
split_feature=0
split_gain=3.60488e-06
threshold=0.52500000596046459
decision_type=2
left_child=-1
right_child=-2
leaf_value=0 4.0757046900167748e-08
leaf_weight=533720 535490
leaf_count=533720 535490
internal_value=0
internal_weight=1.06921e+06
internal_count=1069210
is_linear=0
shrinkage=0.015715


Tree=438
num_leaves=2
num_cat=0
split_feature=0
split_gain=3.49265e-06
threshold=0.52500000596046459
decision_type=2
left_child=-1
right_child=-2
leaf_value=0 4.0117566852573962e-08
leaf_weight=533720 535490
leaf_count=533720 535490
internal_value=0
internal_weight=1.06921e+06
internal_count=1069210
is_linear=0
shrinkage=0.015715


Tree=439
num_leaves=4
num_cat=0
split_feature=1 0 0
split_gain=3.41293e-06 0.000960695 0.0001421
threshold=0.41486424207687383 0.84166666865348827 0.18333333730697635
decision_type=2 2 2
left_child=1 -1 -2
right_child=2 -3 -4
leaf_value=-8.3246659974549809e-07 0 0 2.4895250880684537e-07
leaf_weight=341910 63695 84229 579376
leaf_count=341910 63695 84229 579376
internal_value=0 0 3.61908e-08
internal_weight=1.06921e+06 426139 643071
internal_count=1069210 426139 643071
is_linear=0
shrinkage=0.015715


Tree=440
num_leaves=2
num_cat=0
split_feature=0
split_gain=3.5069e-06
threshold=0.52500000596046459
decision_type=2
left_child=-1
right_child=-2
leaf_value=0 4.0199328299762499e-08
leaf_weight=533720 535490
leaf_count=533720 535490
internal_value=0
internal_weight=1.06921e+06
internal_count=1069210
is_linear=0
shrinkage=0.015715


Tree=441
num_leaves=2
num_cat=0
split_feature=0
split_gain=3.39765e-06
threshold=0.52500000596046459
decision_type=2
left_child=-1
right_child=-2
leaf_value=0 3.9568207255097588e-08
leaf_weight=533720 535490
leaf_count=533720 535490
internal_value=0
internal_weight=1.06921e+06
internal_count=1069210
is_linear=0
shrinkage=0.015715


Tree=442
num_leaves=2
num_cat=0
split_feature=0
split_gain=3.29176e-06
threshold=0.52500000596046459
decision_type=2
left_child=-1
right_child=-2
leaf_value=0 3.8946753423360152e-08
leaf_weight=533720 535490
leaf_count=533720 535490
internal_value=0
internal_weight=1.06921e+06
internal_count=1069210
is_linear=0
shrinkage=0.015715


Tree=443
num_leaves=2
num_cat=0
split_feature=0
split_gain=3.18919e-06
threshold=0.52500000596046459
decision_type=2
left_child=-1
right_child=-2
leaf_value=0 3.8335130419662971e-08
leaf_weight=533720 535490
leaf_count=533720 535490
internal_value=0
internal_weight=1.06921e+06
internal_count=1069210
is_linear=0
shrinkage=0.015715


Tree=444
num_leaves=2
num_cat=0
split_feature=0
split_gain=3.08992e-06
threshold=0.52500000596046459
decision_type=2
left_child=-1
right_child=-2
leaf_value=0 3.7733798257581813e-08
leaf_weight=533720 535490
leaf_count=533720 535490
internal_value=0
internal_weight=1.06921e+06
internal_count=1069210
is_linear=0
shrinkage=0.015715


Tree=445
num_leaves=2
num_cat=0
split_feature=0
split_gain=2.99362e-06
threshold=0.52500000596046459
decision_type=2
left_child=-1
right_child=-2
leaf_value=0 3.7141176819343491e-08
leaf_weight=533720 535490
leaf_count=533720 535490
internal_value=0
internal_weight=1.06921e+06
internal_count=1069210
is_linear=0
shrinkage=0.015715


Tree=446
num_leaves=2
num_cat=0
split_feature=0
split_gain=2.90029e-06
threshold=0.52500000596046459
decision_type=2
left_child=-1
right_child=-2
leaf_value=0 3.6557632962434043e-08
leaf_weight=533720 535490
leaf_count=533720 535490
internal_value=0
internal_weight=1.06921e+06
internal_count=1069210
is_linear=0
shrinkage=0.015715


Tree=447
num_leaves=2
num_cat=0
split_feature=0
split_gain=2.80998e-06
threshold=0.52500000596046459
decision_type=2
left_child=-1
right_child=-2
leaf_value=0 3.5983957540586587e-08
leaf_weight=533720 535490
leaf_count=533720 535490
internal_value=0
internal_weight=1.06921e+06
internal_count=1069210
is_linear=0
shrinkage=0.015715


Tree=448
num_leaves=2
num_cat=0
split_feature=1
split_gain=2.38475e-06
threshold=0.41486424207687383
decision_type=2
left_child=-1
right_child=-2
leaf_value=0 3.0252064880636437e-08
leaf_weight=426139 643071
leaf_count=426139 643071
internal_value=0
internal_weight=1.06921e+06
internal_count=1069210
is_linear=0
shrinkage=0.015715


Tree=449
num_leaves=2
num_cat=0
split_feature=0
split_gain=2.67824e-06
threshold=0.52500000596046459
decision_type=2
left_child=-1
right_child=-2
leaf_value=0 3.5130313494633434e-08
leaf_weight=533720 535490
leaf_count=533720 535490
internal_value=0
internal_weight=1.06921e+06
internal_count=1069210
is_linear=0
shrinkage=0.015715


Tree=450
num_leaves=2
num_cat=0
split_feature=0
split_gain=2.5948e-06
threshold=0.52500000596046459
decision_type=2
left_child=-1
right_child=-2
leaf_value=0 3.4578710151898188e-08
leaf_weight=533720 535490
leaf_count=533720 535490
internal_value=0
internal_weight=1.06921e+06
internal_count=1069210
is_linear=0
shrinkage=0.015715


Tree=451
num_leaves=2
num_cat=0
split_feature=0
split_gain=2.51392e-06
threshold=0.52500000596046459
decision_type=2
left_child=-1
right_child=-2
leaf_value=0 3.4035540747887847e-08
leaf_weight=533720 535490
leaf_count=533720 535490
internal_value=0
internal_weight=1.06921e+06
internal_count=1069210
is_linear=0
shrinkage=0.015715


Tree=452
num_leaves=2
num_cat=0
split_feature=0
split_gain=2.43553e-06
threshold=0.52500000596046459
decision_type=2
left_child=-1
right_child=-2
leaf_value=0 3.3500705628152406e-08
leaf_weight=533720 535490
leaf_count=533720 535490
internal_value=0
internal_weight=1.06921e+06
internal_count=1069210
is_linear=0
shrinkage=0.015715


Tree=453
num_leaves=2
num_cat=0
split_feature=0
split_gain=2.35971e-06
threshold=0.52500000596046459
decision_type=2
left_child=-1
right_child=-2
leaf_value=0 3.297514084326651e-08
leaf_weight=533720 535490
leaf_count=533720 535490
internal_value=0
internal_weight=1.06921e+06
internal_count=1069210
is_linear=0
shrinkage=0.015715


Tree=454
num_leaves=2
num_cat=0
split_feature=0
split_gain=2.2861e-06
threshold=0.52500000596046459
decision_type=2
left_child=-1
right_child=-2
leaf_value=0 3.2456712468438315e-08
leaf_weight=533720 535490
leaf_count=533720 535490
internal_value=0
internal_weight=1.06921e+06
internal_count=1069210
is_linear=0
shrinkage=0.015715


Tree=455
num_leaves=2
num_cat=0
split_feature=0
split_gain=2.21507e-06
threshold=0.52500000596046459
decision_type=2
left_child=-1
right_child=-2
leaf_value=0 3.1948499057181798e-08
leaf_weight=533720 535490
leaf_count=533720 535490
internal_value=0
internal_weight=1.06921e+06
internal_count=1069210
is_linear=0
shrinkage=0.015715


Tree=456
num_leaves=2
num_cat=0
split_feature=0
split_gain=2.14603e-06
threshold=0.52500000596046459
decision_type=2
left_child=-1
right_child=-2
leaf_value=0 3.1446676088740326e-08
leaf_weight=533720 535490
leaf_count=533720 535490
internal_value=0
internal_weight=1.06921e+06
internal_count=1069210
is_linear=0
shrinkage=0.015715


Tree=457
num_leaves=2
num_cat=0
split_feature=0
split_gain=2.07913e-06
threshold=0.52500000596046459
decision_type=2
left_child=-1
right_child=-2
leaf_value=0 3.0952649687266264e-08
leaf_weight=533720 535490
leaf_count=533720 535490
internal_value=0
internal_weight=1.06921e+06
internal_count=1069210
is_linear=0
shrinkage=0.015715


Tree=458
num_leaves=2
num_cat=0
split_feature=0
split_gain=2.01428e-06
threshold=0.52500000596046459
decision_type=2
left_child=-1
right_child=-2
leaf_value=0 3.0466127489057104e-08
leaf_weight=533720 535490
leaf_count=533720 535490
internal_value=0
internal_weight=1.06921e+06
internal_count=1069210
is_linear=0
shrinkage=0.015715


Tree=459
num_leaves=2
num_cat=0
split_feature=0
split_gain=1.95155e-06
threshold=0.52500000596046459
decision_type=2
left_child=-1
right_child=-2
leaf_value=0 2.9987983069473597e-08
leaf_weight=533720 535490
leaf_count=533720 535490
internal_value=0
internal_weight=1.06921e+06
internal_count=1069210
is_linear=0
shrinkage=0.015715


Tree=460
num_leaves=4
num_cat=0
split_feature=1 0 0
split_gain=1.89118e-06 0.000939516 0.000131926
threshold=0.41486424207687383 0.84166666865348827 0.18333333730697635
decision_type=2 2 2
left_child=1 -1 -2
right_child=2 -3 -4
leaf_value=-8.2323932220316745e-07 0 0 2.3873807999323793e-07
leaf_weight=341910 63695 84229 579376
leaf_count=341910 63695 84229 579376
internal_value=0 0 2.69402e-08
internal_weight=1.06921e+06 426139 643071
internal_count=1069210 426139 643071
is_linear=0
shrinkage=0.015715


Tree=461
num_leaves=2
num_cat=0
split_feature=0
split_gain=1.99128e-06
threshold=0.52500000596046459
decision_type=2
left_child=-1
right_child=-2
leaf_value=0 3.0291689501901737e-08
leaf_weight=533720 535490
leaf_count=533720 535490
internal_value=0
internal_weight=1.06921e+06
internal_count=1069210
is_linear=0
shrinkage=0.015715


Tree=462
num_leaves=2
num_cat=0
split_feature=0
split_gain=1.92926e-06
threshold=0.52500000596046459
decision_type=2
left_child=-1
right_child=-2
leaf_value=0 2.9816240312472258e-08
leaf_weight=533720 535490
leaf_count=533720 535490
internal_value=0
internal_weight=1.06921e+06
internal_count=1069210
is_linear=0
shrinkage=0.015715


Tree=463
num_leaves=2
num_cat=0
split_feature=1
split_gain=1.38874e-06
threshold=0.41486424207687383
decision_type=2
left_child=-1
right_child=-2
leaf_value=0 2.3085770136675498e-08
leaf_weight=426139 643071
leaf_count=426139 643071
internal_value=0
internal_weight=1.06921e+06
internal_count=1069210
is_linear=0
shrinkage=0.015715


Tree=464
num_leaves=2
num_cat=0
split_feature=0
split_gain=1.84127e-06
threshold=0.52500000596046459
decision_type=2
left_child=-1
right_child=-2
leaf_value=0 2.9128321900522483e-08
leaf_weight=533720 535490
leaf_count=533720 535490
internal_value=0
internal_weight=1.06921e+06
internal_count=1069210
is_linear=0
shrinkage=0.015715


Tree=465
num_leaves=2
num_cat=0
split_feature=0
split_gain=1.78392e-06
threshold=0.52500000596046459
decision_type=2
left_child=-1
right_child=-2
leaf_value=0 2.8671162281044825e-08
leaf_weight=533720 535490
leaf_count=533720 535490
internal_value=0
internal_weight=1.06921e+06
internal_count=1069210
is_linear=0
shrinkage=0.015715


Tree=466
num_leaves=2
num_cat=0
split_feature=0
split_gain=1.72828e-06
threshold=0.52500000596046459
decision_type=2
left_child=-1
right_child=-2
leaf_value=0 2.8220443484370946e-08
leaf_weight=533720 535490
leaf_count=533720 535490
internal_value=0
internal_weight=1.06921e+06
internal_count=1069210
is_linear=0
shrinkage=0.015715


Tree=467
num_leaves=2
num_cat=0
split_feature=0
split_gain=1.67443e-06
threshold=0.52500000596046459
decision_type=2
left_child=-1
right_child=-2
leaf_value=0 2.7777348680131914e-08
leaf_weight=533720 535490
leaf_count=533720 535490
internal_value=0
internal_weight=1.06921e+06
internal_count=1069210
is_linear=0
shrinkage=0.015715


Tree=468
num_leaves=2
num_cat=0
split_feature=0
split_gain=1.62231e-06
threshold=0.52500000596046459
decision_type=2
left_child=-1
right_child=-2
leaf_value=0 2.7341638617273799e-08
leaf_weight=533720 535490
leaf_count=533720 535490
internal_value=0
internal_weight=1.06921e+06
internal_count=1069210
is_linear=0
shrinkage=0.015715


Tree=469
num_leaves=2
num_cat=0
split_feature=0
split_gain=1.57174e-06
threshold=0.52500000596046459
decision_type=2
left_child=-1
right_child=-2
leaf_value=0 2.6912094210229054e-08
leaf_weight=533720 535490
leaf_count=533720 535490
internal_value=0
internal_weight=1.06921e+06
internal_count=1069210
is_linear=0
shrinkage=0.015715


Tree=470
num_leaves=2
num_cat=0
split_feature=0
split_gain=1.52278e-06
threshold=0.52500000596046459
decision_type=2
left_child=-1
right_child=-2
leaf_value=0 2.6489604901845327e-08
leaf_weight=533720 535490
leaf_count=533720 535490
internal_value=0
internal_weight=1.06921e+06
internal_count=1069210
is_linear=0
shrinkage=0.015715


Tree=471
num_leaves=2
num_cat=0
split_feature=0
split_gain=1.47532e-06
threshold=0.52500000596046459
decision_type=2
left_child=-1
right_child=-2
leaf_value=0 2.6073580050339192e-08
leaf_weight=533720 535490
leaf_count=533720 535490
internal_value=0
internal_weight=1.06921e+06
internal_count=1069210
is_linear=0
shrinkage=0.015715


Tree=472
num_leaves=2
num_cat=0
split_feature=0
split_gain=1.42929e-06
threshold=0.52500000596046459
decision_type=2
left_child=-1
right_child=-2
leaf_value=0 2.5663576073791325e-08
leaf_weight=533720 535490
leaf_count=533720 535490
internal_value=0
internal_weight=1.06921e+06
internal_count=1069210
is_linear=0
shrinkage=0.015715


Tree=473
num_leaves=2
num_cat=0
split_feature=0
split_gain=1.38482e-06
threshold=0.52500000596046459
decision_type=2
left_child=-1
right_child=-2
leaf_value=0 2.5261202993170068e-08
leaf_weight=533720 535490
leaf_count=533720 535490
internal_value=0
internal_weight=1.06921e+06
internal_count=1069210
is_linear=0
shrinkage=0.015715


Tree=474
num_leaves=2
num_cat=0
split_feature=0
split_gain=1.3417e-06
threshold=0.52500000596046459
decision_type=2
left_child=-1
right_child=-2
leaf_value=0 2.4864741513975881e-08
leaf_weight=533720 535490
leaf_count=533720 535490
internal_value=0
internal_weight=1.06921e+06
internal_count=1069210
is_linear=0
shrinkage=0.015715


Tree=475
num_leaves=2
num_cat=0
split_feature=1
split_gain=1.0813e-06
threshold=0.41486424207687383
decision_type=2
left_child=-1
right_child=-2
leaf_value=0 2.0370738244989437e-08
leaf_weight=426139 643071
leaf_count=426139 643071
internal_value=0
internal_weight=1.06921e+06
internal_count=1069210
is_linear=0
shrinkage=0.015715


Tree=476
num_leaves=2
num_cat=0
split_feature=0
split_gain=1.27935e-06
threshold=0.52500000596046459
decision_type=2
left_child=-1
right_child=-2
leaf_value=0 2.4280147786026723e-08
leaf_weight=533720 535490
leaf_count=533720 535490
internal_value=0
internal_weight=1.06921e+06
internal_count=1069210
is_linear=0
shrinkage=0.015715


Tree=477
num_leaves=2
num_cat=0
split_feature=1
split_gain=1.02762e-06
threshold=0.41486424207687383
decision_type=2
left_child=-1
right_child=-2
leaf_value=0 1.9858650281847894e-08
leaf_weight=426139 643071
leaf_count=426139 643071
internal_value=0
internal_weight=1.06921e+06
internal_count=1069210
is_linear=0
shrinkage=0.015715


Tree=478
num_leaves=2
num_cat=0
split_feature=1
split_gain=9.95588e-07
threshold=0.41486424207687383
decision_type=2
left_child=-1
right_child=-2
leaf_value=0 1.9546705203076283e-08
leaf_weight=426139 643071
leaf_count=426139 643071
internal_value=0
internal_weight=1.06921e+06
internal_count=1069210
is_linear=0
shrinkage=0.015715


Tree=479
num_leaves=2
num_cat=0
split_feature=0
split_gain=1.20082e-06
threshold=0.52500000596046459
decision_type=2
left_child=-1
right_child=-2
leaf_value=0 2.3523186918466205e-08
leaf_weight=533720 535490
leaf_count=533720 535490
internal_value=0
internal_weight=1.06921e+06
internal_count=1069210
is_linear=0
shrinkage=0.015715


Tree=480
num_leaves=2
num_cat=0
split_feature=0
split_gain=1.16341e-06
threshold=0.52500000596046459
decision_type=2
left_child=-1
right_child=-2
leaf_value=0 2.315388200089922e-08
leaf_weight=533720 535490
leaf_count=533720 535490
internal_value=0
internal_weight=1.06921e+06
internal_count=1069210
is_linear=0
shrinkage=0.015715


Tree=481
num_leaves=2
num_cat=0
split_feature=0
split_gain=1.12717e-06
threshold=0.52500000596046459
decision_type=2
left_child=-1
right_child=-2
leaf_value=0 2.2790412510147059e-08
leaf_weight=533720 535490
leaf_count=533720 535490
internal_value=0
internal_weight=1.06921e+06
internal_count=1069210
is_linear=0
shrinkage=0.015715


Tree=482
num_leaves=2
num_cat=0
split_feature=0
split_gain=1.09209e-06
threshold=0.52500000596046459
decision_type=2
left_child=-1
right_child=-2
leaf_value=0 2.2432953162428128e-08
leaf_weight=533720 535490
leaf_count=533720 535490
internal_value=0
internal_weight=1.06921e+06
internal_count=1069210
is_linear=0
shrinkage=0.015715


Tree=483
num_leaves=2
num_cat=0
split_feature=0
split_gain=1.05803e-06
threshold=0.52500000596046459
decision_type=2
left_child=-1
right_child=-2
leaf_value=0 2.2080351067922651e-08
leaf_weight=533720 535490
leaf_count=533720 535490
internal_value=0
internal_weight=1.06921e+06
internal_count=1069210
is_linear=0
shrinkage=0.015715


Tree=484
num_leaves=2
num_cat=0
split_feature=0
split_gain=1.02505e-06
threshold=0.52500000596046459
decision_type=2
left_child=-1
right_child=-2
leaf_value=0 2.1733483725158093e-08
leaf_weight=533720 535490
leaf_count=533720 535490
internal_value=0
internal_weight=1.06921e+06
internal_count=1069210
is_linear=0
shrinkage=0.015715


Tree=485
num_leaves=2
num_cat=0
split_feature=0
split_gain=9.93111e-07
threshold=0.52500000596046459
decision_type=2
left_child=-1
right_child=-2
leaf_value=0 2.1392218934592643e-08
leaf_weight=533720 535490
leaf_count=533720 535490
internal_value=0
internal_weight=1.06921e+06
internal_count=1069210
is_linear=0
shrinkage=0.015715


Tree=486
num_leaves=2
num_cat=0
split_feature=0
split_gain=9.62219e-07
threshold=0.52500000596046459
decision_type=2
left_child=-1
right_child=-2
leaf_value=0 2.1056878742627321e-08
leaf_weight=533720 535490
leaf_count=533720 535490
internal_value=0
internal_weight=1.06921e+06
internal_count=1069210
is_linear=0
shrinkage=0.015715


Tree=487
num_leaves=2
num_cat=0
split_feature=0
split_gain=9.3222e-07
threshold=0.52500000596046459
decision_type=2
left_child=-1
right_child=-2
leaf_value=0 2.0726032465038836e-08
leaf_weight=533720 535490
leaf_count=533720 535490
internal_value=0
internal_weight=1.06921e+06
internal_count=1069210
is_linear=0
shrinkage=0.015715


Tree=488
num_leaves=2
num_cat=0
split_feature=0
split_gain=9.03151e-07
threshold=0.52500000596046459
decision_type=2
left_child=-1
right_child=-2
leaf_value=0 2.0400328220657485e-08
leaf_weight=533720 535490
leaf_count=533720 535490
internal_value=0
internal_weight=1.06921e+06
internal_count=1069210
is_linear=0
shrinkage=0.015715


Tree=489
num_leaves=2
num_cat=0
split_feature=0
split_gain=8.75009e-07
threshold=0.52500000596046459
decision_type=2
left_child=-1
right_child=-2
leaf_value=0 2.0079979495285802e-08
leaf_weight=533720 535490
leaf_count=533720 535490
internal_value=0
internal_weight=1.06921e+06
internal_count=1069210
is_linear=0
shrinkage=0.015715


Tree=490
num_leaves=2
num_cat=0
split_feature=0
split_gain=8.47725e-07
threshold=0.52500000596046459
decision_type=2
left_child=-1
right_child=-2
leaf_value=0 1.9764435084853998e-08
leaf_weight=533720 535490
leaf_count=533720 535490
internal_value=0
internal_weight=1.06921e+06
internal_count=1069210
is_linear=0
shrinkage=0.015715


Tree=491
num_leaves=2
num_cat=0
split_feature=0
split_gain=8.21354e-07
threshold=0.52500000596046459
decision_type=2
left_child=-1
right_child=-2
leaf_value=0 1.9454600024416915e-08
leaf_weight=533720 535490
leaf_count=533720 535490
internal_value=0
internal_weight=1.06921e+06
internal_count=1069210
is_linear=0
shrinkage=0.015715


Tree=492
num_leaves=3
num_cat=0
split_feature=0 1
split_gain=7.95791e-07 6.78357e-05
threshold=0.60555556416511547 0.6900656819343568
decision_type=2 2
left_child=1 -1
right_child=-2 -3
leaf_value=-1.9399766819637212e-07 2.1400073088690136e-08 0
leaf_weight=444689 428690 195831
leaf_count=444689 428690 195831
internal_value=0 0
internal_weight=1.06921e+06 640520
internal_count=1069210 640520
is_linear=0
shrinkage=0.015715


Tree=493
num_leaves=2
num_cat=0
split_feature=0
split_gain=8.08113e-07
threshold=0.52500000596046459
decision_type=2
left_child=-1
right_child=-2
leaf_value=0 1.9297139759293452e-08
leaf_weight=533720 535490
leaf_count=533720 535490
internal_value=0
internal_weight=1.06921e+06
internal_count=1069210
is_linear=0
shrinkage=0.015715


Tree=494
num_leaves=4
num_cat=0
split_feature=1 0 0
split_gain=8.09457e-07 0.000914129 0.000121644
threshold=0.41486424207687383 0.84166666865348827 0.18333333730697635
decision_type=2 2 2
left_child=1 -1 -2
right_child=2 -3 -4
leaf_value=-8.1204045490812373e-07 0 0 2.2837708209186701e-07
leaf_weight=341910 63695 84229 579376
leaf_count=341910 63695 84229 579376
internal_value=0 0 1.76251e-08
internal_weight=1.06921e+06 426139 643071
internal_count=1069210 426139 643071
is_linear=0
shrinkage=0.015715


Tree=495
num_leaves=2
num_cat=0
split_feature=0
split_gain=8.5299e-07
threshold=0.52500000596046459
decision_type=2
left_child=-1
right_child=-2
leaf_value=0 1.9825720454823266e-08
leaf_weight=533720 535490
leaf_count=533720 535490
internal_value=0
internal_weight=1.06921e+06
internal_count=1069210
is_linear=0
shrinkage=0.015715


Tree=496
num_leaves=2
num_cat=0
split_feature=0
split_gain=8.26407e-07
threshold=0.52500000596046459
decision_type=2
left_child=-1
right_child=-2
leaf_value=0 1.9514348346649197e-08
leaf_weight=533720 535490
leaf_count=533720 535490
internal_value=0
internal_weight=1.06921e+06
internal_count=1069210
is_linear=0
shrinkage=0.015715


Tree=497
num_leaves=2
num_cat=0
split_feature=0
split_gain=8.00671e-07
threshold=0.52500000596046459
decision_type=2
left_child=-1
right_child=-2
leaf_value=0 1.9208083083740399e-08
leaf_weight=533720 535490
leaf_count=533720 535490
internal_value=0
internal_weight=1.06921e+06
internal_count=1069210
is_linear=0
shrinkage=0.015715


Tree=498
num_leaves=2
num_cat=0
split_feature=0
split_gain=7.75755e-07
threshold=0.52500000596046459
decision_type=2
left_child=-1
right_child=-2
leaf_value=0 1.890685376208366e-08
leaf_weight=533720 535490
leaf_count=533720 535490
internal_value=0
internal_weight=1.06921e+06
internal_count=1069210
is_linear=0
shrinkage=0.015715


Tree=499
num_leaves=2
num_cat=0
split_feature=0
split_gain=7.51594e-07
threshold=0.52500000596046459
decision_type=2
left_child=-1
right_child=-2
leaf_value=0 1.8610093746567709e-08
leaf_weight=533720 535490
leaf_count=533720 535490
internal_value=0
internal_weight=1.06921e+06
internal_count=1069210
is_linear=0
shrinkage=0.015715


end of trees

feature_importances:
Column_0=543
Column_1=336
Column_6=191
Column_2=186
Column_5=142

parameters:
[boosting: gbdt]
[objective: regression]
[metric: l2]
[tree_learner: serial]
[device_type: cpu]
[data_sample_strategy: bagging]
[data: ]
[valid: ]
[num_iterations: 500]
[learning_rate: 0.015715]
[num_leaves: 110]
[num_threads: 20]
[seed: 0]
[deterministic: 0]
[force_col_wise: 0]
[force_row_wise: 0]
[histogram_pool_size: -1]
[max_depth: 6]
[min_data_in_leaf: 20]
[min_sum_hessian_in_leaf: 0.001]
[bagging_fraction: 0.523653]
[pos_bagging_fraction: 1]
[neg_bagging_fraction: 1]
[bagging_freq: 0]
[bagging_seed: 3]
[bagging_by_query: 0]
[feature_fraction: 0.905761]
[feature_fraction_bynode: 1]
[feature_fraction_seed: 2]
[extra_trees: 0]
[extra_seed: 6]
[early_stopping_round: 0]
[early_stopping_min_delta: 0]
[first_metric_only: 0]
[max_delta_step: 0]
[lambda_l1: 155.298]
[lambda_l2: 448.222]
[linear_lambda: 0]
[min_gain_to_split: 0]
[drop_rate: 0.1]
[max_drop: 50]
[skip_drop: 0.5]
[xgboost_dart_mode: 0]
[uniform_drop: 0]
[drop_seed: 4]
[top_rate: 0.2]
[other_rate: 0.1]
[min_data_per_group: 100]
[max_cat_threshold: 32]
[cat_l2: 10]
[cat_smooth: 10]
[max_cat_to_onehot: 4]
[top_k: 20]
[monotone_constraints: ]
[monotone_constraints_method: basic]
[monotone_penalty: 0]
[feature_contri: ]
[forcedsplits_filename: ]
[refit_decay_rate: 0.9]
[cegb_tradeoff: 1]
[cegb_penalty_split: 0]
[cegb_penalty_feature_lazy: ]
[cegb_penalty_feature_coupled: ]
[path_smooth: 0]
[interaction_constraints: ]
[verbosity: -1]
[saved_feature_importance_type: 0]
[use_quantized_grad: 0]
[num_grad_quant_bins: 4]
[quant_train_renew_leaf: 0]
[stochastic_rounding: 1]
[linear_tree: 0]
[max_bin: 255]
[max_bin_by_feature: ]
[min_data_in_bin: 3]
[bin_construct_sample_cnt: 200000]
[data_random_seed: 1]
[is_enable_sparse: 1]
[enable_bundle: 1]
[use_missing: 1]
[zero_as_missing: 0]
[feature_pre_filter: 1]
[pre_partition: 0]
[two_round: 0]
[header: 0]
[label_column: ]
[weight_column: ]
[group_column: ]
[ignore_column: ]
[categorical_feature: ]
[forcedbins_filename: ]
[precise_float_parser: 0]
[parser_config_file: ]
[objective_seed: 5]
[num_class: 1]
[is_unbalance: 0]
[scale_pos_weight: 1]
[sigmoid: 1]
[boost_from_average: 1]
[reg_sqrt: 0]
[alpha: 0.9]
[fair_c: 1]
[poisson_max_delta_step: 0.7]
[tweedie_variance_power: 1.5]
[lambdarank_truncation_level: 30]
[lambdarank_norm: 1]
[label_gain: ]
[lambdarank_position_bias_regularization: 0]
[eval_at: ]
[multi_error_top_k: 1]
[auc_mu_weights: ]
[num_machines: 1]
[local_listen_port: 12400]
[time_out: 120]
[machine_list_filename: ]
[machines: ]
[gpu_platform_id: -1]
[gpu_device_id: -1]
[gpu_use_dp: 0]
[num_gpu: 1]

end of parameters

pandas_categorical:null
