tree
version=v4
num_class=1
num_tree_per_iteration=1
label_index=0
max_feature_idx=6
objective=regression
feature_names=Column_0 Column_1 Column_2 Column_3 Column_4 Column_5 Column_6
feature_infos=[-1.7184666666666666:1.73] [-1.7184666666666666:1.73] [-1.7184666666666666:1.73] [-1.7184666666666666:1.73] [-1.7184666666666666:1.73] [-1.7184666666666666:1.73] [-1.7184666666666666:1.73]
tree_sizes=3305 3314 3145 2910 2389 2736 4273 3198 3120 3733 3719 3884 4529 3448 4300 2816 3020 3469 3086 2864 3695 3982 3191 3291 4128 3031 4103 2236 2253 2637 3885 2765 3581 3623 3499 3702 3246 3418 3328 3283 3018 2855 2726 3028 2845 3312 2928 2765 3100 2918 3461 2765 2709 2776 2789

Tree=0
num_leaves=34
num_cat=0
split_feature=2 6 0 2 2 1 5 2 6 0 6 5 0 1 1 0 1 3 1 6 3 6 3 5 1 3 3 5 5 5 1 3 2
split_gain=105.973 60.85 23.3949 22.7542 11.9078 11.8512 11.6117 5.39219 2.3905 2.27179 2.79793 2.17391 1.88358 1.46136 0.69534 0.64387 1.09886 0.690969 0.563152 0.534633 0.874916 0.517537 0.377041 0.358162 0.243416 1.5187 2.19654 1.08525 0.62054 0.423962 0.129024 0.103727 0.0512818
threshold=1.0222958408857103 1.288671835223328 -1.4712559614593166 0.44569734165431169 1.386968561092865 1.1694094220495388 -1.4293916062801928 -1.6562519875823425 -0.58690970469459847 0.81978874521945 1.4013310035842297 0.8191701754385966 -1.455392381426615 1.7242333333333335 1.6857620046620052 1.2286393199160139 1.6722369007803792 1.6347157246119208 1.6857620046620052 -1.4888132570101209 -1.5141241349480967 -1.6691913763281441 1.700072262773723 1.6879917274939176 -0.66771182266009832 0.76242800210542161 -0.91692240668786051 -1.4421655132641289 -0.27411337137186798 -1.6689768824963915 -1.6941449707672114 -1.6951091451427021 1.0083933701095662
decision_type=2 2 2 2 2 2 2 2 2 2 2 2 2 2 2 2 2 2 2 2 2 2 2 2 2 2 2 2 2 2 2 2 2
left_child=1 2 8 5 15 6 -4 -8 -1 10 -3 -9 -6 21 22 16 17 19 32 -2 -21 -14 23 -10 28 26 -26 -28 29 -5 -22 -31 -12
right_child=4 9 3 24 12 -7 7 11 14 -11 18 -13 13 -15 -16 -17 -18 -19 -20 20 30 -23 -24 -25 25 -27 27 -29 -30 31 -32 -33 -34
leaf_value=0.0059795170884533282 0.0059795170884533282 0.0059795170884533282 0.0059795170884533282 0.0059795170884533282 0.0059795170884533282 0.0059795170884533282 0.0059795170884533282 0.0077520512605188932 0.0047756510839127801 0.0059795170884533282 0.003558222649401626 0.0059795170884533282 0.0059795170884533282 0.0059795170884533282 0.0059795170884533282 0.0059795170884533282 0.0059795170884533282 0.0059795170884533282 0.0059795170884533282 0.0059795170884533282 0.0059795170884533282 0.0031041560905346105 0.0059795170884533282 0.0059795170884533282 0.0059795170884533282 0.0059795170884533282 0.0059795170884533282 0.006854345438277995 0.0059795170884533282 0.0059795170884533282 0.004812398000149036 0.0054183722566643775 0.0059795170884533282
leaf_weight=4552 846 6872 16560 542 93 12996 348 101208 10840 2702 14339 10578 43 250 307 11602 359 115 39 694 103 28036 259 85 7380 4281 640 15273 3897 89 16079 10048 33
leaf_count=4552 846 6872 16560 542 93 12996 348 101208 10840 2702 14339 10578 43 250 307 11602 359 115 39 694 103 28036 259 85 7380 4281 640 15273 3897 89 16079 10048 33
internal_value=0.00597952 0.00647453 0.00679669 0.00698203 0.00409001 0.00728437 0.00742969 0.00761338 0.00533062 0.00425261 0.00407938 0.00765216 0.00318225 0.00314883 0.00494275 0.00533135 0.00510462 0.0050154 0.00358535 0.00496476 0.00490425 0.00311418 0.00486117 0.004813 0.00597952 0.00604805 0.00638519 0.00673525 0.00580224 0.00555516 0.00482429 0.00544279 0.00356267
internal_weight=282088 223868 199883 183840 58220 141690 128694 112134 16043 23985 21283 111786 28422 28329 11491 29798 18196 17837 14411 17722 16876 28079 11184 10925 42150 27574 23293 15913 14576 10679 16182 10137 14372
internal_count=282088 223868 199883 183840 58220 141690 128694 112134 16043 23985 21283 111786 28422 28329 11491 29798 18196 17837 14411 17722 16876 28079 11184 10925 42150 27574 23293 15913 14576 10679 16182 10137 14372
is_linear=0
shrinkage=1


Tree=1
num_leaves=40
num_cat=0
split_feature=2 6 1 5 2 4 2 3 2 6 3 5 4 2 3 6 1 6 5 1 1 6 6 6 2 2 3 3 6 6 3 1 1 6 3 3 5 3 2
split_gain=95.9569 55.6349 18.419 23.4888 9.98024 8.99148 8.36099 4.33016 4.02323 7.90552 4.64653 2.0233 1.94839 1.42 1.39728 1.3599 1.32617 1.19308 0.893948 0.699463 0.571426 0.478062 0.418111 0.229553 0.154959 1.38535 0.99944 0.526434 0.121594 0.241267 0.277641 0.312094 0.17629 0.0926507 0.0816199 0.0719011 0.0392039 0.0187506 0.0159169
threshold=1.0222958408857103 1.288671835223328 0.44645448120783832 -1.2601271777003482 1.386968561092865 -1.5268215010141983 -1.6562519875823425 0.19821525096525108 -0.32966157031374416 0.017625579464470954 0.76242800210542161 0.043877387594354986 1.648036990380211 0.99452754272440702 -1.5141241349480967 1.4013310035842297 1.7242333333333335 -1.3710506764185113 1.2789605021432948 -0.69563048024360707 1.6857620046620052 -1.6691913763281441 -1.3938688766301444 1.2252884045077108 0.21278604118993141 -1.2361289549376797 0.24001688443255326 -1.6951091451427021 -1.2056662443247808 0.99559611258361735 -0.64153080135412277 -0.61289802631578938 1.7242333333333335 -1.6691913763281441 0.93948492338111744 1.700072262773723 -1.5690692524321554 1.6220620674740485 1.0083933701095662
decision_type=2 2 2 2 2 2 2 2 2 2 2 2 2 2 2 2 2 2 2 2 2 2 2 2 2 2 2 2 2 2 2 2 2 2 2 2 2 2 2
left_child=1 2 3 24 19 -5 -7 11 9 -8 -10 -4 13 15 -13 -3 21 -9 22 33 -17 -6 -16 35 25 34 27 -27 -21 30 -30 -32 -33 -2 -1 36 -19 -35 -26
right_child=4 12 7 5 16 6 8 17 10 -11 -12 14 -14 -15 18 20 -18 23 -20 28 -22 -23 -24 -25 38 26 -28 -29 29 -31 31 32 -34 37 -36 -37 -38 -39 -40
leaf_value=-0.00025387164569660753 0 0 0 0 0 0 0.0028868600653847846 0 0.0010481851243044908 0.00054905521592827234 0 0 0 0 0 -0.0022485382910286409 0 0 0 0 0 -0.0027010685171285024 0.0010293165342888726 0 -0.0002046795192405393 0 0 0.00065868395286739021 0 0 0 -0.00048915504600835339 0 -0.0013291326648517756 0 0 -0.00063678550347616176 0 0
leaf_weight=2585 64 7462 12090 8714 43 1458 29567 687 47134 19087 4752 1583 863 258 136 15368 250 50 1898 1929 34 28129 15410 1498 9616 203 3138 16194 2417 6586 328 11214 107 7119 739 254 22968 34 122
leaf_count=2585 64 7462 12090 8714 43 1458 29567 687 47134 19087 4752 1583 863 258 136 15368 250 50 1898 1929 34 28129 15410 1498 9616 203 3138 16194 2417 6586 328 11214 107 7119 739 254 22968 34 122
internal_value=0 0.000463969 0.000773752 0.00107429 -0.001805 0.00142119 0.00155257 0 0.00162848 0.00219593 0.000881918 0.000401537 -0.00165624 -0.001746 0.000720149 -0.00179818 -0.0026583 -0.00046848 0.000870608 -0.000617283 -0.00222616 -0.00269134 0.000992846 -0.000585729 0 0 0.000414935 0.000592587 0 -0.000119652 -0.000248866 -0.000361841 -0.000447317 -0.00130716 0 -0.000623445 -0.000632838 -0.00132392 -0.000193758
internal_weight=282088 223868 199883 143309 58220 110712 101998 56574 100540 48654 51886 31117 23985 23122 19027 22864 28422 25457 17444 29798 15402 28172 15546 24770 32597 22859 19535 16397 22581 20652 14066 11649 11321 7217 3324 23272 23018 7153 9738
internal_count=282088 223868 199883 143309 58220 110712 101998 56574 100540 48654 51886 31117 23985 23122 19027 22864 28422 25457 17444 29798 15402 28172 15546 24770 32597 22859 19535 16397 22581 20652 14066 11649 11321 7217 3324 23272 23018 7153 9738
is_linear=0
shrinkage=0.05


Tree=2
num_leaves=38
num_cat=0
split_feature=2 6 1 5 4 2 2 3 2 5 4 2 1 6 2 6 3 1 1 6 6 2 6 2 6 6 4 3 2 6 6 3 1 1 6 6 3
split_gain=87.3704 50.8932 16.6587 22.1857 9.63901 8.16286 7.72193 3.81747 3.52408 3.84575 1.8261 1.34841 1.22748 1.12471 1.04698 0.792107 0.709954 0.577926 0.540653 0.448786 0.308931 0.30034 2.81139 4.23498 2.02173 0.249093 0.334289 0.216488 0.136607 0.0967568 0.213552 0.253258 0.293407 0.167132 0.0864035 0.0580316 0.0168291
threshold=1.0222958408857103 1.288671835223328 0.44645448120783832 -1.1492574925074923 -1.455392381426615 1.386968561092865 -1.6562519875823425 0.19821525096525108 0.44569734165431169 0.95458251643409076 1.648036990380211 0.99452754272440702 1.7242333333333335 -1.3710506764185113 0.47292810734111684 1.4013310035842297 -1.5279128100935608 -0.69563048024360707 1.6857620046620052 -1.6691913763281441 1.2252884045077108 0.21278604118993141 -0.55873872422680393 -1.2361289549376797 -1.6448679268594018 0.6443359176116642 -1.6104832358907049 1.700072262773723 1.0083933701095662 -1.2056662443247808 0.99559611258361735 -0.64153080135412277 -0.61289802631578938 1.7242333333333335 -1.6691913763281441 1.2252884045077108 1.6220620674740485
decision_type=2 2 2 2 2 2 2 2 2 2 2 2 2 2 2 2 2 2 2 2 2 2 2 2 2 2 2 2 2 2 2 2 2 2 2 2 2
left_child=1 2 3 21 -5 17 -6 16 9 -8 11 15 19 -9 -10 -3 -4 34 -17 -7 -18 22 23 -1 -25 26 -23 35 -28 -19 31 -31 -33 -34 -2 -15 -36
right_child=5 10 7 4 6 12 8 13 14 -11 -12 -13 -14 27 -16 18 20 29 -20 -21 -22 25 -24 24 -26 -27 28 -29 -30 30 -32 32 33 -35 36 -37 -38
leaf_value=0 0 0 0 0 0 0 0.0019759959042626642 0 0 0 0 0 0 -0.00060184897191436397 0.00044086676330316573 -0.0021402047516962796 0.00050242833344466822 0 0 -0.0025687457622624648 0 0 0 0 0.001137355800709746 0 -0.0004398347630617394 0 0 0 0 0 -0.00046590142788582054 0 -0.0012676903955827824 0 0
leaf_weight=3052 64 7462 2675 11050 1333 43 67597 687 946 3639 863 258 250 23018 18501 15368 27311 1929 34 28129 1131 777 7037 891 17221 374 10754 287 137 2417 6586 328 11214 107 7119 1465 34
leaf_count=3052 64 7462 2675 11050 1333 43 67597 687 946 3639 863 258 250 23018 18501 15368 27311 1929 34 28129 1131 777 7037 891 17221 374 10754 287 137 2417 6586 328 11214 107 7119 1465 34
internal_value=0 0.000437245 0.000735212 0.00102103 0.00140798 -0.00172769 0.00157455 0 0.00165135 0.0018902 -0.0015859 -0.0016731 -0.00252731 -0.000440394 0.000233437 -0.00172449 0.000376517 -0.000592682 -0.00211806 -0.00255921 0.000464743 0 0.00011153 0.000582827 0.000980578 -0.000176409 -0.000287941 -0.000556882 -0.000401715 0 -0.000106735 -0.000230141 -0.000339414 -0.000424272 -0.00124649 -0.000579018 -0.00126275
internal_weight=282088 223868 199883 143309 103066 58220 92016 56574 90683 71236 23985 23122 28422 25457 19447 22864 31117 29798 15402 28172 28442 40243 28201 21164 18112 12042 11668 24770 10891 22581 20652 14066 11649 11321 7217 24483 7153
internal_count=282088 223868 199883 143309 103066 58220 92016 56574 90683 71236 23985 23122 28422 25457 19447 22864 31117 29798 15402 28172 28442 40243 28201 21164 18112 12042 11668 24770 10891 22581 20652 14066 11649 11321 7217 24483 7153
is_linear=0
shrinkage=0.05


Tree=3
num_leaves=35
num_cat=0
split_feature=2 6 1 5 4 2 2 3 2 5 4 2 2 6 2 6 1 1 3 6 3 6 1 6 3 3 2 6 2 6 6 4 2 6
split_gain=79.4264 46.4649 14.913 20.6222 8.71781 7.28973 6.63829 3.38009 2.7422 3.40059 1.71298 1.48769 1.28131 1.06036 0.979472 0.954109 0.976452 0.692128 0.662077 0.500661 0.83972 0.295861 0.511659 0.28851 0.269422 0.204308 0.194685 2.44646 3.92624 1.89993 0.228044 0.312886 0.129418 0.0458557
threshold=1.0222958408857103 1.288671835223328 0.44645448120783832 -1.1492574925074923 -1.455392381426615 -1.6562519875823425 1.4789283385988667 0.19821525096525108 0.44569734165431169 0.95458251643409076 1.648036990380211 1.452958885017422 0.99452754272440702 -1.3710506764185113 0.47292810734111684 1.5597358537188042 1.7242333333333335 1.7242333333333335 -1.5279128100935608 -1.4888132570101209 -1.5141241349480967 1.4013310035842297 1.6857620046620052 1.2252884045077108 1.7173952222959523 1.700072262773723 0.21278604118993141 -0.55873872422680393 -1.2361289549376797 -1.6448679268594018 0.6443359176116642 -1.6104832358907049 1.0083933701095662 1.2252884045077108
decision_type=2 2 2 2 2 2 2 2 2 2 2 2 2 2 2 2 2 2 2 2 2 2 2 2 2 2 2 2 2 2 2 2 2 2
left_child=1 2 3 26 -5 -6 11 18 9 -7 12 15 21 -9 -10 16 19 -8 -4 -2 -21 -3 -23 -20 -22 33 27 28 -1 -30 31 -28 -33 -15
right_child=6 10 7 4 5 8 17 13 14 -11 -12 -13 -14 25 -16 -17 -18 -19 23 20 24 22 -24 -25 -26 -27 30 -29 29 -31 -32 32 -34 -35
leaf_value=0 0 0 0 0 0 0.0018780376785801746 -0.0027139412139263437 0 0 0 0 0 0 -0.00057249781662686416 0.00041949455942107681 0 0 0 0.0004778302537152264 0 -0.0010558462518383866 -0.0020370929833503255 0 0 0 0 0 0 0 0.0010823441225065156 0 -0.00041896950186359007 0 0
leaf_weight=3052 1365 7462 2675 11050 1333 67597 20665 687 946 3639 863 2164 258 23018 18501 1453 179 207 27311 1070 31081 15368 34 1131 36 287 777 7037 891 17221 374 10754 137 1465
leaf_count=3052 1365 7462 2675 11050 1333 67597 20665 687 946 3639 863 2164 258 23018 18501 1453 179 207 27311 1070 31081 15368 34 1131 36 287 777 7037 891 17221 374 10754 137 1465
internal_value=0 0.00040972 0.00069619 0.000966617 0.00133961 0.00149802 -0.00165413 0 0.0015737 0.0017972 -0.00151896 -0.000774079 -0.00160372 -0.000413793 0.000213074 -0.00085991 -0.000916665 -0.00268584 0.000354873 -0.000957183 -0.000996274 -0.00165434 -0.00201516 0.000441104 -0.00104513 -0.000529559 0 7.75052e-05 0.00053779 0.000928189 -0.000157673 -0.000268633 -0.000381098 -0.000551382
internal_weight=282088 223868 199883 143309 103066 92016 58220 56574 90683 71236 23985 37348 23122 25457 19447 35184 33731 20872 31117 33552 32187 22864 15402 28442 31117 24770 40243 28201 21164 18112 12042 11668 10891 24483
internal_count=282088 223868 199883 143309 103066 92016 58220 56574 90683 71236 23985 37348 23122 25457 19447 35184 33731 20872 31117 33552 32187 22864 15402 28442 31117 24770 40243 28201 21164 18112 12042 11668 10891 24483
is_linear=0
shrinkage=0.05


Tree=4
num_leaves=28
num_cat=0
split_feature=2 6 0 2 5 5 2 4 2 3 0 4 0 6 4 0 3 6 6 3 6 3 6 6 2 3 3
split_gain=71.8159 42.4344 19.2028 17.4403 7.08306 6.19612 5.94965 3.54565 2.91627 2.62658 2.08774 1.61106 1.56907 0.791776 0.73819 0.679426 0.741005 0.659285 3.19649 0.501257 0.393709 0.568623 0.190392 0.0918369 0.0281976 0.0114706 0.400628
threshold=1.0222958408857103 1.288671835223328 -1.4712559614593166 0.44569734165431169 -1.5118557232241441 0.8191701754385966 1.386968561092865 1.5980758602460594 -1.6562519875823425 0.85899276585483497 0.81978874521945 1.648036990380211 -1.455392381426615 1.3816580388024831 -1.6375790412486062 1.2286393199160139 1.6347157246119208 1.0987427690848746 0.99559611258361735 -0.23592448490187445 -1.4888132570101209 -1.5141241349480967 -1.6691913763281441 1.6317413838089141 0.96710537426865339 0.76242800210542161 -0.8742353432881188
decision_type=2 2 2 2 2 2 2 2 2 2 2 2 2 2 2 2 2 2 2 2 2 2 2 2 2 2 2
left_child=1 2 9 4 -4 7 15 8 -6 14 11 13 -8 -3 -1 16 20 18 22 -7 -2 -22 -14 -23 -15 26 -5
right_child=6 10 3 25 5 19 12 -9 -10 -11 -12 -13 17 24 -16 -17 -18 -19 -20 -21 21 23 -24 -25 -26 -27 -28
leaf_value=0 0 0 0 0 0 0.00044972326673974896 0 0 0.0014039360835241225 0 0 0 0 -0.0020101402331239937 -0.0015205874186231436 0 0 -0.00365051600671893 0 0 0 -0.0009273254479854531 -0.0012323551269072513 0 0 -6.5881200494555245e-05 0.00020411440446027561
leaf_weight=228 858 5376 11972 12665 240 5615 93 2034 111379 9572 2702 673 43 15090 6243 11602 125 9946 1263 10450 706 16298 17077 209 144 6026 23459
leaf_count=228 858 5376 11972 12665 240 5615 93 2034 111379 9572 2702 673 43 15090 6243 11602 125 9946 1263 10450 706 16298 17077 209 144 6026 23459
internal_value=0 0.000383564 0.000659097 0.000832206 0.00109737 0.00120447 -0.00157853 0.00133805 0.00137907 -0.000665671 -0.00145524 -0.00161808 -0.00229729 -0.00170041 -0.00140561 -0.00052359 -0.000730751 -0.00233028 -0.000983677 0 -0.000798057 -0.000850247 -0.00121989 -0.000914319 -0.00199985 0 0
internal_weight=282088 223868 199883 183840 141690 129718 58220 113653 111619 16043 23985 21283 28422 20610 6471 29798 18196 28329 18383 16065 18071 17213 17120 16507 15234 42150 36124
internal_count=282088 223868 199883 183840 141690 129718 58220 113653 111619 16043 23985 21283 28422 20610 6471 29798 18196 28329 18383 16065 18071 17213 17120 16507 15234 42150 36124
is_linear=0
shrinkage=0.05


Tree=5
num_leaves=33
num_cat=0
split_feature=2 6 0 2 2 2 1 4 3 1 3 1 3 0 0 4 0 1 1 4 4 6 6 0 1 1 1 6 2 3 6 6
split_gain=65.5033 38.5959 17.6011 16.0861 5.93443 4.97011 3.95103 4.84118 3.89313 2.75411 2.35297 2.15744 3.64112 3.32545 1.8948 1.5125 1.49375 1.11503 0.907734 0.76378 0.694956 0.443205 0.394886 0.285446 0.346238 0.240377 0.141224 0.0742246 0.0176756 0.0147337 0.00444774 0.108113
threshold=1.0222958408857103 1.288671835223328 -1.4712559614593166 1.0000000180025095e-35 -1.6562519875823425 1.386968561092865 1.1694094220495388 -1.455392381426615 0.76242800210542161 -1.5702126397617422 0.85899276585483497 -1.1513025903009408 -0.91692240668786051 -0.14289445062415032 0.81978874521945 1.648036990380211 -1.455392381426615 1.7092970553592461 -0.69563048024360707 -1.2476265140202421 -1.6375790412486062 1.3816580388024831 -1.6691913763281441 0.072335372960372957 1.5966896086369773 1.6857620046620052 -1.4411845039018949 -1.6691913763281441 0.96710537426865339 1.6220620674740485 -1.2056662443247808 0.99559611258361735
decision_type=2 2 2 2 2 2 2 2 2 2 2 2 2 2 2 2 2 2 2 2 2 2 2 2 2 2 2 2 2 2 2 2
left_child=1 2 10 4 -4 18 7 -6 11 -9 20 -5 -13 -14 15 21 -7 22 27 -10 -1 -3 -18 -21 -25 28 -22 -2 -23 -29 -20 -32
right_child=5 14 3 8 6 16 -8 9 19 -11 -12 12 13 -15 -16 -17 17 -19 30 23 26 25 -24 24 -26 -27 -28 29 -30 -31 31 -33
leaf_value=0 0 0 0 0 0 0 0 0 0 0.0015172748949658665 0 0 0 0.00099854133017368346 0 0 0 0 0 0 0 -0.0019253787322737815 -0.0022824121912030297 -0.0010854602904840417 0 0 -0.0015300700785219872 -0.001142309715699599 0 0 -0.00013860824302896387 0
leaf_weight=228 64 5376 520 13383 9561 93 10081 3271 1431 85461 9572 19471 4505 28904 2702 673 43 518 1929 1556 536 15058 27768 5332 364 32 5707 7119 144 34 14066 6586
leaf_count=228 64 5376 520 13383 9561 93 10081 3271 1431 85461 9572 19471 4505 28904 2702 673 43 518 1929 1556 536 15058 27768 5332 364 32 5707 7119 144 34 14066 6586
internal_value=0 0.000356062 0.000620737 0.000787936 0.0011875 -0.00151691 0.00124622 0.00134585 6.65347e-05 0.00146312 -0.000637119 0.000313963 0.000473432 0.000787618 -0.00139351 -0.00154871 -0.00219841 -0.00223109 -0.000498715 -0.000612739 -0.0013383 -0.00162883 -0.00227305 -0.000829343 -0.0009859 -0.00190395 -0.00145103 -0.00112248 -0.00191584 -0.0011377 0 -2.28841e-05
internal_weight=282088 223868 199883 183840 108894 58220 108374 98293 74946 88732 16043 66263 52880 33409 23985 21283 28422 28329 29798 8683 6471 20610 27811 7252 5696 15234 6243 7217 15202 7153 22581 20652
internal_count=282088 223868 199883 183840 108894 58220 108374 98293 74946 88732 16043 66263 52880 33409 23985 21283 28422 28329 29798 8683 6471 20610 27811 7252 5696 15234 6243 7217 15202 7153 22581 20652
is_linear=0
shrinkage=0.05


Tree=6
num_leaves=53
num_cat=0
split_feature=6 2 3 6 5 1 2 1 6 6 4 2 5 6 5 1 1 3 6 3 5 3 2 5 5 6 4 3 1 5 6 6 2 5 3 6 2 3 4 5 3 5 3 6 2 4 1 4 5 4 3 3
split_gain=60.8533 37.0352 35.416 10.1976 9.01265 8.54018 6.83736 5.38888 4.64421 3.70527 2.94894 2.33495 2.3759 2.14835 1.95899 1.83865 1.53416 1.52802 1.50291 1.76999 1.4309 1.80213 1.54531 1.2308 2.92829 2.02972 1.7246 0.993606 0.847153 0.777382 0.659125 0.639163 0.579709 1.44703 1.49634 1.67539 0.371551 0.472682 0.29566 0.231157 0.613203 0.219401 0.201593 0.304113 0.346445 0.240718 0.181829 0.177301 0.17616 0.369421 0.121707 0.0998194
threshold=1.0880326764052313 0.44569734165431169 0.99497088444465664 0.048562001378902715 -1.2601271777003482 -0.65354971115840665 -1.6562519875823425 0.44645448120783832 1.288671835223328 0.017625579464470954 -1.4989476031215159 1.2391774031264575 1.2255388418079096 0.77480481902356924 -0.87126844509793611 -1.5840593031875461 0.44645448120783832 0.91131935483870974 -1.3938688766301444 -0.64153080135412277 -1.5971549182524789 0.83137641256165318 0.48748747518669072 -0.46153855278766315 0.63769130272489749 0.27114384436701527 1.4421655132641293 -0.19554242424242413 1.7242333333333335 -0.35539965868732987 -1.6691913763281441 0.84382841249465135 -1.2361289549376797 -1.6816926975463558 0.24001688443255326 -0.71216925037162859 -1.4606310115589625 -1.7068947603121514 1.572451355661882 -1.7068173553904511 -1.1824160065886682 1.5069633679606345 -1.3899672911091285 1.0221328049175027 0.36467249107000671 1.4035806785806788 1.7092970553592461 -1.6691913763281441 -0.18129383252126938 1.6604520661713547 -0.16841130164460491 1.6837895206243034
decision_type=2 2 2 2 2 2 2 2 2 2 2 2 2 2 2 2 2 2 2 2 2 2 2 2 2 2 2 2 2 2 2 2 2 2 2 2 2 2 2 2 2 2 2 2 2 2 2 2 2 2 2 2
left_child=1 3 8 4 32 13 -6 9 27 10 -8 16 18 30 -4 -16 20 38 -13 -20 -7 22 -22 42 25 -25 31 29 -21 -2 -3 -27 -1 -34 35 -35 -31 -38 -10 -32 -41 -42 -5 44 45 -44 -17 -39 -9 -50 -26 -52
right_child=2 5 14 23 6 11 7 48 17 -11 -12 12 -14 -15 15 46 -18 -19 19 28 21 -23 -24 24 50 26 -28 -29 -30 36 39 -33 33 34 -36 -37 37 47 -40 40 41 -43 43 -45 -46 -47 -48 -49 49 -51 51 -53
leaf_value=0 0 0 0 0 0 0 0 0 -0.00094811700510503711 0 0.0019959522035274523 0 0 0 0 -0.0033040719263935248 0 0 0 -0.0013247509995165873 0 0 0.0010378271782516175 0 0 0.0013200108677302465 0 0 0 0 0 0 0 0.00097632878965839959 0 0 0 0 0 0 -0.0015553538774192293 0 -0.00051391275266236532 0 0 0 0 0.0011334685430310816 0.00036569704433089768 0 -0.00022308727291759663 0
leaf_weight=3164 1214 232 80 1878 1637 567 4825 5768 18739 836 48062 840 7365 1467 126 20146 16128 1077 1287 11641 935 2442 14654 4932 5182 11698 679 6813 124 159 160 4809 2003 13053 3102 3457 30 21 921 3952 19343 42 9764 418 389 333 54 4853 9618 287 10547 235
leaf_count=3164 1214 232 80 1878 1637 567 4825 5768 18739 836 48062 840 7365 1467 126 20146 16128 1077 1287 11641 935 2442 14654 4932 5182 11698 679 6813 124 159 160 4809 2003 13053 3102 3457 30 21 921 3952 19343 42 9764 418 389 333 54 4853 9618 287 10547 235
internal_value=-3.78974e-06 0.000318371 -0.00153398 0.000818162 0.00113444 -0.000458264 0.00143069 0.00152938 -0.000186557 0.00180615 0.0018672 0 -0.000488408 -0.00122245 -0.00321055 -0.00325289 0.000133378 -0.000775118 -0.000877686 -0.00104566 0.00048242 0.000657283 0.000880845 1.63958e-05 0.000282742 0.000677259 0.000933599 0 -0.00125132 0.000601837 -0.00134368 0.00107636 0 0.000255528 0.00050092 0.000717873 0.000885697 0.000988205 -0.00090637 -0.00137525 -0.00138857 -0.00154485 0 -0.00020948 -0.000337991 -0.000446667 -0.00329646 0.00109478 0 0.000204936 0 -0.000163637
internal_weight=282088 227855 54233 146676 95812 81179 71033 69396 33827 53723 52887 55983 21257 25196 20406 20326 34726 20737 13892 13052 18598 18031 15589 50864 38082 22118 17186 13090 11765 6277 23729 16507 24779 21615 19612 16510 5063 4904 19660 23497 23337 19385 12782 10904 10486 10097 20200 4874 15673 9905 15964 10782
internal_count=282088 227855 54233 146676 95812 81179 71033 69396 33827 53723 52887 55983 21257 25196 20406 20326 34726 20737 13892 13052 18598 18031 15589 50864 38082 22118 17186 13090 11765 6277 23729 16507 24779 21615 19612 16510 5063 4904 19660 23497 23337 19385 12782 10904 10486 10097 20200 4874 15673 9905 15964 10782
is_linear=0
shrinkage=0.05


Tree=7
num_leaves=39
num_cat=0
split_feature=6 2 3 0 1 1 0 0 2 4 4 0 1 6 6 3 3 2 0 6 1 6 1 2 6 3 0 2 4 6 1 2 3 4 1 3 4 2
split_gain=55.0173 33.7638 31.7153 10.788 7.64835 7.17798 6.17354 5.41006 3.74931 3.81678 3.61103 2.74532 6.24444 2.65275 2.6269 2.33437 2.12517 1.99903 2.53816 2.12989 1.66728 1.54957 1.57474 1.4219 1.26437 2.00208 1.19571 0.859756 0.76694 0.762947 0.497463 0.477619 0.466416 0.3872 0.943127 0.270143 0.278785 2.36627e-05
threshold=1.0880326764052313 0.44569734165431169 0.99497088444465664 -1.5840593031875461 -0.65354971115840665 1.1694094220495388 0.61128704358068331 -0.7085372390007455 -1.6562519875823425 -1.455392381426615 1.6104832358907055 -1.314555477031802 0.44645448120783832 -1.6448679268594018 0.83173036249159493 0.91131935483870974 -1.2374101930320149 1.1311514054800889 1.5845704821494297 0.9684419915396818 0.44645448120783832 1.288671835223328 1.5065843756857584 0.50127636181909041 -1.3938688766301444 -0.64153080135412277 0.029827940879201879 1.4001850917045264 -1.6104832358907049 -1.6448679268594018 -1.5702126397617422 1.3469071922886802 1.4898976074614765 1.5855821718931478 1.5453845788849347 1.3599184638450008 -1.6253274354281062 -0.71091581569115803
decision_type=2 2 2 2 2 2 2 2 2 2 2 2 2 2 2 2 2 2 2 2 2 2 2 2 2 2 2 2 2 2 2 2 2 2 2 2 2 2
left_child=1 3 7 35 6 8 -3 15 -5 -10 13 -4 -13 -11 16 31 -8 20 19 24 23 22 27 -6 -19 -26 -25 28 -9 -18 -30 33 -28 34 -2 36 -1 -23
right_child=2 4 11 5 17 -7 14 21 9 10 -12 12 -14 -15 -16 -17 29 18 -20 -21 -22 37 -24 26 25 -27 32 -29 30 -31 -32 -33 -34 -35 -36 -37 -38 -39
leaf_value=0 -0.0015505846842409805 0 0 0 0 0 0 0 0 0 0 0 -0.0040019595704868412 0.0012303501493093249 0 0 0 0 0 0 0 0 0 0 0 -0.0012046607447809387 0.00093899577076306273 0 0 -0.0020798627102835763 0.0012554371173687344 0 0 0 0 0 -0.00065183577150317799 -2.1229316656112982e-06
leaf_weight=190 9759 7543 4712 601 1409 12210 2312 109 12629 1242 2344 2666 13028 110287 856 576 236 983 5548 1414 13551 1197 533 1161 2083 16029 13718 469 80 14249 7744 32 87 357 426 3017 4156 12545
leaf_count=190 9759 7543 4712 601 1409 12210 2312 109 12629 1242 2344 2666 13028 110287 856 576 236 983 5548 1414 13551 1197 533 1161 2083 16029 13718 469 80 14249 7744 32 87 357 426 3017 4156 12545
internal_value=-5.75904e-06 0.00029868 -0.00146208 0.000777328 -0.000439735 0.000907884 -0.00116409 -0.000168732 0.00102158 0.00105939 0.00115305 -0.00305196 -0.00352604 0.0011991 -0.00166196 -0.00111196 -0.00180999 0 -0.00040029 -0.000709406 0.000154617 0 0.000638042 0.000537435 -0.000900024 -0.00101081 0.000737333 0.000932475 0.0010816 -0.0020326 0.00118876 -0.00135036 0.000891811 -0.00139142 -0.00144574 -0.000283921 -0.000516765 0
internal_weight=282088 227855 54233 146676 81179 139313 25196 33827 127103 126502 113873 20406 15694 111529 17653 11150 16797 55983 26057 20509 29926 22677 8935 16375 19095 18112 14966 8402 7933 14485 7824 10574 13805 10542 10185 7363 4346 13742
internal_count=282088 227855 54233 146676 81179 139313 25196 33827 127103 126502 113873 20406 15694 111529 17653 11150 16797 55983 26057 20509 29926 22677 8935 16375 19095 18112 14966 8402 7933 14485 7824 10574 13805 10542 10185 7363 4346 13742
is_linear=0
shrinkage=0.05


Tree=8
num_leaves=38
num_cat=0
split_feature=6 2 5 0 1 1 5 0 2 6 5 0 4 6 2 0 4 6 5 6 2 2 0 5 6 4 5 0 1 1 5 4 0 6 6 6 1
split_gain=50.5794 30.2474 11.5735 9.97682 6.9209 6.57349 7.25515 5.61685 3.54137 3.01458 2.59542 2.71125 2.39306 1.83849 1.66883 2.97317 2.13924 1.71213 1.54915 1.48842 1.4117 1.34304 1.14428 1.00649 0.925437 0.688798 0.284274 0.310349 0.358298 0.267216 0.241333 0.114895 0.105979 0.02484 0.0158029 0.225209 0.00452025
threshold=1.0880326764052313 0.44569734165431169 1.4143713845424375 -1.5840593031875461 -0.65354971115840665 1.1694094220495388 -1.5118557232241441 0.68133248864956208 -1.6562519875823425 0.70094632516438959 1.3337236952861955 0.76386024125746321 -0.5847462825734896 1.1073197231833911 1.2391774031264575 1.5845704821494297 0.28341090510761768 0.9684419915396818 -1.5971549182524789 -1.3938688766301444 -1.5845704821494293 0.48748747518669072 -0.50432404076738591 1.3726924080664296 -1.6691913763281441 -1.4007662642521794 1.453440277777778 -1.6419261081138259 -1.6372694215618053 1.6722369007803792 1.5069633679606345 1.6366439166439171 1.6953421404682276 1.0755720578131136 1.0101545266813725 -1.3710506764185113 1.6857620046620052
decision_type=2 2 2 2 2 2 2 2 2 2 2 2 2 2 2 2 2 2 2 2 2 2 2 2 2 2 2 2 2 2 2 2 2 2 2 2 2
left_child=1 3 23 26 7 6 -5 -3 -8 24 11 -10 -4 -14 16 17 18 19 -6 -16 -15 -20 -23 31 -9 -21 27 28 -1 33 -26 32 36 -30 35 -18 -2
right_child=2 4 12 5 14 -7 8 9 10 -11 -12 -13 13 20 15 -17 34 -19 21 25 -22 22 -24 -25 30 -27 -28 -29 29 -31 -32 -33 -34 -35 -36 -37 -38
leaf_value=0 -0.00059155121810107762 0 0 0 0 0 0 0 0.0012036601941974197 0 0 0 0 0 0 0 0 0 0 0 -0.0030604731908937038 0 0.00098979225853119382 0 -0.0018974653445671622 -0.001215097239592575 0 0 -0.00098932998760382592 0 0 0 0 0 0 -0.00019247567121197237 0
leaf_weight=143 34362 8758 949 12136 435 12210 556 155 109862 1255 1334 3215 383 1748 725 5507 1122 1129 891 268 14665 332 15535 1605 14990 13628 802 3058 3177 150 38 361 102 33 728 15683 58
leaf_count=143 34362 8758 949 12136 435 12210 556 155 109862 1255 1334 3215 383 1748 725 5507 1122 1129 891 268 14665 332 15535 1605 14990 13628 802 3058 3177 150 38 361 102 33 728 15683 58
internal_value=-1.27185e-05 0.000277467 -0.00140956 0.000732175 -0.00041768 0.000859386 0.000968439 -0.00110661 0.00109241 -0.00163702 0.00112965 0.00116111 -0.00264999 -0.00278393 0 -0.000418387 9.94743e-05 -0.000830192 0.000566172 -0.00101093 -0.00286276 0.000742937 0.000886561 -0.000496772 -0.0018361 -0.00115334 -0.00026687 -0.000422759 -0.000708894 -0.000864902 -0.00188493 -0.000573501 -0.000583497 -0.000976664 0 -4.76693e-05 -0.000590788
internal_weight=282088 227855 54233 146676 81179 139313 127103 25196 114967 16438 114411 113077 17745 16796 55983 21257 34726 15750 17193 14621 16413 16758 15867 36488 15183 13896 7363 6561 3503 3360 15028 34883 34522 3210 17533 16805 34420
internal_count=282088 227855 54233 146676 81179 139313 127103 25196 114967 16438 114411 113077 17745 16796 55983 21257 34726 15750 17193 14621 16413 16758 15867 36488 15183 13896 7363 6561 3503 3360 15028 34883 34522 3210 17533 16805 34420
is_linear=0
shrinkage=0.05


Tree=9
num_leaves=46
num_cat=0
split_feature=6 3 0 0 1 5 6 1 0 3 6 3 5 0 1 5 5 5 0 4 6 1 0 3 6 1 0 4 1 4 6 4 4 5 5 5 5 1 4 1 1 6 5 3 3
split_gain=45.9312 28.3172 26.205 10.5535 8.24056 7.96982 8.35914 7.4991 4.56656 3.16524 4.05549 2.12671 2.02145 1.73287 4.1465 2.72082 1.72609 3.06776 1.91366 1.50673 1.48447 1.51924 1.22965 0.739679 2.00829 2.23549 1.64749 1.02272 0.652102 0.618225 0.600928 0.527491 0.961625 1.13964 1.20952 0.486924 0.438587 0.368059 0.304743 0.893677 0.259732 0.0944823 0.0993303 0.000712855 0.0850243
threshold=1.0880326764052313 0.99497088444465664 0.6408539211653399 -1.5976169909020517 -0.65354971115840665 -1.3722678160919537 0.017625579464470954 0.44645448120783832 -0.7085372390007455 -1.0838140715109572 0.83173036249159493 0.91131935483870974 -1.2601271777003482 -1.3286694366127514 0.44645448120783832 -0.43400726142338464 -0.36789272740751716 0.63769130272489749 -1.2189280195576464 1.1616616266944737 1.288671835223328 1.5065843756857584 0.36420580094568122 0.6128980263157896 0.99559611258361735 -0.19881803842169701 1.5845704821494297 -1.3449061561561559 -1.6372694215618053 -1.6104832358907049 -1.6691913763281441 0.35088221387153756 -1.2339643331578813 -1.4421655132641289 0.83230086091854949 -0.6809539742638272 1.4915954522738633 -1.5441033412715595 1.5855821718931478 1.5453845788849347 1.6722369007803792 1.0755720578131136 1.6879917274939176 -0.93107957559681676 1.3337236952861955
decision_type=2 2 2 2 2 2 2 2 2 2 2 2 2 2 2 2 2 2 2 2 2 2 2 2 2 2 2 2 2 2 2 2 2 2 2 2 2 2 2 2 2 2 2 2 2
left_child=2 8 3 28 9 -5 7 12 11 -4 19 38 -7 -3 -15 -16 43 18 -18 30 21 29 -14 31 25 -25 27 -27 -1 -10 -11 32 -6 -34 -35 -31 -32 -37 39 -2 41 42 -30 -8 -45
right_child=1 13 4 5 23 6 16 -9 20 10 -12 -13 22 14 15 -17 17 -19 -20 -21 -22 -23 -24 24 -26 26 -28 -29 40 35 36 -33 33 34 -36 37 -38 -39 -40 -41 -42 -43 -44 44 -46
leaf_value=0 -0.0013952308879947295 0 0 0 0 0 0 0 0 0 0 0 0.0017574426506878937 0 0 -0.0037531222731859619 0 0 0.0009719953072352466 0 0 0 0 0 0 0 0 -0.0011384809875982112 -0.00091461685979935469 0 -0.0020141538239714231 0 0 0.00099081001511537896 0 0 0 0.0011766491228487859 0 0 0 0 0 -0.00014676471595290294 0
leaf_weight=214 9786 4657 3395 22737 1165 5831 4751 16302 114 127 807 576 49513 2677 40 13032 3892 14897 18455 646 13742 533 7428 2820 1493 150 4476 14169 5979 711 14447 12320 617 9210 1880 74 47 7503 361 427 327 75 46 9370 269
leaf_count=214 9786 4657 3395 22737 1165 5831 4751 16302 114 127 807 576 49513 2677 40 13032 3892 14897 18455 646 13742 533 7428 2820 1493 150 4476 14169 5979 711 14447 12320 617 9210 1880 74 47 7503 361 427 327 75 46 9370 269
internal_value=-1.82443e-05 -0.00135008 0.000256356 0.000633986 -0.000483024 0.000756889 0.000907665 0.00126688 -0.000114596 -0.00135013 -0.00163388 -0.00100583 0.00152115 -0.0028482 -0.0032697 -0.00368055 0.000152601 0.000382401 0.000758776 -0.00185614 0 0.000624496 0.00162368 0 -0.000278173 -0.000555684 -0.000801349 -0.00105427 -0.000614091 0.0009143 -0.00195945 2.50295e-05 0.000315 0.000551612 0.000751319 0.00101042 -0.00199285 0.00112212 -0.0012412 -0.00128945 -0.000788195 -0.000865361 -0.000890566 0 -1.32052e-05
internal_weight=282088 54233 227855 160086 67769 153445 130708 79074 33827 19469 16074 11150 62772 20406 15749 13072 51634 37244 22347 15267 22677 8935 56941 48300 23108 21615 18795 14319 6641 8402 14621 25192 12872 11707 11090 8288 14494 7577 10574 10213 6427 6100 6025 14390 9639
internal_count=282088 54233 227855 160086 67769 153445 130708 79074 33827 19469 16074 11150 62772 20406 15749 13072 51634 37244 22347 15267 22677 8935 56941 48300 23108 21615 18795 14319 6641 8402 14621 25192 12872 11707 11090 8288 14494 7577 10574 10213 6427 6100 6025 14390 9639
is_linear=0
shrinkage=0.05


Tree=10
num_leaves=46
num_cat=0
split_feature=6 3 2 6 0 5 2 1 0 0 0 3 5 5 1 0 1 1 6 1 2 0 6 6 3 2 0 3 5 2 6 1 2 5 0 6 6 1 2 6 1 3 1 1 3
split_gain=42.4567 25.6867 25.0114 9.52217 8.15149 7.74751 6.05827 5.11071 4.35247 4.05455 2.14241 1.99899 1.8808 1.63717 1.50688 1.54741 1.49902 1.45387 1.27213 1.41738 0.935837 2.39005 1.46518 1.25468 0.784552 0.784145 0.690556 2.77203 1.83493 1.98143 0.700148 0.685706 1.25652 1.04569 1.29819 0.664817 0.57817 0.507869 0.419774 0.380118 0.437078 0.378578 0.294357 0.151533 0.0104814
threshold=1.0880326764052313 0.99497088444465664 0.43176194539249146 0.048562001378902715 0.43322324414715729 -1.6816926975463558 -1.6562519875823425 -0.60032540851392102 0.61128704358068331 -0.7085372390007455 -1.6108946557649009 0.91131935483870974 0.94118689581095594 -0.87126844509793611 -1.5840593031875461 -1.3441943448725338 0.44645448120783832 -1.5702126397617422 1.288671835223328 1.5065843756857584 1.2391774031264575 1.5845704821494297 0.9684419915396818 -1.3938688766301444 -1.4447031001736685 1.4001850917045264 -0.88595256055653326 -0.066077185537055591 -1.1897584219858153 -1.0680831294066337 0.090261142566782776 0.44645448120783832 0.50127636181909041 -1.5971549182524789 1.2674788404187243 1.0755720578131136 -1.6691913763281441 -1.5702126397617422 1.3469071922886802 0.7287255764830135 -1.6100689638600538 0.95314142499104904 1.6722369007803792 1.6857620046620052 -1.6565130441320199
decision_type=2 2 2 2 2 2 2 2 2 2 2 2 2 2 2 2 2 2 2 2 2 2 2 2 2 2 2 2 2 2 2 2 2 2 2 2 2 2 2 2 2 2 2 2 2
left_child=2 9 3 4 5 -1 -7 8 -4 11 -8 38 35 -3 -15 -16 -17 -12 19 25 31 22 23 -22 -25 37 39 28 -28 -30 -31 32 -9 -34 -35 36 -10 -11 42 40 -5 -39 -2 44 -42
right_child=1 13 7 26 -6 6 10 20 12 18 17 -13 -14 14 15 16 -18 -19 -20 -21 21 -23 -24 24 -26 -27 27 -29 29 30 -32 -33 33 34 -36 -37 -38 41 -40 -41 43 -43 -44 -45 -46
leaf_value=0 -0.0012502357303707835 0 0 0 0 0 0 0 0 0 0 0 0 0 0 0 -0.0035463101260337603 0.0014067887947529561 0 0 0 0 0 0 -0.0011044666929610461 0 0 0 0 0 0.0010906263139828342 0 0 0.0008362614500301126 0 0 -0.0015598532260245081 0.0011486899314072415 0 0 0 0 0 0 -0.0004463323273481066
leaf_weight=2065 10498 80 8208 372 8390 1761 1445 1673 162 121 5298 576 1258 126 4536 2562 13102 76187 13742 533 696 5466 1123 325 13348 469 1664 10470 750 782 16064 16362 452 14862 1017 32 17183 7680 32 7613 155 132 44 216 12456
leaf_count=2065 10498 80 8208 372 8390 1761 1445 1673 162 121 5298 576 1258 126 4536 2562 13102 76187 13742 533 696 5466 1123 325 13348 469 1664 10470 750 782 16064 16362 452 14862 1017 32 17183 7680 32 7613 155 132 44 216 12456
internal_value=-1.97071e-05 -0.00130106 0.000242784 0.000662708 0.000959032 0.0011142 0.00122419 -0.000376903 -0.000945797 -0.000107584 0.00130828 -0.000947638 -0.00135753 -0.00273167 -0.00277243 -0.00281322 -0.00321904 0.00134425 0 0.000578109 0 -0.000323568 -0.000715577 -0.000891924 -0.00102685 0.000865161 0 0.000228116 0.000654811 0.000848763 0.00101767 4.91845e-05 0.000311108 0.000540469 0.000677459 -0.0014946 -0.0015266 0.00100994 -0.00118 -8.34848e-05 -0.000282457 0.00108902 -0.00122096 -0.000404341 -0.000441458
internal_weight=282088 54233 227855 145688 95146 86756 84691 82167 26843 33827 82930 11150 18635 20406 20326 20200 15664 81485 22677 8935 55324 20958 15492 14369 13673 8402 50542 29730 19260 17596 16846 34366 18004 16331 15879 17377 17345 7933 10574 20812 13199 7812 10542 12827 12611
internal_count=282088 54233 227855 145688 95146 86756 84691 82167 26843 33827 82930 11150 18635 20406 20326 20200 15664 81485 22677 8935 55324 20958 15492 14369 13673 8402 50542 29730 19260 17596 16846 34366 18004 16331 15879 17377 17345 7933 10574 20812 13199 7812 10542 12827 12611
is_linear=0
shrinkage=0.05


Tree=11
num_leaves=48
num_cat=0
split_feature=6 3 2 6 0 5 2 1 0 0 6 0 3 5 1 1 6 1 2 0 6 6 3 1 2 5 0 0 1 6 2 0 3 5 5 2 1 2 3 6 1 1 5 1 3 0 0
split_gain=38.9866 23.2897 22.3603 8.59179 7.49781 7.27914 5.70059 4.55963 5.21687 3.58971 2.56147 1.99063 1.87776 1.56181 1.43168 1.19541 1.07631 1.31657 0.98319 1.87151 1.71171 1.02241 1.64297 0.827489 1.49027 1.11981 0.849104 0.822182 0.915655 0.801386 0.733531 0.5237 2.50873 2.16327 2.2126 1.23917 0.480095 0.398312 0.357671 0.336668 0.410036 0.27905 0.207866 0.143317 0.00942544 0.00220253 0.0560433
threshold=1.0880326764052313 0.99497088444465664 0.43176194539249146 0.048562001378902715 0.43322324414715729 -1.6816926975463558 -1.6562519875823425 -0.65354971115840665 0.68133248864956208 -0.7085372390007455 0.70094632516438959 -1.6108946557649009 0.91131935483870974 -0.87126844509793611 -1.5840593031875461 -1.5702126397617422 1.288671835223328 1.5065843756857584 1.1311514054800889 1.5845704821494297 0.9684419915396818 -1.3938688766301444 -0.64153080135412277 0.44645448120783832 0.50127636181909041 -1.5971549182524789 0.029827940879201879 -1.3441943448725338 0.44645448120783832 -1.6691913763281441 1.4001850917045264 -0.88595256055653326 0.50360124391245698 -0.47559055676339917 0.95458251643409076 -1.2509252548396146 -1.5702126397617422 1.3469071922886802 0.95314142499104904 0.7287255764830135 -1.6100689638600538 1.6722369007803792 1.5069633679606345 1.6857620046620052 -1.6565130441320199 -0.26410193032015067 1.5845704821494297
decision_type=2 2 2 2 2 2 2 2 2 2 2 2 2 2 2 2 2 2 2 2 2 2 2 2 2 2 2 2 2 2 2 2 2 2 2 2 2 2 2 2 2 2 2 2 2 2 2
left_child=2 9 3 4 5 -1 -7 8 -4 12 29 -8 37 -3 -15 -13 17 30 23 20 21 -20 -23 24 -9 -26 -27 -16 -29 -10 36 39 33 -33 35 -35 -11 41 -38 40 -5 -2 -31 44 -42 -34 -47
right_child=1 13 7 31 -6 6 11 18 10 16 -12 15 -14 14 27 -17 -18 -19 19 -21 -22 22 -24 -25 25 26 -28 28 -30 42 -32 32 45 34 -36 -37 38 -39 -40 -41 43 -43 -44 -45 -46 46 -48
leaf_value=0 -0.0011910020311045085 0 0 0 0 0 0 0 0 0 0 0 0 0 0 0.0013369816784938393 0 0 0 0 0 0 -0.001039016507467576 0 0 0 0.0008813802267277701 0 -0.0033765226392839806 -0.0016784791721601512 0 0 0 0 0 0.0012220896013561326 0.0010952946763515198 0 0 0 0 0 0 0 -0.00042501016862440759 -0.00020270156530735603 0
leaf_weight=2065 10498 80 9069 372 8390 1761 1445 1781 156 121 1260 5298 576 126 4536 76187 13742 533 983 5548 1414 2083 16029 13785 458 1103 13405 2562 13102 15055 469 7558 2430 284 2617 13823 7680 32 132 7613 155 44 38 216 12456 2963 55
leaf_count=2065 10498 80 9069 372 8390 1761 1445 1781 156 121 1260 5298 576 126 4536 76187 13742 533 983 5548 1414 2083 16029 13785 458 1103 13405 2562 13102 15055 469 7558 2430 284 2617 13823 7680 32 132 7613 155 44 38 216 12456 2963 55
internal_value=-2.66508e-05 -0.00125475 0.00022308 0.000621982 0.00090305 0.00105284 0.00116134 -0.00035931 -0.000918777 -0.000101331 -0.00143362 0.00124411 -0.000891697 -0.00262097 -0.0026613 0.00127895 0 0.000531755 0 -0.000294474 -0.000575651 -0.000756753 -0.000859958 6.89844e-05 0.000357674 0.000618245 0.000761158 -0.00270143 -0.00307603 -0.00161968 0.000816057 0 0.000199216 0.000548306 0.000862824 0.00111969 0.000958136 -0.00112117 0.00103647 -7.0491e-05 -0.000262285 -0.00116196 -0.00166653 -0.000383609 -0.000420387 0 -3.91149e-05
internal_weight=282088 54233 227855 145688 95146 86756 84691 82167 25578 33827 16509 82930 11150 20406 20326 81485 22677 8935 56589 26057 20509 19095 18112 30532 16747 14966 14508 20200 15664 15249 8402 50542 29730 24282 16724 14107 7933 10574 7812 20812 13199 10542 15093 12827 12611 5448 3018
internal_count=282088 54233 227855 145688 95146 86756 84691 82167 25578 33827 16509 82930 11150 20406 20326 81485 22677 8935 56589 26057 20509 19095 18112 30532 16747 14966 14508 20200 15664 15249 8402 50542 29730 24282 16724 14107 7933 10574 7812 20812 13199 10542 15093 12827 12611 5448 3018
is_linear=0
shrinkage=0.05


Tree=12
num_leaves=56
num_cat=0
split_feature=6 3 2 6 5 0 2 1 0 0 1 6 3 5 5 1 6 1 2 6 2 0 6 6 3 6 1 2 5 0 1 3 2 5 1 2 5 5 2 6 0 1 1 2 3 1 1 1 3 5 0 0 2 2 2
split_gain=35.8542 21.1119 19.9262 7.74153 7.35021 6.60236 5.92522 4.10046 3.53327 3.17317 3.01085 2.71176 1.76368 1.68095 1.4908 1.36125 0.904823 1.22135 0.686159 0.6003 0.585721 1.96898 1.2739 1.10809 0.700049 0.512189 0.46443 1.05585 0.924645 1.16455 0.453859 0.410298 1.61202 2.04724 0.804203 0.593846 0.565054 0.992083 0.853972 1.01262 0.935618 0.488866 0.449179 0.37795 0.338012 0.290693 0.264582 0.181756 0.0729829 0.0710916 0.0690732 0.296334 0.649401 0.246159 0.000479201
threshold=1.0880326764052313 0.99497088444465664 0.43176194539249146 0.048562001378902715 -1.2601271777003482 0.43322324414715729 -1.6562519875823425 -0.60032540851392102 0.61128704358068331 -0.7085372390007455 0.44645448120783832 0.017625579464470954 0.91131935483870974 0.94118689581095594 -0.87126844509793611 -1.5840593031875461 1.288671835223328 1.5065843756857584 1.4001850917045264 1.0755720578131136 1.2391774031264575 1.5845704821494297 0.9684419915396818 -1.3938688766301444 -1.4447031001736685 -1.6691913763281441 0.44645448120783832 0.50127636181909041 -1.5971549182524789 1.2674788404187243 -1.5702126397617422 -0.47628945109326865 -1.2509252548396146 -1.1492574925074923 -1.6557242703533024 0.41821711530540567 -0.19584252061248522 0.63769130272489749 0.32253563218390813 0.63182153660012119 0.81978874521945 1.570778262286044 -1.1634870484952942 1.3469071922886802 0.95314142499104904 1.6857620046620052 1.6722369007803792 1.7092970553592461 -1.0838140715109572 -0.18129383252126938 -1.245102158273381 0.43322324414715729 -1.4042763722668281 0.21278604118993141 -1.5845704821494293
decision_type=2 2 2 2 2 2 2 2 2 2 2 2 2 2 2 2 2 2 2 2 2 2 2 2 2 2 2 2 2 2 2 2 2 2 2 2 2 2 2 2 2 2 2 2 2 2 2 2 2 2 2 2 2 2 2
left_child=2 9 3 4 50 6 -6 8 -4 12 11 -8 43 19 -3 -16 17 18 30 25 26 22 23 -22 -25 -10 27 -9 -29 -30 -11 32 -5 -34 -35 -36 38 41 39 40 -33 -38 -39 46 -32 -44 -2 -17 -27 -12 54 52 -52 -54 -1
right_child=1 14 7 31 5 -7 10 20 13 16 49 -13 -14 -15 15 47 -18 -19 -20 -21 21 -23 -24 24 -26 48 -28 28 29 -31 44 36 33 34 35 -37 37 42 -40 -41 -42 -43 45 -45 -46 -47 -48 -49 -50 -51 51 -53 53 -55 -56
leaf_value=0 -0.0011345752185992649 0 0 0 0 0 0.0016586396829557923 0 0 0 0 0 0 0 0 -0.0026025811066444017 0 0 0 0 0 0 0 0 -0.0010053137698447462 0 0 0 0.0007650226227069398 0 0.0010443814191797777 -0.0011968390886037559 0 0 0.0009166069163968276 0 0.00056639796485680768 0 0 0 0 0 -0.0004247946454729631 0 0 0 0 0 -0.0015642600069005544 0.00013779762738269421 0 0 0.00042045753986729388 0 -1.977362379147056e-05
leaf_weight=418 10498 80 8208 1606 1592 6394 47814 1673 162 121 5217 762 576 1258 126 20146 13742 533 469 32 696 5466 1123 325 13348 3101 16362 452 14862 1017 7680 5302 1808 154 15678 149 10118 520 395 2875 101 357 11166 32 132 313 44 54 14082 8779 416 1996 17251 2024 2483
leaf_count=418 10498 80 8208 1606 1592 6394 47814 1673 162 121 5217 762 576 1258 126 20146 13742 533 469 32 696 5466 1123 325 13348 3101 16362 452 14862 1017 7680 5302 1808 154 15678 149 10118 520 395 2875 101 357 11166 32 132 313 44 54 14082 8779 416 1996 17251 2024 2483
internal_value=-3.27393e-05 -0.00121067 0.000204968 0.000583403 0.000849846 0.00110913 0.00126752 -0.000341117 -0.000851413 -9.53863e-05 0.00137173 0.00160329 -0.000838406 -0.00122238 -0.00251558 -0.0025555 0 0.000487557 0.000769236 -0.00135385 0 -0.000259447 -0.000629651 -0.000799543 -0.000929963 -0.0013856 2.03351e-05 0.000251498 0.000474963 0.000610101 0.000908735 0 0.000225635 0.00052416 0.000783431 0.000861428 -1.66032e-05 0 -0.000391914 -0.00063359 -0.00100864 0.000447107 -0.00014652 -0.00106512 0.000986354 -0.000339864 -0.00110576 -0.00259499 -0.00141756 0 0 8.80612e-05 0.000212281 0.000357451 0
internal_weight=282088 54233 227855 145688 95146 70558 64164 82167 26843 33827 62572 48576 11150 18635 20406 20326 22677 8935 8402 17377 55324 20958 15492 14369 13673 17345 34366 18004 16331 15879 7933 50542 19395 17789 15981 15827 31147 22474 8673 8278 5403 10475 11999 10574 7812 11479 10542 20200 17183 13996 24588 21687 19691 19275 2901
internal_count=282088 54233 227855 145688 95146 70558 64164 82167 26843 33827 62572 48576 11150 18635 20406 20326 22677 8935 8402 17377 55324 20958 15492 14369 13673 17345 34366 18004 16331 15879 7933 50542 19395 17789 15981 15827 31147 22474 8673 8278 5403 10475 11999 10574 7812 11479 10542 20200 17183 13996 24588 21687 19691 19275 2901
is_linear=0
shrinkage=0.05


Tree=13
num_leaves=42
num_cat=0
split_feature=3 0 0 2 1 5 4 1 5 1 2 5 3 0 1 2 1 3 4 5 3 5 4 2 4 2 2 4 5 2 0 2 1 1 0 4 2 4 4 0 4
split_gain=32.7467 20.8377 13.774 16.6836 6.05134 12.3643 7.32456 3.86253 3.11845 2.66269 2.27179 1.06379 0.717609 0.708034 0.650557 0.627495 0.637676 0.581532 0.448823 0.649315 0.376352 1.09887 0.775402 0.374063 0.500881 0.536641 0.412252 0.390212 0.263316 0.131282 1.24229 1.35571 0.332096 0.357673 0.119588 0.0546341 0.0133865 0.976619 1.06986 0.032711 0.00354931
threshold=1.2252884045077108 -0.94067349582008697 -1.4989476031215159 0.44569734165431169 0.4611337946943484 -1.1492574925074923 -1.455392381426615 -0.6809539742638272 1.3726924080664296 1.7242333333333335 -1.6562519875823425 -0.18129383252126938 1.2113013937282233 0.69616912273997478 -1.6689768824963915 1.4143713845424375 -1.4411845039018949 -0.68207566567286915 1.1747657150684307 1.4283635385730657 0.87117888667789178 -1.0523927618772977 1.323282668772207 1.2391774031264575 -0.027092620169421155 0.48748747518669072 1.1046861880025618 0.59984983164983185 -1.3319434487253401 -1.6818607239643824 -1.6818607239643824 -0.69672492542878428 1.5966896086369773 -1.7068173553904511 1.5338106382978727 1.648036990380211 -1.2361289549376797 -0.31481568259918769 -1.7068173553904511 0.34958244215438466 1.700072262773723
decision_type=2 2 2 2 2 2 2 2 2 2 2 2 2 2 2 2 2 2 2 2 2 2 2 2 2 2 2 2 2 2 2 2 2 2 2 2 2 2 2 2 2
left_child=2 29 12 4 5 36 -7 11 10 14 -8 13 15 -5 -3 16 -1 18 19 28 21 -19 -23 24 25 -9 -27 -25 -6 -2 -31 32 33 -32 40 -29 39 38 -38 -4 -15
right_child=1 9 3 7 17 6 8 23 -10 -11 -12 -13 -14 34 -16 -17 -18 20 -20 -21 -22 22 -24 27 -26 26 -28 35 -30 30 31 -33 -34 -35 -36 -37 37 -39 -40 -41 -42
leaf_value=0 0 0 -0.00018122518624184728 0 0 0 0 0 0 0 0.0013807466221384367 0 0 -0.0013882215248886831 -0.002182706029353641 0 -0.0016935360687584328 0 0 0 0 -0.0005386247101842014 0 0 0 0.00055983095277920068 0 -0.00047025732648873152 0.00067073635059348871 0 0 0 0 0.00097830338530397799 0 0 0 0 0.00052835748802417535 0 0
leaf_weight=840 2554 271 2928 6984 381 7597 115 850 665 255 68932 6674 173 8950 28189 26 9170 1024 2525 242 4969 18897 3650 7546 26592 11811 2309 7504 10162 697 24 709 572 8350 288 633 270 9935 17746 32 47
leaf_count=840 2554 271 2928 6984 381 7597 115 850 665 255 68932 6674 173 8950 28189 26 9170 1024 2525 242 4969 18897 3650 7546 26592 11811 2309 7504 10162 697 24 709 572 8350 288 633 270 9935 17746 32 47
internal_value=-3.56285e-05 -0.00134803 0.000151561 0.000271077 0.000602557 0.00080111 0.00113724 -0.000221815 0.00130138 -0.00209665 0.00134972 -0.000761198 -0.0014603 -0.000983236 -0.00215957 -0.00152847 -0.00157799 0 0.000320793 0.000473804 -2.89085e-05 -0.000199911 -0.000400643 0 7.84468e-05 0.000311768 0.000440544 -0.000203845 0.000612618 0 0.000173262 0.000579203 0.000846286 0.000924478 -0.00135297 -0.000435222 0 0 0.000362336 -9.7217e-05 -0.00138448
internal_weight=282088 41621 240467 230258 150070 108220 77309 80188 69712 28715 69047 22943 10209 16269 28460 10036 10010 41850 13310 10785 28540 23571 22547 57245 41562 14970 14120 15683 10543 12906 10352 9655 8946 8374 9285 8137 30911 27951 18016 2960 8997
internal_count=282088 41621 240467 230258 150070 108220 77309 80188 69712 28715 69047 22943 10209 16269 28460 10036 10010 41850 13310 10785 28540 23571 22547 57245 41562 14970 14120 15683 10543 12906 10352 9655 8946 8374 9285 8137 30911 27951 18016 2960 8997
is_linear=0
shrinkage=0.05


Tree=14
num_leaves=53
num_cat=0
split_feature=6 3 2 6 5 0 2 1 0 6 1 6 5 0 3 5 1 0 2 6 6 5 5 0 3 6 3 6 0 0 6 2 6 0 3 3 2 5 1 3 1 3 2 0 5 0 0 2 2 3 1 2
split_gain=31.4148 17.2996 16.0647 6.96868 6.45014 6.00786 5.38622 3.62737 2.98176 2.83569 1.899 2.48254 1.53729 1.40982 1.94251 1.3745 1.24644 1.16567 1.62143 0.553164 0.474166 0.313179 1.48351 2.08998 1.40783 1.01025 0.451529 0.444872 0.287938 1.3546 1.52768 1.47154 0.665959 0.453762 0.476301 0.534954 0.226714 0.182317 0.165774 0.162205 0.121643 0.117391 0.11208 0.10114 0.0713783 0.0298574 0.234543 0.57378 0.224482 0.0144605 0.0060879 0.000218841
threshold=1.0880326764052313 0.99497088444465664 0.43176194539249146 0.048562001378902715 -1.2601271777003482 0.43322324414715729 -1.6562519875823425 -0.60032540851392102 0.61128704358068331 1.288671835223328 0.44645448120783832 0.017625579464470954 0.94118689581095594 1.1068332155477034 0.91131935483870974 -0.87126844509793611 -1.5840593031875461 -0.8983876091158689 0.34846721915753637 1.0755720578131136 -1.6691913763281441 -0.46153855278766315 0.63769130272489749 -1.2189280195576464 1.0903945801072068 0.15533949392210378 -1.3899672911091285 1.0221328049175027 1.1611533511078422 1.5845704821494297 0.9684419915396818 0.88353666003367526 -1.3938688766301444 0.52934918297215794 1.4524960087632415 -1.6253274354281062 0.36467249107000671 -1.106833215547703 1.7092970553592461 -0.16841130164460491 1.5065843756857584 1.6837895206243034 1.4789283385988667 0.28119820618840036 -0.18129383252126938 -1.245102158273381 0.43322324414715729 -1.4042763722668281 0.21278604118993141 -1.0838140715109572 1.6857620046620052 -1.5845704821494293
decision_type=2 2 2 2 2 2 2 2 2 2 2 2 2 2 2 2 2 2 2 2 2 2 2 2 2 2 2 2 2 2 2 2 2 2 2 2 2 2 2 2 2 2 2 2 2 2 2 2 2 2 2 2
left_child=2 9 3 4 45 6 -6 8 -4 17 11 -8 19 14 50 -3 -17 -2 37 20 -10 26 23 -23 25 -25 -5 36 33 30 31 -30 -33 -9 35 -35 43 -19 -18 -24 -39 -41 -37 -28 -12 51 47 -47 -49 -22 -11 -1
right_child=1 15 7 21 5 -7 10 28 12 13 44 -13 -14 -15 -16 16 38 18 -20 -21 49 22 39 24 -26 -27 27 -29 29 -31 -32 32 -34 34 -36 42 -38 40 -40 41 -42 -43 -44 -45 -46 46 -48 48 -50 -51 -52 -53
leaf_value=0 0 0 0 0 0 0 0.0015279285868877504 0 0 -0.00095152174718224054 0 0 0 0 0 0 -0.0024207393593289237 0 0 0 0 0 0 0 0 0.0010174041617861675 -0.00059121781398341778 0 0 0 0 0 -0.00091237581731916427 0 0 0.00043049725261640756 0 0.0012236520596553306 0 -0.00025114628061745635 0 0 0 0 0.00013807517920393311 0 0 0.00038598278736343849 0 -0.0014434583737207036 0 -1.3362622226040507e-05
leaf_weight=418 3364 80 8208 1858 1592 6394 47814 9380 162 16878 5217 762 1258 3052 784 126 20146 179 4764 32 3101 4839 5137 1851 917 14361 9020 415 957 5614 1260 779 15350 639 449 20736 331 4580 54 10501 203 235 160 1077 8779 416 1996 17251 2024 14082 23 2483
leaf_count=418 3364 80 8208 1858 1592 6394 47814 9380 162 16878 5217 762 1258 3052 784 126 20146 179 4764 32 3101 4839 5137 1851 917 14361 9020 415 957 5614 1260 779 15350 639 449 20736 331 4580 54 10501 203 235 160 1077 8779 416 1996 17251 2024 14082 23 2483
internal_value=-3.95961e-05 -0.00114263 0.000180159 0.000522911 0.000774466 0.00101675 0.00116955 -0.000302677 -0.00077917 -9.67316e-05 0.00127105 0.00147381 -0.00111998 -0.000589618 -0.000773754 -0.00233568 -0.00237501 0 0.000531732 -0.00124749 -0.00127913 0 0.000112661 0.000431397 0.000729371 0.000877849 -0.000149101 -0.00035307 0 -0.000170326 -0.00046534 -0.000669449 -0.000833059 1.57138e-05 0.000224994 0.000324794 -0.000479982 0.00112118 -0.00241346 0 0.00117642 -0.000189294 0.000413401 -0.000539077 0 0 5.7897e-05 0.000180573 0.000324858 -0.00131065 -0.000950438 0
internal_weight=282088 54233 227855 145688 95146 70558 64164 82167 26843 33827 62572 48576 18635 20737 17685 20406 20326 13090 9726 17377 17345 50542 37841 21968 17129 16212 12701 10843 55324 23960 18346 17086 16129 31364 21984 21535 10428 4962 20200 15873 4783 10736 20896 10097 13996 24588 21687 19691 19275 17183 16901 2901
internal_count=282088 54233 227855 145688 95146 70558 64164 82167 26843 33827 62572 48576 18635 20737 17685 20406 20326 13090 9726 17377 17345 50542 37841 21968 17129 16212 12701 10843 55324 23960 18346 17086 16129 31364 21984 21535 10428 4962 20200 15873 4783 10736 20896 10097 13996 24588 21687 19691 19275 17183 16901 2901
is_linear=0
shrinkage=0.05


Tree=15
num_leaves=34
num_cat=0
split_feature=6 2 5 1 1 4 0 5 1 2 2 6 6 6 0 1 0 6 6 0 1 2 4 2 5 2 0 1 1 1 5 0 0
split_gain=28.3365 14.4752 7.48618 9.80987 7.27222 5.59854 5.30179 4.56118 2.39857 1.66061 2.24939 1.54938 0.896139 0.775495 1.19859 0.757608 0.522494 0.476179 0.421479 0.387963 0.334602 0.32222 0.314893 0.27636 1.81856 1.96746 1.41418 0.230027 0.095905 0.34824 0.116382 0.088654 0.101336
threshold=1.0880326764052313 1.0222958408857103 -1.1492574925074923 0.44645448120783832 0.72057680901542132 -1.455392381426615 -1.4712559614593166 1.2122198222354637 -0.37049749373433577 -1.6562519875823425 -0.42329602052623633 1.2997320282024571 1.035625897417791 -0.72905076445293826 0.69616912273997478 1.7242333333333335 1.7094562500000001 1.0221328049175027 -1.6691913763281441 1.6837895206243034 -1.7068173553904511 1.0083933701095662 1.3755877422544895 0.14440774804905229 -1.6816926975463558 -1.2361289549376797 -1.2742672165047606 1.7092970553592461 -0.51930565371024728 -1.5126171389586023 -1.3722678160919537 -1.1897584219858153 1.4798143906386159
decision_type=2 2 2 2 2 2 2 2 2 2 2 2 2 2 2 2 2 2 2 2 2 2 2 2 2 2 2 2 2 2 2 2 2
left_child=1 2 13 5 8 -4 -7 12 11 -8 -11 -2 15 23 17 16 18 21 -3 -13 -20 22 -15 24 -1 -26 -27 -6 29 -25 -31 -10 -33
right_child=4 7 3 -5 27 6 9 -9 31 10 -12 19 -14 14 -16 -17 -18 -19 20 -21 -22 -23 -24 28 25 26 -28 -29 -30 30 -32 32 -34
leaf_value=0 0 0 0 0 -0.0016242435840728678 0 0 0 0 0.0016816994941284405 0.00049544321654374347 -0.0015702997136684588 0 -0.00081427288011236211 0 0 0 0 0 0 -0.0010153652580959503 0 0 0 0 0 0.00095161835181701128 0 0 -0.00057333938141699951 0 0.00019711139217847888 0
leaf_weight=1662 3560 131 10537 46736 31151 5707 152 9317 2802 33708 47038 3815 522 11060 1243 215 186 111 124 31 31295 25 487 1487 2750 667 14538 69 2660 3682 1815 11644 1161
leaf_count=1662 3560 131 10537 46736 31151 5707 152 9317 2802 33708 47038 3815 522 11060 1243 215 186 111 124 31 31295 25 487 1487 2750 667 14538 69 2660 3682 1815 11644 1161
internal_value=-4.01101e-05 0.00016656 0.000390049 0.000571072 -0.00108861 0.000856185 0.00099105 -0.000577466 0 0.00110166 0.0011256 -0.000866472 -0.000878886 0 -0.000378861 -0.00092396 -0.000958117 -0.000634362 -0.000981813 -0.00149315 -0.00100042 -0.000709962 -0.00075598 0 0.00018495 0.000531553 0.000802093 -0.0016169 0 -0.000178027 -0.000427418 0 0.000128675
internal_weight=282088 227855 186065 143878 54233 97142 86605 41790 23013 80898 80746 7406 32473 42187 12926 31951 31736 11683 31550 3846 31419 11572 11547 29261 19617 17955 15205 31220 9644 6984 5497 15607 12805
internal_count=282088 227855 186065 143878 54233 97142 86605 41790 23013 80898 80746 7406 32473 42187 12926 31951 31736 11683 31550 3846 31419 11572 11547 29261 19617 17955 15205 31220 9644 6984 5497 15607 12805
is_linear=0
shrinkage=0.05


Tree=16
num_leaves=36
num_cat=0
split_feature=3 0 0 2 6 6 5 6 5 4 2 5 6 3 2 3 2 4 0 0 0 2 0 4 0 4 2 0 2 6 2 2 5 6 5
split_gain=25.8363 17.6938 11.8144 12.5918 8.92696 7.40527 4.64823 4.30854 2.79515 2.70468 2.13747 1.87334 1.19145 0.674574 0.591656 0.560606 0.803573 0.605901 0.527453 0.52383 0.460465 0.25077 0.193368 1.69135 0.828435 0.131884 0.128895 1.20757 1.30192 0.675835 0.102048 0.0955291 0.126237 0.0368114 0.018494
threshold=1.2252884045077108 -0.94067349582008697 -1.4989476031215159 0.44569734165431169 1.0987427690848746 1.3702127685165142 -1.1492574925074923 0.99559611258361735 1.0094126848691698 -1.455392381426615 -1.6375790412486062 -0.65354971115840665 -1.0831502825421322 1.2113013937282233 1.4143713845424375 0.89886292538976909 0.21278604118993141 1.6104832358907055 1.5338106382978727 -0.31649856126003323 1.4000473309145918 1.4789283385988667 -1.1494233244460788 -0.51628106725146194 0.32253563218390813 1.023755384506744 -1.6818607239643824 -1.6818607239643824 -0.69672492542878428 1.6198313254440677 -0.077552646285924884 0.80331900726392258 1.6879917274939176 -1.6055701511288472 -0.35539965868732987
decision_type=2 2 2 2 2 2 2 2 2 2 2 2 2 2 2 2 2 2 2 2 2 2 2 2 2 2 2 2 2 2 2 2 2 2 2
left_child=2 26 13 5 7 6 22 -3 9 -8 -11 12 -5 14 -1 16 17 20 19 -14 -7 31 25 24 -24 30 -2 -28 29 33 -4 -13 -33 -29 -23
right_child=1 4 3 11 -6 15 8 -9 -10 10 -12 21 18 -15 -16 -17 -18 -19 -20 -21 -22 34 23 -25 -26 -27 27 28 -30 -31 -32 32 -34 -35 -36
leaf_value=-0.0014870772199417292 0 -0.00089556048834982499 -0.00038439496850003541 0 -0.0032686481801234278 -0.00090592778078906378 0 0 0 0 0.00099720539257814873 0 0 0 0 0 0 0 0 -0.0010067833379690412 0 0 0.00069211141528284655 0 0 0 0 0 0 0 0 0.00012573302671896368 0 0.00096022577695933713 -0.00034996563861249339
leaf_weight=10010 2554 16245 3377 9676 11143 7352 7127 1327 9947 222 90478 17622 542 173 26 1341 1032 240 179 12139 25 266 13579 12638 2283 363 697 94 709 347 66 34654 216 8505 4894
leaf_count=10010 2554 16245 3377 9676 11143 7352 7127 1327 9947 222 90478 17622 542 173 26 1341 1032 240 179 12139 25 266 13579 12638 2283 363 697 94 709 347 66 34654 216 8505 4894
internal_value=-3.95159e-05 -0.0012065 0.000122224 0.000236227 -0.00189917 0.000526482 0.000652225 -0.000387343 0.000812081 0.000892829 0.000966157 -0.00017952 -0.00056142 -0.00137012 -0.00143759 -0.000202686 -0.000445976 -0.000684824 -0.000873901 -0.000934581 -0.000820653 0 0 0.000128931 0.000535307 0 0 0.00017168 0.000571326 0.000832073 -0.000286245 7.00755e-06 8.25241e-05 0.000950035 -0.000329769
internal_weight=282088 41621 240467 230258 28715 150070 140080 17572 107774 97827 90700 80188 22536 10209 10036 9990 8649 7617 12860 12681 7377 57652 32306 28500 15862 3806 12906 10352 9655 8946 3443 52492 34870 8599 5160
internal_count=282088 41621 240467 230258 28715 150070 140080 17572 107774 97827 90700 80188 22536 10209 10036 9990 8649 7617 12860 12681 7377 57652 32306 28500 15862 3806 12906 10352 9655 8946 3443 52492 34870 8599 5160
is_linear=0
shrinkage=0.05


Tree=17
num_leaves=42
num_cat=0
split_feature=6 3 2 5 0 4 4 6 5 3 0 3 3 3 5 5 6 2 6 6 6 2 6 0 0 6 2 2 6 2 4 0 2 5 2 0 0 5 5 4 4
split_gain=23.7697 14.0445 11.8343 6.49611 5.33486 4.28003 5.92556 6.68848 4.16603 2.60354 2.32771 1.63388 1.52554 1.27008 1.21558 1.2039 1.89472 0.837766 1.70673 0.822917 0.666574 0.839188 0.638962 1.1257 0.554727 0.450383 0.376769 0.333018 0.326369 0.307312 0.297732 0.282109 0.160449 1.58026 1.76227 1.29605 0.115946 0.110559 0.0936673 0.0120748 0.158898
threshold=1.0880326764052313 0.99497088444465664 1.0222958408857103 -1.1492574925074923 -1.4858257642232076 0.18694556926264247 -1.4149232186732184 -0.18052228513356558 1.2122198222354637 -1.2229452380952377 -0.7085372390007455 0.25381205915813432 0.91131935483870974 -1.0282355722569243 -0.87126844509793611 -0.50321378590573773 0.85754902432568991 -0.58861862829324163 0.81604350181355689 1.035625897417791 1.288671835223328 0.34846721915753637 -0.72905076445293826 0.69616912273997478 1.7094562500000001 1.0221328049175027 -1.1391181321065875 1.3469071922886802 -1.6691913763281441 1.0083933701095662 1.3755877422544895 -1.3286694366127514 0.14440774804905229 -1.6816926975463558 -1.2361289549376797 -1.2742672165047606 1.1190725490196078 -1.5261172385620914 1.3599184638450008 0.6967249254287845 -1.3305290197167452
decision_type=2 2 2 2 2 2 2 2 2 2 2 2 2 2 2 2 2 2 2 2 2 2 2 2 2 2 2 2 2 2 2 2 2 2 2 2 2 2 2 2 2
left_child=2 10 3 22 39 6 -6 9 19 -8 12 15 27 -9 -3 -7 -17 -13 -19 24 21 26 32 25 28 29 -12 -2 -4 30 -24 -16 33 -1 -35 -36 -30 -28 -39 40 -5
right_child=1 14 8 4 5 11 7 13 -10 -11 20 17 -14 -15 31 16 -18 18 -20 -21 -22 -23 23 -25 -26 -27 37 -29 36 -31 -32 -33 -34 34 35 -37 -38 38 -40 -41 -42
leaf_value=0 -0.00097206952078344685 0 0 0 0 0 0 0.00066091949607678798 0 0.001866552934673578 0 0 0 0 0 0.00070826634644530467 0 -0.00088668696573156668 0 0 0 0 -0.0007782278262495507 0 0 0 0 0 0 0 0 -0.0024062217252892905 0 0 0 0.00089081010006882878 -0.0011015083877358518 0.0011042992636337427 0 0 -0.0002467372795212903
leaf_weight=1662 10542 80 132 1502 11242 9642 7220 7709 9317 28208 210 8796 576 23461 4641 23275 3411 7510 1502 522 13742 4725 11060 1243 190 111 27 32 10296 25 487 15685 9644 2750 667 14538 21333 3697 276 3960 6440
leaf_count=1662 10542 80 132 1502 11242 9642 7220 7709 9317 28208 210 8796 576 23461 4641 23275 3411 7510 1502 522 13742 4725 11060 1243 190 111 27 32 10296 25 487 15685 9644 2750 667 14538 21333 3697 276 3960 6440
internal_value=-4.38316e-05 -0.00100504 0.000141901 0.000347678 0.000518269 0.000627164 0.000894189 0.00107419 -0.000523767 0.00161391 -3.60292e-05 4.98335e-05 -0.000707013 0.000118518 -0.00207583 0.000338159 0.000514945 0 -0.000467256 -0.000816548 0 0.000418473 0 -0.000343897 -0.000860633 -0.000599771 0.000886413 -0.000931437 -0.000887649 -0.000675025 -0.000721073 -0.00211445 0 0.000140924 0.000484535 0.000744822 -0.000903593 0.00101359 0.00104602 0 -5.95132e-05
internal_weight=282088 54233 227855 186065 143878 131976 77840 66598 41790 35428 33827 54136 11150 31170 20406 36328 26686 17808 9012 32473 22677 8935 42187 12926 31951 11683 4210 10574 31761 11572 11547 20326 29261 19617 17955 15205 31629 4000 3973 11902 7942
internal_count=282088 54233 227855 186065 143878 131976 77840 66598 41790 35428 33827 54136 11150 31170 20406 36328 26686 17808 9012 32473 22677 8935 42187 12926 31951 11683 4210 10574 31761 11572 11547 20326 29261 19617 17955 15205 31629 4000 3973 11902 7942
is_linear=0
shrinkage=0.05


Tree=18
num_leaves=37
num_cat=0
split_feature=6 2 1 6 0 5 2 1 0 4 6 1 0 6 6 1 6 5 5 0 2 0 5 2 2 0 4 2 0 6 6 4 4 6 6 0
split_gain=21.7784 10.8094 5.93785 5.81469 5.35134 5.35896 4.16821 3.36925 3.51413 2.26016 2.12337 2.0409 1.46239 1.31679 0.644383 0.210933 0.196065 0.723618 2.10385 0.728882 1.01264 0.678871 0.169235 0.154203 0.107736 1.35256 1.10334 1.16386 1.11452 0.98052 0.946021 0.747142 0.48284 0.0196945 0.215625 0.00135066
threshold=1.0880326764052313 0.43176194539249146 0.72057680901542132 0.048562001378902715 0.43322324414715729 -1.6816926975463558 -1.6562519875823425 -0.65354971115840665 0.68133248864956208 1.5980758602460594 0.70094632516438959 -0.37049749373433577 -1.6565130441320199 1.2997320282024571 -1.6691913763281441 1.7092970553592461 0.3583610845295056 -0.36789272740751716 0.63769130272489749 -1.2189280195576464 -1.5141241349480967 0.28119820618840036 1.5069633679606345 0.37795989196829721 1.2391774031264575 1.5845704821494297 0.28341090510761768 0.48748747518669072 -0.50432404076738591 0.9684419915396818 -1.3938688766301444 -1.3449061561561559 -1.4007662642521794 1.0101545266813725 -1.3710506764185113 0.92968600963517078
decision_type=2 2 2 2 2 2 2 2 2 2 2 2 2 2 2 2 2 2 2 2 2 2 2 2 2 2 2 2 2 2 2 2 2 2 2 2
left_child=1 3 11 4 5 -1 -7 8 -3 12 14 13 -8 -2 -10 -4 21 -18 19 -19 -21 23 -16 -5 26 29 27 -9 -29 30 -26 -30 -32 34 -28 -6
right_child=2 7 15 16 35 6 9 24 10 -11 -12 -13 -14 -15 22 -17 17 18 -20 20 -22 -23 -24 -25 25 -27 33 28 31 -31 32 -33 -34 -35 -36 -37
leaf_value=0 0 0 -0.0014467159085537204 -0.00042021877013902523 -2.1038247249302701e-05 0 0 0 0 0 0 0 0.0010340987607694175 -0.0013770089004127304 -0.0013816368212574215 0 0 0 0 0 0.0010091465845856243 0 0 0 0 0 0 0 0 0 0 0.00081647910420823444 -0.00082493434529431065 0 -0.00018881264417755132 0
leaf_weight=2065 3560 9069 31151 13478 7048 1761 512 1263 156 1899 1260 15607 80519 3846 15055 69 8534 3159 12386 104 10724 1990 38 167 725 5507 1147 351 1003 1129 268 14910 13628 737 15921 1342
leaf_count=2065 3560 9069 31151 13478 7048 1761 512 1263 156 1899 1260 15607 80519 3846 15055 69 8534 3159 12386 104 10724 1990 38 167 725 5507 1147 351 1003 1129 268 14910 13628 737 15921 1342
internal_value=-4.43485e-05 0.000131651 -0.000964986 0.000419054 0.000648212 0.000783405 0.000886397 -0.000253007 -0.000724215 0.000962834 -0.00114755 0 0.00100889 -0.000799263 -0.00132553 -0.0014394 0 5.04323e-05 0.000265452 0.00070101 0.000887242 -0.000157038 -0.00137015 -0.000383943 0 -0.000110074 1.14913e-05 0.000390627 0.000580311 -0.0004725 -0.000633313 0.000716139 -0.000764551 0 -5.28181e-05 0
internal_weight=282088 227855 54233 145688 95146 86756 84691 82167 25578 82930 16509 23013 81031 7406 15249 31220 50542 34907 26373 13987 10828 15635 15093 13645 56589 21257 35332 17527 16264 15750 14621 15913 13896 17805 17068 8390
internal_count=282088 227855 54233 145688 95146 86756 84691 82167 25578 82930 16509 23013 81031 7406 15249 31220 50542 34907 26373 13987 10828 15635 15093 13645 56589 21257 35332 17527 16264 15750 14621 15913 13896 17805 17068 8390
is_linear=0
shrinkage=0.05


Tree=19
num_leaves=34
num_cat=0
split_feature=3 0 3 0 2 2 3 5 3 1 5 4 1 4 5 4 5 1 2 3 0 1 2 1 5 2 2 2 1 1 3 4 4
split_gain=20.5906 14.7515 10.6616 6.19913 13.6921 4.9642 3.89305 3.20302 3.74341 2.15709 2.06947 1.60222 1.59133 1.82605 1.13396 3.0872 1.0559 1.99396 1.94621 0.953386 0.62842 0.530939 0.437653 0.760446 0.149737 0.902277 0.0921728 0.531311 0.925363 0.387524 0.0830848 0.773714 0.0115961
threshold=1.2252884045077108 -0.94067349582008697 -1.6951091451427021 -1.1897584219858153 1.0000000180025095e-35 -1.2509252548396146 0.43322324414715729 1.145295288975231 0.44645448120783832 1.7242333333333335 -1.6816926975463558 0.57262685871325514 -1.6372694215618053 -1.6375790412486062 -0.65354971115840665 -0.51628106725146194 0.017896764527521054 -1.3590719228868016 0.10386113074204952 -1.5845704821494293 1.5976169909020521 -1.6689768824963915 0.22591795974804116 1.1967595865861445 -1.4019446792162886 1.0222958408857103 -1.6818607239643824 -0.45237146104179932 0.89781073496712205 -1.7068173553904511 0.59984983164983185 -0.053322543189894801 0.6967249254287845
decision_type=2 2 2 2 2 2 2 2 2 2 2 2 2 2 2 2 2 2 2 2 2 2 2 2 2 2 2 2 2 2 2 2 2
left_child=2 26 20 6 5 -5 11 8 10 21 -7 12 -4 -14 15 24 17 -16 -19 -15 -1 -3 -17 -24 -6 -26 -2 28 29 -28 32 -32 -18
right_child=1 9 3 4 14 7 -8 -9 -10 -11 -12 -13 13 19 16 22 30 18 -20 -21 -22 -23 23 -25 25 -27 27 -29 -30 -31 31 -33 -34
leaf_value=-0.0028986747717268096 0 0 0 0 0 0 0 0 0 0 0.0011275972099217492 0 0 0 0 0 0 0 0.00080307783090510462 -0.0016307631857717033 0 -0.0018039395253071637 -0.00097569268803824748 0 0.00050055120589520693 0 0 0 0 0.00087478315886680303 0 -0.00041081355741884762 4.4374051127770622e-05
leaf_weight=2206 2554 271 428 6778 6424 1197 15264 5071 11799 255 68399 4924 327 457 2425 3599 22191 1671 18850 10144 60 28189 13607 413 9916 2607 29 603 3975 5745 5457 12111 14142
leaf_count=2206 2554 271 428 6778 6424 1197 15264 5071 11799 255 68399 4924 327 457 2425 3599 22191 1671 18850 10144 60 28189 13607 413 9916 2607 29 603 3975 5745 5457 12111 14142
internal_value=-4.70084e-05 -0.00108874 9.28206e-05 0.000169802 0.000298988 0.000749855 -0.000346491 0.000865238 0.000944791 -0.00172232 0.00108447 -0.000897758 -0.00121408 -0.00136912 0 -0.000274222 2.31574e-05 0.000337589 0.000602737 -0.0015289 -0.00277009 -0.00178273 -0.000759966 -0.00089154 0 0.000169018 0 0.000145178 0.000388448 0.00078058 0 -0.000106981 0
internal_weight=282088 41621 240467 238201 206657 93244 31544 86466 81395 28715 69596 16280 11356 10928 113413 36566 76847 22946 20521 10601 2266 28460 17619 14020 18947 12523 12906 10352 9749 5774 53901 17568 36333
internal_count=282088 41621 240467 238201 206657 93244 31544 86466 81395 28715 69596 16280 11356 10928 113413 36566 76847 22946 20521 10601 2266 28460 17619 14020 18947 12523 12906 10352 9749 5774 53901 17568 36333
is_linear=0
shrinkage=0.05


Tree=20
num_leaves=45
num_cat=0
split_feature=3 0 3 2 0 3 3 5 4 5 1 1 4 3 4 1 3 4 4 2 0 2 3 4 2 0 5 4 1 0 4 2 2 0 2 0 3 3 1 2 2 2 2 2
split_gain=18.4268 13.342 9.75281 5.50784 11.5924 5.35287 3.98646 3.1928 2.9824 2.55598 2.06358 1.19069 1.37539 1.10624 0.981891 0.850421 0.996404 0.943223 0.886645 1.1101 1.00502 1.2881 0.737434 0.605135 0.802129 0.59584 0.522658 0.385395 0.248753 0.191433 0.141339 0.606895 1.09301 0.12129 0.113595 1.23796 2.6053 1.24657 1.4038 0.106155 0.034917 0.206418 0.0955624 0.0410058
threshold=1.2252884045077108 -1.1073197231833907 -1.6951091451427021 0.33630398508048692 -1.1897584219858153 0.44645448120783832 0.85899276585483497 1.145295288975231 1.5980758602460594 -1.6816926975463558 1.7242333333333335 -1.6372694215618053 0.11572035794183437 1.252969416351895 -1.6562519875823425 -1.1513025903009408 -1.2229452380952377 0.41893662356583505 -0.54423459932293838 1.0912273460702011 1.0261700759789598 1.4143713845424375 1.1303499398315284 1.4973532736076907 1.1046861880025618 1.5976169909020521 -1.7068173553904511 -1.5441033412715595 -1.6689768824963915 1.4000473309145918 1.3361272548778993 -1.026368926553672 -1.6691913763281441 1.4798143906386159 -1.6818607239643824 -1.6818607239643824 1.3869982814126305 1.6347157246119208 1.700072262773723 1.4789283385988667 -0.42329602052623633 0.15674673152934013 -1.2779056014959986 -0.73809397042093272
decision_type=2 2 2 2 2 2 2 2 2 2 2 2 2 2 2 2 2 2 2 2 2 2 2 2 2 2 2 2 2 2 2 2 2 2 2 2 2 2 2 2 2 2 2 2
left_child=2 34 25 4 6 7 11 8 9 -6 13 -4 14 -3 -13 16 -5 22 19 27 23 33 26 24 -20 -1 -18 -17 -15 -29 31 32 -8 -22 -2 -36 -37 38 -38 -23 42 -42 -7 -44
right_child=1 10 3 15 5 40 30 -9 -10 -11 -12 12 -14 28 -16 18 17 -19 20 -21 21 39 -24 -25 -26 -27 -28 29 -30 -31 -32 -33 -34 -35 35 36 37 -39 -40 -41 41 -43 43 -45
leaf_value=-0.002783954172602418 0 0 0 0 0 0 0 0 0 0.00093572066309372199 0 0 0 0 -0.0013267498508705801 0 0 0 -0.00048985444498707482 0 0.00041360726198575348 0 0 0 0 0 -0.0010030300218416574 0.00069157496807930718 -0.0017626986532987264 0 0 0 0.00085764776341609142 0 0 0 0.0018073166123641704 0 0 -0.00045955573440891465 -0.00032347730518411514 0 0.00021121737749599484 0
leaf_weight=2206 2535 1535 646 2565 1590 2451 391 4669 1743 91383 261 390 10481 264 11754 1019 87 1015 26946 6082 15856 2162 354 2373 3066 60 9899 11670 27439 108 1013 667 5677 992 697 3589 4476 743 82 4045 5185 1781 7072 3069
leaf_count=2206 2535 1535 646 2565 1590 2451 391 4669 1743 91383 261 390 10481 264 11754 1019 87 1015 26946 6082 15856 2162 354 2373 3066 60 9899 11670 27439 108 1013 667 5677 992 697 3589 4476 743 82 4045 5185 1781 7072 3069
internal_value=-4.89261e-05 -0.00103445 8.10662e-05 0.000156597 0.00035719 0.000615708 -0.000301724 0.000766245 0.000836455 0.000890163 -0.00161561 -0.000733786 -0.000825655 -0.00167513 -0.00123021 -6.86205e-05 -0.000418875 -0.000649507 0 0.000290481 -0.000101275 0 -0.000822792 -0.000306017 -0.000387764 -0.00265779 -0.000934951 0.000574622 -0.00174818 0.000659828 0 0.000219768 0.000530409 0.00037939 0 0.000167121 0.000597297 0.00129683 0.00159102 -0.000323774 0 -0.000107548 0 0.000149271
internal_weight=282088 41621 240467 238201 149962 118943 31019 99385 94716 92973 29499 23271 22625 29238 12144 88239 13920 11355 74319 18879 55440 23055 10340 32385 30012 2266 9986 12797 27703 11778 7748 6735 6068 16848 12122 9587 8890 5301 4558 6207 19558 6966 12592 10141
internal_count=282088 41621 240467 238201 149962 118943 31019 99385 94716 92973 29499 23271 22625 29238 12144 88239 13920 11355 74319 18879 55440 23055 10340 32385 30012 2266 9986 12797 27703 11778 7748 6735 6068 16848 12122 9587 8890 5301 4558 6207 19558 6966 12592 10141
is_linear=0
shrinkage=0.05


Tree=21
num_leaves=48
num_cat=0
split_feature=6 2 0 5 1 2 3 0 3 1 2 3 1 6 1 5 5 1 0 2 6 1 5 3 1 1 2 3 5 5 0 0 6 6 6 6 1 0 6 6 2 6 2 6 6 3 5
split_gain=18.7766 12.4002 10.4914 4.95555 7.45583 2.95917 5.45176 3.11136 2.69161 2.81227 2.46959 2.38001 2.31385 1.51534 1.47865 1.22944 1.22289 1.13372 0.728714 0.592869 0.466416 0.424519 0.414183 0.35787 0.24871 0.202118 0.143696 0.123995 0.188167 0.0367113 0.0328616 1.32693 1.15118 0.869336 0.757522 0.999738 0.679764 0.280636 0.685254 0.0170786 0.717494 0.939532 0.867162 0.042868 0.0064299 0.0025405 0.0587146
threshold=1.4013310035842297 0.44569734165431169 -1.4712559614593166 -1.1492574925074923 0.4611337946943484 -0.42329602052623633 -0.10420945288970047 -0.44961530249110321 1.4898976074614765 -0.6809539742638272 -1.6562519875823425 1.3599184638450008 1.1423620938628161 -1.6224349123016346 -1.4411845039018949 -0.23493641114982569 -0.39414277071990317 -0.27845473318627673 -1.4712559614593166 0.36467249107000671 1.0755720578131136 1.7242333333333335 -1.7068173553904511 1.4647534262485484 1.6857620046620052 -1.6941449707672114 0.32253563218390813 -0.68207566567286915 -0.46153855278766315 1.3337236952861955 0.86052458816351451 1.3469071922886802 -0.77728913747784067 1.3445350212365528 1.3110633764341653 0.40015699518241471 0.01802105060101503 1.5976169909020521 1.3314624917745121 -0.55873872422680393 -1.3197980275202263 -1.6448679268594018 0.17089602461183487 1.1979170997921 1.393449850857569 0.87117888667789178 -1.0523927618772977
decision_type=2 2 2 2 2 2 2 2 2 2 2 2 2 2 2 2 2 2 2 2 2 2 2 2 2 2 2 2 2 2 2 2 2 2 2 2 2 2 2 2 2 2 2 2 2 2 2
left_child=1 2 11 39 5 10 7 -7 9 15 -5 14 17 -12 -1 20 -10 -2 -18 -8 22 25 -3 -24 -14 -20 -16 28 -6 -30 32 34 -11 36 35 -32 -34 38 -33 40 -4 -42 -43 -41 -27 46 -29
right_child=12 8 3 4 27 6 19 -9 16 30 13 -13 24 -15 26 -17 18 -19 21 -21 -22 -23 23 -25 -26 44 -28 45 29 -31 31 37 33 -35 -36 -37 -38 -39 -40 43 41 42 -44 -45 -46 -47 -48
leaf_value=0 -0.00092755294611402924 0 0 0 0 0 -0.00047797786563059138 0.0010094428723478848 0 0 0 0 -0.0022426364849168477 0.001429051683217694 -0.0011901495875660097 0 0 0 0 0 0 0 -0.00094010967281775665 0 0 -0.0016322554246545225 0 0 0.00030546969384486226 0 0 -0.00045517479160312054 0 0 0 0.00093878706195866038 -0.0007491040322622454 0 0 -0.00013105254884758854 0 0.00058339742468198439 0 0 0 0 -8.8591168252190357e-05
leaf_weight=1103 2716 178 1633 222 2018 4168 8623 20893 465 5795 258 5267 10110 41459 10685 7773 32 11500 26 1015 314 135 16044 64 100 8712 35 215 8766 470 14115 11074 4850 601 919 8261 11449 2508 435 8145 1084 17960 3636 175 123 7028 18931
leaf_count=1103 2716 178 1633 222 2018 4168 8623 20893 465 5795 258 5267 10110 41459 10685 7773 32 11500 26 1015 314 135 16044 64 100 8712 35 215 8766 470 14115 11074 4850 601 919 8261 11449 2508 435 8145 1084 17960 3636 175 123 7028 18931
internal_value=-5.20785e-05 3.64387e-05 0.000333507 0.000511672 0.000666626 0.000949301 0.000176113 0.000741619 -0.000371858 -0.000132553 0.00133598 -0.000580358 -0.00137626 0.0013929 -0.000979552 -0.000584438 -0.0013477 -1.2357e-05 -0.00149075 -0.000246434 -0.000821581 -0.00155563 -0.000869881 -0.00090929 -0.00221928 -0.00160218 -0.00117485 0 0.000161841 0.000281949 0 4.65623e-05 0 -0.00040575 0.000377333 0.000480181 -0.000547035 0 -0.000240896 0 0 0.000277693 0.000432199 -6.92592e-05 -0.00162103 0 -1.79432e-05
internal_weight=282088 257662 163789 146699 114066 76638 34699 25061 93873 84380 41939 17090 24426 41717 11823 24373 9493 14216 9028 9638 16600 8996 16286 16108 10210 8861 10720 37428 11254 9236 60007 37312 22695 16900 23295 22376 16299 14017 11509 32633 24313 22680 21596 8320 8835 26174 19146
internal_count=282088 257662 163789 146699 114066 76638 34699 25061 93873 84380 41939 17090 24426 41717 11823 24373 9493 14216 9028 9638 16600 8996 16286 16108 10210 8861 10720 37428 11254 9236 60007 37312 22695 16900 23295 22376 16299 14017 11509 32633 24313 22680 21596 8320 8835 26174 19146
is_linear=0
shrinkage=0.05


Tree=22
num_leaves=38
num_cat=0
split_feature=3 0 2 0 0 1 5 5 3 2 3 2 1 5 5 4 3 4 5 3 3 1 4 3 2 0 1 1 1 2 4 4 1 2 2 3 3
split_gain=15.7132 8.80168 8.09656 7.24792 4.70922 4.37052 6.94871 4.55329 2.58308 2.45675 2.28165 4.03261 2.73105 2.35425 1.7324 1.62722 1.61523 1.56887 1.49547 1.08097 0.840535 0.829435 0.415849 0.438361 0.359801 0.334453 0.327121 0.323945 0.126502 0.0847261 0.0329489 0.153842 0.00492203 0.00344311 0.0075228 0.00142617 0.261147
threshold=1.5324515819750721 -1.6419261081138259 -0.42329602052623633 -0.95437661062707069 -0.5847462825734896 0.44645448120783832 -1.1492574925074923 0.77775764095128974 1.4898976074614765 -1.6562519875823425 0.44645448120783832 0.44569734165431169 -0.37049749373433577 0.76386024125746321 -1.4293916062801928 -1.6104832358907049 -0.27475106616303152 -1.455392381426615 -0.39414277071990317 1.4396909466372554 -0.70990187332738619 1.6857620046620052 1.648036990380211 1.4647534262485484 1.4647955187059694 -0.41076105002285784 1.7092970553592461 -1.6941449707672114 1.7092970553592461 1.0222958408857103 0.57262685871325514 1.6604520661713547 1.6604520661713547 -1.2361289549376797 -1.624974406224406 -0.73792866631576304 1.4001850917045264
decision_type=2 2 2 2 2 2 2 2 2 2 2 2 2 2 2 2 2 2 2 2 2 2 2 2 2 2 2 2 2 2 2 2 2 2 2 2 2
left_child=1 8 5 -2 15 6 33 9 21 -8 11 14 13 19 -6 -4 -16 -11 -5 -12 25 24 23 28 -1 -13 27 -20 -17 -22 32 -32 -14 34 -3 -7 -37
right_child=3 2 4 18 10 35 7 -9 -10 17 12 20 30 -15 16 22 -18 -19 26 -21 29 -23 -24 -25 -26 -27 -28 -29 -30 -31 31 -33 -34 -35 -36 36 -38
leaf_value=-0.0025488180709031514 0 0 0 0 0 0 0 0 0 0 -0.0012838745321977481 0 2.8419820102726895e-05 0 0.00075258595163606255 -0.0013201538884013368 0 0.0013585325476910897 0 0 0.00010646842064975565 0 0 0 0 -0.00036496289490249345 0 -0.0023041122333041578 0 0 -0.00015748767881218151 0 0 0 -8.0353241724880992e-05 -0.0001644464967880936 0
leaf_weight=3997 4585 221 434 455 7079 6158 440 5812 308 4689 11264 160 14654 1980 34718 10564 10927 37646 31 576 18105 110 180 97 21 21871 272 11400 48 11539 18247 1304 447 12693 3665 23693 1698
leaf_count=3997 4585 221 434 455 7079 6158 440 5812 308 4689 11264 160 14654 1980 34718 10564 10927 37646 31 576 18105 110 180 97 21 21871 272 11400 48 11539 18247 1304 447 12693 3665 23693 1698
internal_value=-5.44758e-05 2.55703e-06 8.05356e-05 -0.0015218 -8.28357e-05 0.00046244 0.000694733 0.000999358 -0.00201202 0.00118116 0 0.000123274 -0.000289418 -0.000871448 0.000466971 -0.00104114 0.000587492 0.00124602 -0.00213817 -0.00116376 -3.18731e-05 -0.00238419 -0.00121642 -0.00126307 -0.00250424 -0.000308671 -0.00224621 -0.00228644 -0.00130655 0 0 -6.39657e-05 0 0 -4.38974e-05 0 -1.17167e-05
internal_weight=282088 265345 260909 16743 164194 96715 65166 48587 4436 42775 152871 104399 48472 13820 52724 11323 45645 42335 12158 11840 51675 4128 10889 10709 4018 22031 11703 11431 10612 29644 34652 19551 15101 16579 3886 31549 25391
internal_count=282088 265345 260909 16743 164194 96715 65166 48587 4436 42775 152871 104399 48472 13820 52724 11323 45645 42335 12158 11840 51675 4128 10889 10709 4018 22031 11703 11431 10612 29644 34652 19551 15101 16579 3886 31549 25391
is_linear=0
shrinkage=0.05


Tree=23
num_leaves=40
num_cat=0
split_feature=6 2 0 5 2 4 6 0 5 0 5 1 4 4 6 6 5 6 5 2 2 6 6 1 0 5 1 1 5 0 1 1 1 6 0 6 4 1 5
split_gain=16.7838 10.0557 9.94238 4.90607 3.7028 3.63113 4.58216 3.38893 2.63399 2.21492 1.90008 1.54892 2.00703 1.42292 2.39582 2.06551 1.83868 1.61489 1.64485 1.10115 1.01257 1.01145 0.930855 0.882861 0.60012 0.671535 0.563749 0.491199 0.428973 0.38124 0.334475 0.330594 0.431198 0.220393 0.198112 0.628704 0.111713 0.109596 0.0120188
threshold=1.4013310035842297 1.0000000180025095e-35 -1.4712559614593166 -1.2459600467791592 -1.6562519875823425 0.6967249254287845 -0.43769205219454316 1.3337236952861955 -1.3462005965697239 0.33630398508048692 1.346865725366341 0.4611337946943484 -1.455392381426615 0.21511952386795924 -0.71216925037162859 0.2551918050158955 0.73623389531031458 -1.4157120782305863 0.73623389531031458 0.21278604118993141 0.21278604118993141 1.3445350212365528 -1.6691913763281441 1.6857620046620052 1.3599184638450008 -1.472589131684876 0.78905838689022223 -1.7068173553904511 1.6100689638600543 1.6471963392397964 -1.6557242703533024 1.0890352240352243 1.6722369007803792 1.2783096860620888 0.88822252252252276 0.41727037147249907 -1.7068173553904511 -0.27845473318627673 1.2789605021432948
decision_type=2 2 2 2 2 2 2 2 2 2 2 2 2 2 2 2 2 2 2 2 2 2 2 2 2 2 2 2 2 2 2 2 2 2 2 2 2 2 2
left_child=1 2 5 -4 -5 6 -1 8 19 11 37 12 -6 14 16 17 20 -15 -19 -3 -10 24 -21 28 -9 -26 -13 -27 30 -29 -8 -12 -33 36 -17 -36 -24 38 -2
right_child=10 7 3 4 9 -7 23 21 13 -11 31 26 -14 15 -16 34 -18 18 -20 22 -22 -23 33 -25 25 27 -28 29 -30 -31 -32 32 -34 -35 35 -37 -38 -39 -40
leaf_value=0 -0.00032429552107943459 0 0 0 0 0 0 0 0 0 0 0 0.0011824961322274795 0 0 0 0 -0.0009383120224896891 0 0 0.001081130458711397 0 0 0 0 0 0.00027619350358944878 -0.0011141529952109631 0 0 -0.0019530422211800919 -0.0024163962282119124 0 0 0 0.00055081523672327343 -0.0010861353132861429 0 0
leaf_weight=3901 2310 2646 20208 516 6166 5772 203 1872 2787 5924 4238 8787 53036 1564 33928 10860 487 14887 3569 239 13424 1015 88 87 310 39 18178 18617 117 4473 6843 7856 143 26 850 6232 10011 9792 87
leaf_count=3901 2310 2646 20208 516 6166 5772 203 1872 2787 5924 4238 8787 53036 1564 33928 10860 487 14887 3569 239 13424 1015 88 87 310 39 18178 18617 117 4473 6843 7856 143 26 850 6232 10011 9792 87
internal_value=-5.4424e-05 2.70025e-05 0.000370176 0.00058679 0.000742029 -0.00045782 -0.00104235 -0.000241101 0 0.000808432 -0.00130532 0.000872941 0.00108173 0 0.000252004 -8.90054e-05 0.000731328 -0.000515246 -0.000706655 -0.000696068 0.000907797 -0.000769738 -0.000923668 -0.001758 -0.000844621 -0.000911835 2.80121e-05 -0.000955573 -0.0018467 -0.000983109 -0.00189821 -0.00192216 -0.00236981 -0.00104383 0 0.00025423 -0.0010695 0 -0.000303324
internal_weight=282088 257662 129738 112815 92607 16923 11151 127924 101598 92091 24426 86167 59202 88588 50626 37962 16698 20020 18456 13010 16211 26326 10364 7250 25311 23439 26965 23129 7163 23090 7046 12237 7999 10125 17942 7082 10099 12189 2397
internal_count=282088 257662 129738 112815 92607 16923 11151 127924 101598 92091 24426 86167 59202 88588 50626 37962 16698 20020 18456 13010 16211 26326 10364 7250 25311 23439 26965 23129 7163 23090 7046 12237 7999 10125 17942 7082 10099 12189 2397
is_linear=0
shrinkage=0.05


Tree=24
num_leaves=50
num_cat=0
split_feature=6 2 0 5 1 3 2 3 0 2 3 1 5 0 1 5 0 3 5 0 5 1 2 6 1 1 2 1 1 3 5 0 0 6 6 6 5 1 0 5 5 6 2 6 2 6 5 3 3
split_gain=15.7276 9.06627 8.08971 4.03506 5.57499 2.08822 2.03374 4.38098 2.67778 2.13535 1.94973 2.42909 1.48335 1.41783 1.32521 1.10114 1.51292 1.16123 1.03698 0.637527 1.00766 0.673647 0.551899 0.459893 0.278612 0.17975 0.132009 0.122496 0.100695 0.0852305 0.164187 0.0645191 1.21043 0.927969 0.789895 0.7387 0.892897 0.623977 0.133715 0.0748371 0.0331911 0.0160764 0.600504 0.870917 0.769844 0.0416947 0.0113961 0.00996544 0.0015302
threshold=1.4013310035842297 0.44569734165431169 -1.4712559614593166 -1.1492574925074923 0.4611337946943484 1.3599184638450008 -0.42329602052623633 -0.10420945288970047 -0.44961530249110321 -1.6562519875823425 1.4898976074614765 -0.6809539742638272 1.346865725366341 0.072335372960372957 -1.4411845039018949 0.76386024125746321 0.58442036518123497 1.4396909466372554 -0.39414277071990317 -1.4712559614593166 1.3599184638450008 1.7242333333333335 0.36467249107000671 -1.6448679268594018 1.6722369007803792 -1.6941449707672114 0.32253563218390813 1.0890352240352243 -0.27845473318627673 -0.68207566567286915 -0.46153855278766315 0.86052458816351451 1.3469071922886802 -0.77728913747784067 1.3445350212365528 1.3110633764341653 -1.4421655132641289 0.01802105060101503 1.5976169909020521 -1.5971549182524789 1.3337236952861955 -0.55873872422680393 -1.3197980275202263 -1.6448679268594018 0.17089602461183487 1.1979170997921 1.2789605021432948 -1.6375790412486062 0.87117888667789178
decision_type=2 2 2 2 2 2 2 2 2 2 2 2 2 2 2 2 2 2 2 2 2 2 2 2 2 2 2 2 2 2 2 2 2 2 2 2 2 2 2 2 2 2 2 2 2 2 2 2 2
left_child=1 2 5 41 6 14 9 8 -8 -5 11 15 28 -11 -1 16 -3 23 -12 -20 21 25 -9 -18 27 -21 -16 -14 46 30 -6 33 35 39 37 36 -33 -35 47 -13 -32 42 -4 -44 -45 -43 -2 -34 -31
right_child=12 10 3 4 29 -7 7 22 -10 13 18 31 24 -15 26 -17 17 -19 19 20 -22 -23 -24 -25 -26 -27 -28 -29 -30 48 40 32 38 34 -36 -37 -38 -39 -40 -41 -42 45 43 44 -46 -47 -48 -49 -50
leaf_value=0 -0.0003113391965344145 0 0 0 0 0 0 -0.00045239209164147932 0.00090642860759172013 0.0012905181906888348 0 0 0 0 -0.0010813413606706962 0 0 0 0 0 0 0 0 -0.0010508703897355715 0 -0.0021682887814148022 0 -0.0023038963907758745 0 -1.3925575502565021e-05 0.00027493320148559816 0 0 0 0 0 0.00056963063708652373 -0.00069761582507211508 0 0.00017674707125650628 0 -0.00012865250888373985 0 0.00054973102665852134 0 0 0 -0.00017304209647169152 0
leaf_weight=1103 2310 6871 1633 222 2018 5267 4168 8623 20893 39311 465 387 4238 2406 10685 1766 273 228 32 23 4675 58 1015 15235 143 4240 35 7856 9792 19146 8766 563 94 4850 601 919 21813 11449 2508 5408 470 8145 1084 17960 3636 175 87 11415 7028
leaf_count=1103 2310 6871 1633 222 2018 5267 4168 8623 20893 39311 465 387 4238 2406 10685 1766 273 228 32 23 4675 58 1015 15235 143 4240 35 7856 9792 19146 8766 563 94 4850 601 919 21813 11449 2508 5408 470 8145 1084 17960 3636 175 87 11415 7028
internal_value=-5.56622e-05 2.18267e-05 0.000281563 0.000443321 0.000583492 -0.000493849 0.000828238 0.000119085 0.000653444 0.00116344 -0.000321415 -9.73599e-05 -0.00126587 0.00121939 -0.00087654 -0.000525005 -0.00064447 -0.000906665 -0.00117155 -0.00130719 -0.00137145 -0.0020466 -0.000222065 -0.00100704 -0.00184812 -0.00214158 -0.00106606 -0.00187324 0 0 0.000134179 0 6.52431e-05 0 -0.000364296 0.000365373 0.000468279 -0.000504404 0 0 0.000252026 0 0 0.000254047 0.000407275 -6.71963e-05 -0.000290746 -0.000166283 0
internal_weight=282088 257662 163789 146699 114066 17090 76638 34699 25061 41939 93873 84380 24426 41717 11823 24373 22607 15736 9493 9028 8996 4321 9638 15508 12237 4263 10720 12094 12189 37428 11254 60007 37312 22695 16900 23295 22376 16299 14017 5795 9236 32633 24313 22680 21596 8320 2397 11509 26174
internal_count=282088 257662 163789 146699 114066 17090 76638 34699 25061 41939 93873 84380 24426 41717 11823 24373 22607 15736 9493 9028 8996 4321 9638 15508 12237 4263 10720 12094 12189 37428 11254 60007 37312 22695 16900 23295 22376 16299 14017 5795 9236 32633 24313 22680 21596 8320 2397 11509 26174
is_linear=0
shrinkage=0.05


Tree=25
num_leaves=37
num_cat=0
split_feature=6 3 0 6 5 4 1 5 3 6 5 4 0 0 6 3 4 5 0 1 1 4 3 3 5 1 6 1 3 5 1 0 1 4 4 4
split_gain=14.9396 9.15611 4.83252 4.63402 5.7654 5.96801 4.11203 2.36006 2.02253 2.69216 1.68124 3.08201 1.61258 1.31319 1.24111 1.27608 1.20561 0.980337 0.93296 0.896921 0.769156 0.760386 0.500783 0.420794 0.637809 0.529373 0.394739 0.349792 0.356216 0.317577 0.123335 0.0371826 0.0271504 0.00470571 0.130009 0.116542
threshold=1.0880326764052313 0.99497088444465664 0.6408539211653399 -0.57262685871325492 -1.5118557232241441 -0.15674673152934027 -0.65354971115840665 -0.36789272740751716 -1.0838140715109572 0.83173036249159493 0.63769130272489749 1.1073197231833911 -1.2189280195576464 -1.5976169909020517 1.288671835223328 0.35088221387153756 1.1616616266944737 -0.87126844509793611 -0.912726407914764 -1.5840593031875461 -1.6941449707672114 1.3889621671635655 1.6220620674740485 -0.19554242424242413 -0.35539965868732987 1.6224349123016348 -1.6691913763281441 -1.5971549182524789 -1.7068947603121514 1.3599184638450008 1.7092970553592461 0.62548637551325126 1.6722369007803792 0.36467249107000671 0.86196476280764822 -1.3722678160919537
decision_type=2 2 2 2 2 2 2 2 2 2 2 2 2 2 2 2 2 2 2 2 2 2 2 2 2 2 2 2 2 2 2 2 2 2 2 2
left_child=2 14 3 4 -1 13 8 18 -4 16 11 12 -9 -6 23 32 26 -3 21 -19 -15 -5 -22 24 -2 27 -10 -26 -29 -28 -21 -14 -16 35 -35 -8
right_child=1 17 6 7 5 -7 33 10 9 -11 -12 -13 31 20 15 -17 -18 19 -20 30 22 -23 -24 -25 25 -27 29 28 -30 -31 -32 -33 -34 34 -36 -37
leaf_value=0 0 0 0 -0.0009130057078147358 0 0 0 0 0 0 0 0 0.00085822521444054746 0 -0.00067172953993038895 0 0 0 0 -0.0017691784792533431 0.0013334109221662107 0 0 0 0 0 -0.0014072402031453715 0 0.001021975274998115 0 0 0 0 -0.0001858203507753453 0 0.00011812378598866708
leaf_weight=11454 1214 80 3395 8446 920 25400 1179 6197 127 807 21650 4066 24728 478 13516 7193 646 126 23969 20146 32127 385 74 6813 51 75 14340 27 4910 154 54 192 28 8832 17146 21143
leaf_count=11454 1214 80 3395 8446 920 25400 1179 6197 127 807 21650 4066 24728 478 13516 7193 646 126 23969 20146 32127 385 74 6813 51 75 14340 27 4910 154 54 192 28 8832 17146 21143
internal_value=-6.001e-05 -0.000821407 7.78189e-05 0.000259002 0.000561088 0.00078566 -0.000198266 0 -0.000804193 -0.00104026 0.000213163 0.000436427 0.000676739 0.00122983 0 -0.000381507 -0.00124978 -0.00168905 -0.000314005 -0.00172657 0.0012857 -0.000772987 0.00131749 0 0.000391658 0.000684769 -0.00135151 0.000844314 0.000936981 -0.0013811 -0.00176267 0.000852854 -0.000667473 0 0 2.2664e-05
internal_weight=282088 54233 227855 160086 70453 58999 67769 89633 19469 16074 56833 35183 31117 33599 33827 20737 15267 20406 32800 20326 32679 8831 32201 13090 6277 5063 14621 4988 4937 14494 20200 24920 13544 48300 25978 22322
internal_count=282088 54233 227855 160086 70453 58999 67769 89633 19469 16074 56833 35183 31117 33599 33827 20737 15267 20406 32800 20326 32679 8831 32201 13090 6277 5063 14621 4988 4937 14494 20200 24920 13544 48300 25978 22322
is_linear=0
shrinkage=0.05


Tree=26
num_leaves=50
num_cat=0
split_feature=6 3 2 2 5 6 3 5 1 6 6 5 6 2 3 0 3 5 3 1 0 1 3 1 5 0 1 3 6 0 1 6 2 6 3 1 0 6 6 6 5 3 5 5 3 5 5 1 1
split_gain=13.561 8.08433 5.43329 4.96398 4.43982 5.68911 3.57425 5.12832 3.39241 2.67503 1.69152 1.25459 2.23959 1.738 2.52685 2.0253 1.32041 1.23662 1.17308 1.16205 1.15737 1.14498 1.11054 1.01021 0.927082 0.864895 0.845816 0.761456 0.511205 0.496658 0.448101 0.278776 0.22136 0.141646 0.117112 0.110098 0.107581 0.0963024 0.0661221 0.193581 0.055698 0.0161328 0.372395 0.308321 0.0236583 0.218858 0.177116 0.00939641 0.44098
threshold=1.0880326764052313 0.99497088444465664 -0.42329602052623633 -1.6562519875823425 -1.1492574925074923 0.1419068137493906 0.6128980263157896 1.2255388418079096 0.44645448120783832 0.80396144544031889 -1.5122350999449841 -0.32796764506441917 -1.048667511350438 1.0083933701095662 -1.2100998830521015 -0.62689572998735532 -1.1523690078037903 -1.4421655132641289 -1.6820275855440212 1.7092970553592461 -0.43624009883002679 -0.10420945288970047 0.58474628257348982 -1.3590719228868016 -0.87126844509793611 -1.0000000180025095e-35 -1.5840593031875461 0.24001688443255326 1.1323184539616631 1.7094562500000001 1.5966896086369773 -1.4888132570101209 -0.38311289549376792 1.5729911531421601 1.7173952222959523 1.7092970553592461 1.3337236952861955 1.0987427690848746 0.3583610845295056 0.9684419915396818 -1.5835445179913401 -0.30010694444444447 1.4661954073608057 -1.0000000180025095e-35 0.35088221387153756 -0.091981389870435845 1.6485880053329718 -1.1634870484952942 -0.43850810341501056
decision_type=2 2 2 2 2 2 2 2 2 2 2 2 2 2 2 2 2 2 2 2 2 2 2 2 2 2 2 2 2 2 2 2 2 2 2 2 2 2 2 2 2 2 2 2 2 2 2 2 2
left_child=2 18 3 30 47 8 11 9 10 19 -6 12 17 14 -13 -16 -14 -4 28 29 -19 22 -18 -17 -3 -12 -26 -22 -2 32 31 -1 -8 35 36 37 40 -28 -7 -40 -33 42 43 -20 45 -43 -47 -5 -49
right_child=1 24 6 4 5 38 7 -9 -10 -11 25 13 16 -15 15 23 21 20 41 -21 27 -23 -24 -25 26 -27 33 -29 -30 -31 -32 34 -34 -35 -36 -37 -38 -39 39 -41 -42 44 -44 -45 -46 46 -48 48 -50
leaf_value=0 0 0 0 -5.6361494155906384e-05 0 0 0 0 0 0 0.0015762688421872796 0 0 0 0 0 -0.00092386662413234105 0 0 0 0.00077007218120238319 0 0 0.00093061569228392732 0 0 0 0 -0.0017949161817169034 0 0 0 -0.0011360880180165953 0 0 0 0 -0.0019301148768709035 0.00019721591703333511 0 -0.00090817971777603789 0 0 0.00042784826636695918 0 -0.00036201293244130282 0 0.00040416688443620778 0
leaf_weight=136 45 80 7849 6814 1365 5587 205 8615 10348 3043 26134 7779 10806 10577 2176 1437 16338 1662 3086 374 12965 6842 163 24061 126 1666 310 1597 726 153 388 46 25513 4502 118 49 20 15339 16112 3486 2940 1200 1013 8936 11164 7424 233 6168 4372
leaf_count=136 45 80 7849 6814 1365 5587 205 8615 10348 3043 26134 7779 10806 10577 2176 1437 16338 1662 3086 374 12965 6842 163 24061 126 1666 310 1597 726 153 388 46 25513 4502 118 49 20 15339 16112 3486 2940 1200 1013 8936 11164 7424 233 6168 4372
internal_value=-5.95365e-05 -0.000785191 6.97146e-05 0.000405085 0.000562894 0.000755721 -6.12376e-05 -0.000496083 0.0011334 -0.000863895 0.00142007 6.24212e-07 -2.80772e-05 0.000257481 0.000454244 0.000697654 -0.000397988 7.65025e-05 0 -0.00103936 0.000438808 -0.000606563 -0.00082635 0.000849402 -0.00160414 0.00150419 -0.00164133 0.000636208 -0.00147282 -0.00109789 -0.000302078 -0.0006262 -0.00112232 -0.00167692 -0.000771123 -0.00190039 -0.000834155 -0.00190771 0 9.05094e-05 -0.000880407 0 5.44253e-05 0.000277616 0 -7.91629e-05 -0.000271288 0 0
internal_weight=282088 54233 227855 85700 82052 64698 142155 37903 39513 29288 29165 104252 58222 46030 35453 27674 34149 24073 33827 26245 16224 23343 16501 25498 20406 27800 20326 14562 771 25871 3648 3260 25718 20200 3124 15698 3006 15649 25185 19598 2986 33056 13035 12022 20021 8857 7657 17354 10540
internal_count=282088 54233 227855 85700 82052 64698 142155 37903 39513 29288 29165 104252 58222 46030 35453 27674 34149 24073 33827 26245 16224 23343 16501 25498 20406 27800 20326 14562 771 25871 3648 3260 25718 20200 3124 15698 3006 15649 25185 19598 2986 33056 13035 12022 20021 8857 7657 17354 10540
is_linear=0
shrinkage=0.05


Tree=27
num_leaves=26
num_cat=0
split_feature=6 2 0 3 5 2 5 0 3 0 5 1 3 5 0 1 5 5 1 5 2 1 1 1 5
split_gain=12.9047 7.08143 7.42234 4.2272 4.02951 3.1749 1.8775 1.77722 1.71801 1.46793 1.2386 1.14773 1.10823 1.10465 0.906437 0.833093 0.791299 0.369193 0.368747 0.333515 0.273581 0.259792 0.0995631 0.0639586 0.00982254
threshold=1.4013310035842297 1.0000000180025095e-35 -1.4712559614593166 0.59984983164983185 -1.2459600467791592 -1.6562519875823425 1.3726924080664296 0.33630398508048692 1.3599184638450008 1.7094562500000001 1.346865725366341 -1.4411845039018949 -0.91692240668786051 -0.32796764506441917 0.15620064567075426 1.7092970553592461 1.1311514054800889 0.62350374493231653 -1.5567107023411368 -1.1761537366548038 -0.077552646285924884 1.6722369007803792 1.0890352240352243 -0.27845473318627673 1.2789605021432948
decision_type=2 2 2 2 2 2 2 2 2 2 2 2 2 2 2 2 2 2 2 2 2 2 2 2 2
left_child=1 2 8 12 -4 -6 9 16 11 14 23 -1 -3 -14 -5 18 19 -15 -16 -7 -13 22 -12 24 -2
right_child=10 3 4 6 5 7 -8 -9 -10 -11 21 20 13 17 15 -17 -18 -19 -20 -21 -22 -23 -24 -25 -26
leaf_value=0 -0.0002525924927902602 -0.00024607957655530617 0 0 0 0 0 0 0 0 0 -0.00096467538720201482 0 0.00051749920523198119 0 0 0 0 -0.001020679108898363 0.00082508275524619174 0 0 -0.0021015610961221953 0 0
leaf_weight=1082 2310 30080 20208 3449 516 2874 9864 5924 5257 291 4238 10561 24296 16590 1372 413 5779 13302 28267 77514 23 143 7856 9792 87
leaf_count=1082 2310 30080 20208 3449 516 2874 9864 5924 5257 291 4238 10561 24296 16590 1372 413 5779 13302 28267 77514 23 143 7856 9792 87
internal_value=-5.99493e-05 6.2431e-06 0.000301706 -0.000213383 0.000496006 0.000638337 -0.000609232 0.000703841 -0.000379461 -0.000783728 -0.0011534 -0.000745989 0 0.000129175 -0.000852731 -0.000939679 0.000761866 0.000347297 -0.000981826 0.000803928 -0.000931355 -0.00168433 -0.00170886 0 -0.000231718
internal_weight=282088 257662 129738 127924 112815 92607 43656 92091 16923 33792 24426 11666 84268 54188 33501 30052 86167 29892 29639 80388 10584 12237 12094 12189 2397
internal_count=282088 257662 129738 127924 112815 92607 43656 92091 16923 33792 24426 11666 84268 54188 33501 30052 86167 29892 29639 80388 10584 12237 12094 12189 2397
is_linear=0
shrinkage=0.05


Tree=28
num_leaves=26
num_cat=0
split_feature=6 2 0 3 5 2 5 0 3 0 1 3 5 5 0 1 1 5 1 1 5 2 1 1 5
split_gain=12.102 6.22841 6.6675 3.77312 3.67322 3.00757 1.68152 1.6318 1.57119 1.38851 1.07301 0.994139 1.03081 0.924478 0.808844 0.784823 0.772924 1.14662 0.371207 0.341843 0.312617 0.260022 0.24383 0.0586648 0.00933877
threshold=1.4013310035842297 1.0000000180025095e-35 -1.4712559614593166 0.59984983164983185 -1.2459600467791592 -1.6562519875823425 1.3726924080664296 0.33630398508048692 1.3599184638450008 1.7094562500000001 -1.4411845039018949 -0.91692240668786051 -0.32796764506441917 1.346865725366341 0.15620064567075426 1.7092970553592461 0.4611337946943484 1.0222958408857103 0.78905838689022223 -1.7068173553904511 0.62350374493231653 -0.077552646285924884 1.6722369007803792 -0.27845473318627673 1.2789605021432948
decision_type=2 2 2 2 2 2 2 2 2 2 2 2 2 2 2 2 2 2 2 2 2 2 2 2 2
left_child=1 2 8 11 -4 -6 9 16 10 14 -1 -3 -13 23 -5 19 17 -7 -18 -16 -14 -12 -15 24 -2
right_child=13 3 4 6 5 7 -8 -9 -10 -11 21 12 20 22 15 -17 18 -19 -20 -21 -22 -23 -24 -25 -26
leaf_value=0 -0.00024250107588384419 -0.00023400875058480087 0 0 0 0.00093542818591114984 0 0 0 0 -0.00091895668661848024 0 0.00049249973701775279 -0.0016437320401315278 0 0 0 0 0.00022241994052290596 -0.00095068154519416497 0 0 0 0 0
leaf_weight=1082 2310 30080 20208 3449 516 57013 9864 5924 5257 291 10561 24296 16590 12094 100 413 8787 2189 18178 29539 13302 23 143 9792 87
leaf_count=1082 2310 30080 20208 3449 516 57013 9864 5924 5257 291 10561 24296 16590 12094 100 413 8787 2189 18178 29539 13302 23 143 9792 87
internal_value=-6.15423e-05 1.18986e-06 0.000281077 -0.000202618 0.000467806 0.000604022 -0.000576621 0.000669335 -0.000350359 -0.000741759 -0.000704395 0 0.000121337 -0.00111922 -0.000810404 -0.000892587 0.000725004 0.000891648 0 -0.000934091 0.00033321 -0.000885731 -0.00161992 0 -0.000221921
internal_weight=282088 257662 129738 127924 112815 92607 43656 92091 16923 33792 11666 84268 54188 24426 33501 30052 86167 59202 26965 29639 29892 10584 12237 12189 2397
internal_count=282088 257662 129738 127924 112815 92607 43656 92091 16923 33792 11666 84268 54188 24426 33501 30052 86167 59202 26965 29639 29892 10584 12237 12189 2397
is_linear=0
shrinkage=0.05


Tree=29
num_leaves=31
num_cat=0
split_feature=3 3 0 1 5 2 4 4 0 3 0 1 3 3 5 2 0 0 1 0 4 3 1 0 1 2 1 1 1 5
split_gain=10.1784 7.47606 5.92627 2.44353 5.51053 3.83078 2.72153 3.91241 2.25142 1.9598 2.77758 2.17335 1.50748 1.50672 1.23635 1.23264 0.686462 0.713748 0.755699 0.565822 0.454491 0.271556 0.641318 0.959861 0.265497 0.245336 0.225096 0.0844747 0.222552 0.434122
threshold=1.5324515819750721 -1.6951091451427021 -0.95437661062707069 0.44645448120783832 -1.2601271777003482 1.1176169524669077 -1.455392381426615 0.18694556926264247 -1.4858257642232076 -0.30010694444444447 0.88822252252252276 1.6857620046620052 -1.3743524725541629 1.4524960087632415 -0.39414277071990317 1.2391774031264575 1.453440277777778 -0.47628945109326865 0.2798135375828858 1.5976169909020521 0.54457303941733004 -1.1674491056035798 1.4915954522738633 -1.1897584219858153 -1.6941449707672114 1.4647955187059694 1.7092970553592461 -0.014992798379024957 -1.4989476031215159 -1.1761537366548038
decision_type=2 2 2 2 2 2 2 2 2 2 2 2 2 2 2 2 2 2 2 2 2 2 2 2 2 2 2 2 2 2
left_child=1 19 -2 4 12 6 -6 8 -8 21 11 13 -3 15 -4 -11 17 -14 -19 -1 -9 -5 23 -23 -16 -25 -26 28 -7 -30
right_child=2 3 14 9 5 27 7 20 -10 10 -12 -13 16 -15 24 -17 -18 18 -20 -21 -22 22 -24 25 26 -27 -28 -29 29 -31
leaf_value=-0.0026537438541355211 0 0 0 0 0 0 0 -0.00011326340666109555 0.00084090998572071613 -0.00083174885485968694 0 0 0 0 0 0 0 -0.00076736608307998756 0 0 0.00020758211871038375 0 0 0.00058808317172173621 -0.0019520022436336657 0 0 0 0 -0.00041094175300811567
leaf_weight=2206 4585 5532 455 9906 12577 1311 4177 10878 69363 35709 23821 1281 11030 1597 31 565 245 17882 425 60 22376 1495 2532 14730 11400 263 272 4680 313 10391
leaf_count=2206 4585 5532 455 9906 12577 1311 4177 10878 69363 35709 23821 1281 11030 1597 31 565 245 17882 425 60 22376 1495 2532 14730 11400 263 272 4680 313 10391
internal_value=-6.15917e-05 0 -0.00123722 4.2571e-05 0.000180665 0.00035959 0.000476593 0.000563127 0.000768988 -0.000102962 -0.000304168 -0.000568112 -0.000219096 -0.000689062 -0.0018013 -0.000773037 -0.000426323 -0.000490512 -0.000689621 -0.00252924 0 0 0.000186106 0.000365655 -0.00190171 0.000548287 -0.00191828 0 -0.000129484 -0.0002608
internal_weight=282088 265345 16743 263079 171180 136066 119371 106794 73540 91899 62973 39152 35114 37871 12158 36274 29582 29337 18307 2266 33254 28926 19020 16488 11703 14993 11672 16695 12015 10704
internal_count=282088 265345 16743 263079 171180 136066 119371 106794 73540 91899 62973 39152 35114 37871 12158 36274 29582 29337 18307 2266 33254 28926 19020 16488 11703 14993 11672 16695 12015 10704
is_linear=0
shrinkage=0.05


Tree=30
num_leaves=47
num_cat=0
split_feature=6 3 2 6 5 2 1 3 6 3 4 4 2 5 3 3 3 5 4 5 5 1 1 6 6 5 3 6 4 1 6 5 1 3 1 6 2 2 2 3 3 3 1 1 3 3
split_gain=10.9055 6.12856 3.83717 4.23256 4.4315 3.51084 2.2246 2.85533 1.93176 1.87882 1.89314 1.60683 2.02359 2.5484 1.84555 1.11151 0.978417 0.972821 1.026 0.839143 0.822085 0.747699 0.624524 0.594174 0.470594 0.459763 1.58945 1.02532 0.940394 0.093975 0.0727883 0.0271173 0.29391 0.140904 0.047338 0.0116421 0.0990056 0.00524296 0.0485219 0.00229347 0.0140355 0.000681242 0.000554385 0.0114607 0.000243205 0.00458624
threshold=1.0880326764052313 0.99497088444465664 -0.42329602052623633 0.048562001378902715 -0.94067349582008697 -1.6562519875823425 -0.60032540851392102 0.43322324414715729 0.83173036249159493 -0.51870875420875406 1.2837428346633699 -0.23619195552648789 1.1176169524669077 0.87373776996768915 -1.2650480077982207 1.3869982814126305 -1.6820275855440212 1.3599184638450008 1.2424287921769415 1.3337236952861955 -0.87126844509793611 -1.5840593031875461 -1.7068173553904511 1.5729911531421601 1.1323184539616631 1.1995068524970967 0.32326522781774591 -1.3938688766301444 1.6604520661713547 1.7092970553592461 1.0987427690848746 -1.3722678160919537 -1.4411845039018949 -0.1562006456707544 -0.61289802631578938 0.3583610845295056 -0.77925778035913051 -1.6818607239643824 -0.73809397042093272 -0.18227154452136543 0.35088221387153756 -1.2916543378995431 -0.98505119626926174 -1.6941449707672114 -0.91692240668786051 -0.32879082740168603
decision_type=2 2 2 2 2 2 2 2 2 2 2 2 2 2 2 2 2 2 2 2 2 2 2 2 2 2 2 2 2 2 2 2 2 2 2 2 2 2 2 2 2 2 2 2 2 2
left_child=2 16 3 4 -1 -6 7 31 17 41 19 12 13 14 -8 -16 24 18 22 -11 -3 -22 -9 29 -2 26 44 -28 -29 30 -23 32 -4 34 -34 36 -5 -37 -39 -18 -41 -7 43 -33 -13 -46
right_child=1 20 6 35 5 9 11 8 -10 10 -12 25 -14 -15 15 -17 39 -19 -20 -21 21 23 -24 -25 -26 -27 27 28 -30 -31 -32 42 33 -35 -36 37 -38 38 -40 40 -42 -43 -44 -45 45 -47
leaf_value=0 0 0 0 -0.00019299015432549835 0 2.063956837525976e-05 0 0 0 0.0016194615735158587 0 0 0 0 0.0012244547452520437 0 1.9506946465436785e-05 0 0 0 0 0 -0.0014359776371999017 0 -0.0016648375736308112 0 0 -0.00077408462841024829 0 0 -0.0017520064562248834 0 -0.00043944341921750216 0 0 0 0 8.9179179517652691e-05 0 -6.6285628016930784e-05 0 0 0 4.0326387809499994e-05 3.3594483891197779e-05 0
leaf_weight=20902 45 80 3213 6846 1509 3417 3904 140 745 19160 2209 14275 6415 1469 14653 202 14487 161 401 264 126 310 11279 4502 726 10776 951 16170 499 49 15339 489 6012 1330 72 805 2543 16320 4870 7405 11164 6855 10733 17890 10117 10259
leaf_count=20902 45 80 3213 6846 1509 3417 3904 140 745 19160 2209 14275 6415 1469 14653 202 14487 161 401 264 126 310 11279 4502 726 10776 951 16170 499 49 15339 489 6012 1330 72 805 2543 16320 4870 7405 11164 6855 10733 17890 10117 10259
internal_value=-6.06371e-05 -0.000711115 5.0578e-05 0.000337171 0.000609447 0.00096213 -5.08113e-05 -0.000334338 -0.000990976 0.00111305 0.00142239 2.18989e-06 0.000384152 0.00066044 0.000893719 0.00114002 0 -0.00119362 -0.00128037 0.00157581 -0.00143206 -0.00146865 -0.00138125 -0.00150332 -0.00134508 0 -0.000147471 -0.000530537 -0.000667521 -0.00172517 -0.00173196 0 -7.77732e-05 -0.000316834 -0.000416255 0 -5.40304e-05 0 2.45369e-05 0 0 0 0 8.54982e-06 0 5.38631e-06
internal_weight=282088 54233 227855 85700 54316 33414 142155 52465 12726 31905 21633 89690 26643 20228 18759 14855 33827 11981 11820 19424 20406 20326 11419 20200 771 63047 52271 17620 16669 15698 15649 39739 10627 7414 6084 31384 9389 21995 21190 33056 18569 10272 29112 18379 34651 20376
internal_count=282088 54233 227855 85700 54316 33414 142155 52465 12726 31905 21633 89690 26643 20228 18759 14855 33827 11981 11820 19424 20406 20326 11419 20200 771 63047 52271 17620 16669 15698 15649 39739 10627 7414 6084 31384 9389 21995 21190 33056 18569 10272 29112 18379 34651 20376
is_linear=0
shrinkage=0.05


Tree=31
num_leaves=33
num_cat=0
split_feature=6 2 0 5 2 3 5 3 0 0 0 1 1 1 5 3 2 2 1 1 1 1 1 2 5 5 6 2 1 2 6 2
split_gain=10.304 4.85162 5.69059 3.03385 2.72652 2.6709 2.06812 1.45007 1.44394 1.28118 1.43263 1.08356 0.992383 0.977784 0.973696 0.91334 1.52901 2.21528 1.2957 0.814121 0.777001 0.639632 0.598015 1.00303 0.492378 0.31895 0.272898 0.247313 0.175228 0.151447 0.871679 0.334231
threshold=1.4013310035842297 1.0000000180025095e-35 -1.4712559614593166 -1.2459600467791592 -1.6562519875823425 0.78971708831995169 1.3599184638450008 1.3599184638450008 0.33630398508048692 1.7094562500000001 0.072335372960372957 1.7242333333333335 -1.4411845039018949 1.1423620938628161 -1.4019446792162886 -0.75017833421059221 0.18546403855659926 1.0222958408857103 -1.5840593031875461 -1.5567107023411368 -0.27845473318627673 -1.4989476031215159 -0.53253792919882881 0.10386113074204952 1.1311514054800889 -1.1761537366548038 -1.6691913763281441 -0.077552646285924884 1.6857620046620052 0.40397759352984569 -0.77728913747784067 1.211889829102373
decision_type=2 2 2 2 2 2 2 2 2 2 2 2 2 2 2 2 2 2 2 2 2 2 2 2 2 2 2 2 2 2 2 2
left_child=1 2 7 -4 -5 14 9 12 24 10 -7 19 -1 20 21 29 -17 18 -18 -12 -2 -3 23 -23 25 -6 -25 -14 -15 -16 -31 -32
right_child=13 5 3 4 8 6 -8 -9 -10 -11 11 -13 27 28 15 16 17 -19 -20 -21 -22 22 -24 26 -26 -27 -28 -29 -30 30 31 -33
leaf_value=0 -0.00076757846559618464 0 0 0 0 0 0 0 0 0 0 0 -0.00087378630992308989 -0.0016646557684749132 0 0 0 0 0.0007255721316390399 -0.001073594945249835 0 0 0 0 0 0.0007198708849756268 -0.0012177787299103939 0 0 0 -0.00054121434971781681 0
leaf_weight=1082 2716 1869 20208 516 2874 2217 9625 5257 5924 270 1100 183 10561 10110 11731 5578 1004 15657 27802 23294 11500 582 2849 154 5779 77514 5258 23 100 5921 11004 1826
leaf_count=1082 2716 1869 20208 516 2874 2217 9625 5257 5924 270 1100 183 10561 10110 11731 5578 1004 15657 27802 23294 11500 582 2849 154 5779 77514 5258 23 100 5921 11004 1826
internal_value=-5.89727e-05 0 0.000247562 0.000424467 0.000548301 -0.000179537 -0.000538794 -0.000319116 0.000613075 -0.000760523 -0.000837319 -0.000951446 -0.000664494 -0.00103413 0 2.69839e-05 0.00021511 0.000369952 0.000631064 -0.00101012 0 -0.000458611 -0.000649399 -0.00091205 0.000665688 0.00069998 -0.00115371 -0.000840567 -0.00164463 0 -0.000139946 -0.000436721
internal_weight=282088 257662 129738 112815 92607 127924 36689 16923 92091 27064 26794 24577 11666 24426 91235 80523 50041 44463 28806 24394 14216 10712 8843 5994 86167 80388 5412 10584 10210 30482 18751 12830
internal_count=282088 257662 129738 112815 92607 127924 36689 16923 92091 27064 26794 24577 11666 24426 91235 80523 50041 44463 28806 24394 14216 10712 8843 5994 86167 80388 5412 10584 10210 30482 18751 12830
is_linear=0
shrinkage=0.05


Tree=32
num_leaves=43
num_cat=0
split_feature=6 3 2 6 5 2 0 6 3 6 0 1 6 3 3 6 6 3 5 0 5 3 1 1 6 5 5 1 6 6 2 5 6 2 1 3 0 0 3 3 2 2
split_gain=9.5874 5.36026 3.1181 3.84513 3.85797 3.21453 3.17014 1.85526 1.6804 1.5287 1.17114 3.41694 1.50277 1.37987 1.22132 1.52083 1.33434 1.41852 1.00035 0.97625 1.45351 0.864663 0.690752 0.535491 0.449598 0.442969 0.632712 0.442685 0.412306 0.293757 0.156329 0.0328466 0.0170649 0.0999897 0.0103729 0.00922724 0.252269 0.469139 0.00304722 0.11069 0.000139869 0.0337635
threshold=1.0880326764052313 1.2252884045077108 -0.42329602052623633 0.048562001378902715 -0.94067349582008697 -1.6562519875823425 -0.5847462825734896 1.0987427690848746 -0.51870875420875406 1.5729911531421601 0.6408539211653399 -0.65354971115840665 0.98164519374708592 -1.0838140715109572 0.43322324414715729 -0.72905076445293826 -1.5718975784531748 -0.90364443709625974 -0.76332508998026227 0.16966777082566567 1.3337236952861955 -1.6820275855440212 -1.5567107023411368 -1.5268215010141983 1.1323184539616631 -0.36789272740751716 0.84697829756450471 -0.91623942208462317 -1.4636076647366967 1.0496310734463279 1.5713398944906187 -1.5835445179913401 0.3583610845295056 -0.77925778035913051 1.7242333333333335 1.4898976074614765 0.86052458816351451 1.3469071922886802 -0.18227154452136543 1.1303499398315284 -1.6818607239643824 -0.73809397042093272
decision_type=2 2 2 2 2 2 2 2 2 2 2 2 2 2 2 2 2 2 2 2 2 2 2 2 2 2 2 2 2 2 2 2 2 2 2 2 2 2 2 2 2 2
left_child=2 21 3 4 -1 -6 23 -3 -7 18 14 12 13 -12 15 16 -8 -18 -9 20 -10 24 -20 -4 -2 31 -27 -15 -25 30 34 -17 33 -5 -30 36 -13 -38 -23 -40 -34 -42
right_child=1 7 6 32 5 8 10 9 19 -11 11 35 -14 27 -16 25 17 -19 22 -21 -22 38 -24 28 -26 26 -28 -29 29 -31 -32 -33 40 -35 -36 -37 37 -39 39 -41 41 -43
leaf_value=0 0 0 0 -0.00019849899065141905 0 0 0 0 0.0014748542703343463 0 0 0 0 -0.0012111724387870216 0 0 0 0.0011385608673861428 0 0 0 1.9750909269528624e-05 -0.0020339591442455366 0 -0.0016020799730704462 0.00040257048355896098 0 0 -0.001195158257776299 0 0 -0.00014704510454555686 0 0 0 0 0.00029075241958472425 0 -0.00011288343919045964 0 7.0816668854601757e-05 0
leaf_weight=20902 45 225 817 6846 1509 10272 2018 32 20311 3647 3303 9225 368 11664 9144 737 11253 11421 77 955 367 14487 11664 518 726 14516 3044 3760 7640 148 22 14434 805 2543 28 5623 21026 11446 21272 2058 16320 4870
leaf_count=20902 45 225 817 6846 1509 10272 2018 32 20311 3647 3303 9225 368 11664 9144 737 11253 11421 77 955 367 14487 11664 518 726 14516 3044 3760 7640 148 22 14434 805 2543 28 5623 21026 11446 21272 2058 16320 4870
internal_value=-6.08235e-05 -0.000670435 4.0586e-05 0.000302105 0.000564403 0.000893381 -4.56061e-05 -0.00152972 0.00104047 -0.00163182 0 -0.000128541 -0.000700294 -0.000833269 0.000164674 0.000289883 0.00058592 0.000718707 -0.00193863 0.00133128 0.0014024 -4.1945e-05 -0.00199273 -0.00091813 -0.00128447 0 0.000218347 -0.00102624 -0.00103432 -0.00112164 -0.00117021 -0.000124087 0 -6.54146e-05 -0.00119181 0 2.33587e-05 0.000140636 0 -8.53069e-06 0 4.00767e-06
internal_weight=282088 54233 227855 85700 54316 33414 142155 15645 31905 15420 132982 66415 19095 18727 66567 57423 24692 22674 11773 21633 20678 38588 11741 9173 771 32731 17560 15424 8356 7838 7690 15171 31384 9389 7668 47320 41697 32472 37817 23330 21995 21190
internal_count=282088 54233 227855 85700 54316 33414 142155 15645 31905 15420 132982 66415 19095 18727 66567 57423 24692 22674 11773 21633 20678 38588 11741 9173 771 32731 17560 15424 8356 7838 7690 15171 31384 9389 7668 47320 41697 32472 37817 23330 21995 21190
is_linear=0
shrinkage=0.05


Tree=33
num_leaves=44
num_cat=0
split_feature=6 2 0 3 2 3 0 5 2 2 5 2 5 5 1 5 3 5 2 1 1 6 5 0 0 5 2 1 6 1 5 1 6 1 6 0 1 1 5 3 0 0 3
split_gain=9.04856 3.9998 5.22911 5.2467 2.66554 2.38719 2.30487 3.51602 2.10315 2.25726 2.04945 2.0091 1.9399 1.16629 1.40349 1.27366 1.71143 1.03509 0.907703 0.749085 0.739759 0.699962 0.69692 1.70443 0.988457 0.68087 1.1299 2.07051 0.766121 0.679212 0.604313 0.708052 0.627449 0.552252 0.233769 0.517612 0.361462 0.163484 0.104172 0.261329 0.238137 0.442306 0.172524
threshold=1.4013310035842297 1.0000000180025095e-35 -0.87249639918951227 -0.16841130164460491 -0.93015275424249111 1.4898976074614765 -1.4712559614593166 -1.23236839693957 -1.6562519875823425 -1.3475278308647873 -1.6253274354281062 -1.2361289549376797 -0.65354971115840665 1.0496310734463279 -1.5126171389586023 -1.3319434487253401 -1.3899672911091285 -0.39414277071990317 0.22591795974804116 -1.7068173553904511 1.1423620938628161 1.3702127685165142 1.3599184638450008 1.7094562500000001 -1.2884247982391781 0.017896764527521054 0.10386113074204952 -1.3590719228868016 -1.6055701511288472 -0.27845473318627673 1.5208414339965131 -1.4411845039018949 -1.3852205534678841 1.7242333333333335 -1.0831502825421322 1.5591352709898969 1.2229452380952384 1.6857620046620052 1.145295288975231 1.3337236952861955 0.88822252252252276 1.3337236952861955 0.46153855278766304
decision_type=2 2 2 2 2 2 2 2 2 2 2 2 2 2 2 2 2 2 2 2 2 2 2 2 2 2 2 2 2 2 2 2 2 2 2 2 2 2 2 2 2 2 2
left_child=1 2 4 10 6 12 30 -8 -9 -10 -4 -12 18 14 -6 -16 -17 -7 -3 -13 29 -21 23 24 -19 26 -14 -28 -29 -2 31 -1 -33 -26 -20 36 -36 -22 39 42 -40 -42 -27
right_child=20 5 3 -5 13 17 7 8 9 -11 11 19 25 -15 15 16 -18 22 34 21 37 -23 -24 -25 33 38 27 28 -30 -31 -32 32 -34 -35 35 -37 -38 -39 40 -41 41 -43 -44
leaf_value=0 -0.00071765340344180552 0 0 0 0 0 0 0 0.0016370240473668849 0 0 0 0 0 0 0 -0.0014978412702636524 0 0 0.0010461387676853511 -0.0015576568891344728 0 0 0 -0.0021567818795655501 0 0 0 0.00076110816592537449 0 0 0 -0.0006178106128473009 0 -0.00075218631584856449 0 0 0 0 0 0.00057179437797299289 0 -0.00030734907154366699
leaf_weight=1360 2716 7578 2118 24669 1073 497 4411 257 8864 17224 923 107 1852 1113 1411 879 8564 24 13152 41718 10110 284 4747 214 4161 24414 2453 150 19553 11500 1299 878 12586 58 16872 155 365 100 3883 2468 4622 7048 13658
leaf_count=1360 2716 7578 2118 24669 1073 497 4411 257 8864 17224 923 107 1852 1113 1411 879 8564 24 13152 41718 10110 284 4747 214 4161 24414 2453 150 19553 11500 1299 878 12586 58 16872 155 365 100 3883 2468 4622 7048 13658
internal_value=-6.12357e-05 0 0.000220458 0.000525034 0 -0.000168897 2.67673e-05 0.000423487 0.000731555 0.000858769 0.000843319 0.000929088 -1.24242e-05 -0.000697666 -0.00087359 -0.00106846 -0.00127278 -0.000967043 -0.000353019 0.000999762 -0.000973134 0.00102275 -0.00111675 -0.00166375 -0.00194272 2.35721e-05 0.000266549 0.00044841 0.000693237 0 -0.000102696 -0.000330918 -0.000496129 -0.00207554 -0.000477359 -0.000653558 -0.000709562 -0.00153816 0 -7.95818e-05 0 0.000220444 -0.000153753
internal_weight=282088 257662 129738 69819 59919 127924 46879 30756 26345 26088 45150 43032 118223 13040 11927 10854 9443 9701 38122 42109 24426 42002 9204 4457 4243 80101 24008 22156 19703 14216 16123 14824 13464 4219 30544 17392 17237 10210 56093 40540 15553 11670 38072
internal_count=282088 257662 129738 69819 59919 127924 46879 30756 26345 26088 45150 43032 118223 13040 11927 10854 9443 9701 38122 42109 24426 42002 9204 4457 4243 80101 24008 22156 19703 14216 16123 14824 13464 4219 30544 17392 17237 10210 56093 40540 15553 11670 38072
is_linear=0
shrinkage=0.05


Tree=34
num_leaves=42
num_cat=0
split_feature=6 3 5 1 0 6 4 4 6 6 6 5 3 1 6 0 4 3 6 6 5 6 3 1 5 3 4 0 3 4 3 4 5 3 6 6 3 5 5 5 3
split_gain=8.3499 4.50301 2.80469 2.42312 3.60476 3.82154 2.41626 3.6562 1.85429 1.72359 1.412 0.937581 0.802175 0.644652 0.581912 0.699737 0.517394 0.793561 0.956216 0.429716 0.424644 0.795289 0.613701 1.00159 1.38533 0.365708 0.275864 0.128576 0.105814 0.460921 0.989713 1.39451 0.0695697 0.230802 0.219576 0.204489 0.00196599 0.257545 0.30026 0.114894 0.458633
threshold=1.0880326764052313 1.2252884045077108 -1.2601271777003482 0.44645448120783832 1.1190725490196078 0.017625579464470954 -1.4007662642521794 0.11572035794183437 -1.5122350999449841 1.0987427690848746 1.5729911531421601 -0.76332508998026227 -1.6820275855440212 -1.5567107023411368 -1.4157120782305863 1.4283635385730657 0.83319680994863488 -1.3743524725541629 0.44304929278212823 1.1323184539616631 1.0000000180025095e-35 -1.4401860565095892 -1.5567107023411368 1.5453845788849347 -1.0793529295475324 1.4771372618835679 0.584832088617112 -0.44961530249110321 1.4898976074614765 1.5855821718931478 -1.1674491056035798 0.86196476280764822 1.3204286088943842 -0.95838868974506797 1.035625897417791 -1.0702522152880733 -0.18227154452136543 1.4661954073608057 -1.0000000180025095e-35 0.11493147502903592 1.1303499398315284
decision_type=2 2 2 2 2 2 2 2 2 2 2 2 2 2 2 2 2 2 2 2 2 2 2 2 2 2 2 2 2 2 2 2 2 2 2 2 2 2 2 2 2
left_child=2 12 14 4 5 6 -4 8 -8 -3 11 -11 19 -13 -1 16 17 -16 25 -2 21 -5 -23 24 -24 -19 -9 -7 29 30 -22 -32 33 -6 35 -35 37 38 -14 -38 -41
right_child=1 9 3 20 32 27 7 26 -10 10 -12 13 36 -15 15 -17 -18 18 -20 -21 28 22 23 -25 -26 -27 -28 -29 -30 -31 31 -33 -34 34 -36 -37 39 -39 -40 40 -42
leaf_value=0 0 0 0 0 0 -8.8009052072041141e-05 0 0 0.0011154799655699354 0 0 0 0 -0.0019137097366598698 0 0 0 -0.00083169581554307288 0 -0.0015433848013121972 0 0 0 0 -0.00091307639546888634 0 0.00023070963261274206 9.3370634186707837e-05 0 0 0 0.00068159518025032086 0 0 0 -0.00040880486292053204 0 0 0.0003641907326959069 -0.00027470037930332753 0
leaf_weight=9974 45 225 9579 858 1433 17083 2119 8198 38351 32 3647 77 3366 11664 4056 288 3331 18178 1177 726 4421 848 928 1590 12075 128 12376 20596 6452 2864 21180 15299 1067 2957 193 10256 2978 1151 9970 18420 1932
leaf_count=9974 45 225 9579 858 1433 17083 2119 8198 38351 32 3647 77 3366 11664 4056 288 3331 18178 1177 726 4421 848 928 1590 12075 128 12376 20596 6452 2864 21180 15299 1067 2957 193 10256 2978 1151 9970 18420 1932
internal_value=-6.32725e-05 -0.000631018 2.80974e-05 0.000144645 0.000283934 0.000418524 0.000634057 0.000750028 0.00103303 -0.00142719 -0.001528 -0.00181928 -2.92613e-05 -0.00187313 -0.000290819 -0.000409184 -0.000482612 -0.000564541 -0.000694272 -0.00122807 0 -0.000250782 -0.000436295 -0.000549638 -0.000722354 -0.000799139 0 0 0 7.72358e-05 0.000184814 0.00032403 0 -0.000106203 -0.000231706 -0.000306976 0 1.80607e-05 0.000215911 0 -0.00011714
internal_weight=282088 54233 227855 190723 124208 108302 70623 61044 40470 15645 15420 11773 38588 11741 37132 27158 26870 23539 19483 771 66515 16299 15441 14593 13003 18306 20574 37679 50216 43764 40900 36479 15906 14839 13406 13213 37817 14487 13336 23330 20352
internal_count=282088 54233 227855 190723 124208 108302 70623 61044 40470 15645 15420 11773 38588 11741 37132 27158 26870 23539 19483 771 66515 16299 15441 14593 13003 18306 20574 37679 50216 43764 40900 36479 15906 14839 13406 13213 37817 14487 13336 23330 20352
is_linear=0
shrinkage=0.05


Tree=35
num_leaves=45
num_cat=0
split_feature=6 2 2 5 4 6 6 6 4 6 5 6 4 6 5 2 2 3 5 2 5 2 3 1 3 1 1 3 6 2 1 3 2 1 1 5 5 5 6 1 1 5 6 6
split_gain=7.93125 3.53941 3.3119 3.05678 2.13697 1.46114 1.36111 1.01284 2.73435 1.42244 1.05216 0.743682 0.69404 0.662686 1.37793 1.39401 1.34635 0.67376 0.60411 0.597547 0.586839 1.56224 1.88997 3.98361 2.94918 0.578105 0.527397 0.396154 0.313065 0.28223 0.702339 0.479849 0.26669 0.254383 0.214289 0.172361 0.86631 0.164221 0.0929546 0.0863017 0.0126958 0.00513121 0.000128755 0.00334991
threshold=1.4013310035842297 1.0000000180025095e-35 -1.6562519875823425 -0.20878742443714596 0.17329930795847762 1.3445350212365528 -1.4255905779504612 0.9684419915396818 1.4293916062801932 -1.278437173165994 1.1046861880025618 1.3445350212365528 -1.4283635385730651 -1.048667511350438 -1.6816926975463558 -0.67094197109448739 -1.1958653008359821 -1.5441033412715595 1.346865725366341 -1.624974406224406 -1.3722678160919537 0.92603855455968132 -0.62828020571645249 -1.1513025903009408 1.3599184638450008 -1.4288683532798057 1.6347157246119208 -1.6375790412486062 -1.4888132570101209 0.14440774804905229 -0.51930565371024728 1.0755754299754303 0.21278604118993141 1.7242333333333335 1.6722369007803792 0.94118689581095594 -0.34116891661387 -1.5835445179913401 1.0987427690848746 1.0890352240352243 -0.27845473318627673 1.2789605021432948 -0.80416599934052468 0.063539409141583
decision_type=2 2 2 2 2 2 2 2 2 2 2 2 2 2 2 2 2 2 2 2 2 2 2 2 2 2 2 2 2 2 2 2 2 2 2 2 2 2 2 2 2 2 2 2
left_child=1 2 11 13 20 6 -6 8 9 -5 -11 12 -1 14 -4 27 17 -15 40 -19 29 22 -22 -24 -25 -8 28 -16 -14 -3 31 32 -31 38 39 36 -23 -30 -27 -20 41 -2 -18 -44
right_child=18 4 3 7 5 -7 25 -9 -10 10 -12 -13 26 16 15 -17 42 19 34 -21 21 35 23 24 -26 33 -28 -29 37 30 -32 -33 -34 -35 -36 -37 -38 -39 -40 -41 -42 -43 43 -45
leaf_value=0 -0.00012416135835096516 0 0 0 0 0 0 0 0 0.0010129354089291342 0 0 0 0 0 0 0 0 0 -0.00087805386113106072 0 0 0 0.001339889464374406 0 -0.00019308310069615959 0 0.00086697178129399068 0 0 0 0 -0.00092138310808694945 0 0 0 -0.00046294541087875304 -0.0013650041215753858 -0.0013916073410916744 -0.0016593091147346301 0 0 2.3467762864757937e-05 0
leaf_weight=443 2310 1267 1266 1914 2703 2031 841 14773 3339 33946 4426 211 114 379 256 11201 6350 308 4238 7968 16143 7591 4718 14096 400 44299 342 12098 32 464 1744 298 5789 453 143 5570 11535 3423 7982 7856 9792 87 15210 11739
leaf_count=443 2310 1267 1266 1914 2703 2031 841 14773 3339 33946 4426 211 114 379 256 11201 6350 308 4238 7968 16143 7591 4718 14096 400 44299 342 12098 32 464 1744 298 5789 453 143 5570 11535 3423 7982 7856 9792 87 15210 11739
internal_value=-6.34979e-05 0 0.000201746 0.000311849 -0.000166077 -0.000388465 -0.000469616 0.000580453 0.000711899 0.00084586 0.000917566 -0.000513015 -0.000806956 0 0.000251739 0.000457626 -3.3217e-05 -0.000607875 -0.000915685 -0.000758619 0 7.99011e-05 0.000345612 0.000674946 0.0011219 -0.000542567 -0.0010496 0.000812526 -0.00122889 -0.000326309 -0.000448519 -0.000704667 -0.000832914 -0.000571078 -0.00132425 0 -0.00014787 -0.00132164 -0.000583914 -0.00134748 0 -0.000103238 0 3.41939e-06
internal_weight=282088 257662 129738 125173 127924 58309 56278 58398 43625 40286 38372 4565 4354 66775 24821 23555 41954 8655 24426 8276 69615 60053 35357 19214 14496 53575 3911 12354 3569 9562 8295 6551 6253 52734 12237 24696 19126 3455 52281 12094 12189 2397 33299 26949
internal_count=282088 257662 129738 125173 127924 58309 56278 58398 43625 40286 38372 4565 4354 66775 24821 23555 41954 8655 24426 8276 69615 60053 35357 19214 14496 53575 3911 12354 3569 9562 8295 6551 6253 52734 12237 24696 19126 3455 52281 12094 12189 2397 33299 26949
is_linear=0
shrinkage=0.05


Tree=36
num_leaves=39
num_cat=0
split_feature=6 2 0 3 2 4 0 3 4 6 2 2 6 6 6 4 3 1 1 6 6 6 2 1 1 1 1 3 2 3 2 3 1 1 2 1 1 1
split_gain=7.42778 3.20218 4.46334 4.64314 2.45209 1.91306 1.85756 2.53847 1.86869 2.0613 1.85964 1.64929 1.49029 1.39755 1.30407 1.00944 0.928167 0.794064 0.883037 0.829558 0.682123 0.667656 0.634032 0.555795 0.325806 0.587386 0.317304 1.85116 3.5795 2.19804 1.53738 1.28696 0.479915 0.24435 0.224769 0.143468 0.00519811 0.0156492
threshold=1.4013310035842297 1.0000000180025095e-35 -0.87249639918951227 -0.16841130164460491 -0.93015275424249111 0.17329930795847762 -1.4712559614593166 -0.43556799315792116 0.6967249254287845 -0.43769205219454316 -1.6562519875823425 -1.2361289549376797 -1.5122350999449841 1.3445350212365528 -1.4255905779504612 1.5980758602460594 1.3204286088943842 -1.5126171389586023 1.6722369007803792 -1.3388679268115589 1.3702127685165142 -1.6448679268594018 -1.0547335449381889 -1.4288683532798057 1.1423620938628161 -0.27845473318627673 -1.1634870484952942 -0.72367762733720176 0.92603855455968132 1.3869982814126305 0.15674673152934013 -1.0703805250114289 -1.7068173553904511 1.7242333333333335 0.2817740312645709 1.6857620046620052 -1.0403987936462162 0.32192861464004835
decision_type=2 2 2 2 2 2 2 2 2 2 2 2 2 2 2 2 2 2 2 2 2 2 2 2 2 2 2 2 2 2 2 2 2 2 2 2 2 2
left_child=1 2 4 11 6 26 8 -8 9 -1 -9 -4 -12 14 -7 20 17 -6 19 -19 21 -13 -11 -16 25 -2 31 36 29 30 -29 -3 -33 -25 -34 -26 -28 -38
right_child=24 5 3 -5 16 13 7 10 -10 22 12 15 -14 -15 23 -17 -18 18 -20 -21 -22 -23 -24 33 35 -27 27 28 -30 -31 -32 32 34 -35 -36 -37 37 -39
leaf_value=0 -0.00066738114422484158 0 0 0 0 0 0 0 0 -0.0012565851038586874 0 0 0.00093684287215897277 0 0 0 0 0 0 -0.0011622339678189467 0 0.00093148414362121106 0 -0.00056531755034471476 -0.0013994836176257131 0 0 0 0 0 0.0012413767529651691 0 0 0 -0.00068764683214602926 0 -6.4519903260873781e-05 0
leaf_weight=3741 2716 4440 988 24669 1053 2703 8122 270 5523 6706 987 445 21377 2031 841 877 412 1104 159 10312 275 42565 153 52281 10110 11500 1369 2531 17486 366 14498 294 2436 453 10946 100 11939 3310
leaf_count=3741 2716 4440 988 24669 1053 2703 8122 270 5523 6706 987 445 21377 2031 841 877 412 1104 159 10312 275 42565 153 52281 10110 11500 1369 2531 17486 366 14498 294 2436 453 10946 100 11939 3310
internal_value=-6.5053e-05 0 0.000188869 0.000473848 0 -0.000161622 8.21318e-06 0.000381085 -7.58665e-05 -0.000653013 0.000685128 0.000774262 0.00082313 -0.000371772 -0.000452326 0.000839567 -0.000670689 -0.000799702 -0.000926407 -0.00102646 0.000881189 0.000905822 -0.00115477 -0.000524415 -0.000889048 0 0 7.85998e-05 0.000373599 0.000879298 0.00104942 -0.000158804 -0.000508669 -0.00055264 -0.000591708 -0.001381 0 -2.86518e-05
internal_weight=282088 257662 129738 69819 59919 127924 46879 30756 16123 10600 22634 45150 22364 58309 56278 44162 13040 12628 11575 11416 43285 43010 6859 53575 24426 14216 69615 51499 34881 17395 17029 18116 13676 52734 13382 10210 16618 15249
internal_count=282088 257662 129738 69819 59919 127924 46879 30756 16123 10600 22634 45150 22364 58309 56278 44162 13040 12628 11575 11416 43285 43010 6859 53575 24426 14216 69615 51499 34881 17395 17029 18116 13676 52734 13382 10210 16618 15249
is_linear=0
shrinkage=0.05


Tree=37
num_leaves=41
num_cat=0
split_feature=6 2 3 0 5 1 5 0 6 6 1 0 2 3 2 5 3 1 3 1 5 1 5 6 1 6 1 1 5 3 1 1 2 5 1 2 2 6 1 2
split_gain=6.86134 2.79952 4.84325 3.78788 3.08294 3.0595 2.39167 1.39965 1.33189 1.2933 1.36331 1.00233 2.15686 1.92285 1.12498 1.28672 0.990864 0.830821 0.648419 0.677536 0.475164 0.340919 0.43166 0.332973 0.285082 0.208517 0.265665 0.19977 0.181039 0.121617 0.198178 0.104533 0.550748 0.200723 0.0922383 0.122635 0.0846337 0.0756627 0.0246631 0.0150363
threshold=1.4013310035842297 -0.42329602052623633 0.59984983164983185 -1.4712559614593166 -1.1761537366548038 0.10069866221568961 1.3726924080664296 1.7094562500000001 -1.5122350999449841 -0.19651723238217231 -1.3722678160919537 -0.31649856126003323 0.44569734165431169 0.017896764527521054 -0.28981394349041051 -1.6689768824963915 0.33663215520993206 1.5331334579083304 1.3599184638450008 -1.4411845039018949 1.453440277777778 -0.6809539742638272 0.92829575669276998 -1.6055701511288472 1.6722369007803792 1.1474465277777781 -1.4159823062843195 -1.5840593031875461 -1.6689768824963915 -0.39414277071990317 1.700072262773723 0.78905838689022223 -1.6104832358907049 -0.48904272863568216 -1.6372694215618053 -0.41076105002285784 -0.99935133291096034 0.63182153660012119 -0.27845473318627673 -1.0680831294066337
decision_type=2 2 2 2 2 2 2 2 2 2 2 2 2 2 2 2 2 2 2 2 2 2 2 2 2 2 2 2 2 2 2 2 2 2 2 2 2 2 2 2
left_child=1 3 11 18 -5 8 7 17 -6 10 -10 16 13 14 -13 -16 23 34 19 -1 38 22 28 -3 27 26 -25 -22 -14 -23 -31 36 -33 -34 -4 -36 -7 -11 -2 -21
right_child=20 2 6 4 5 31 -8 -9 9 37 -12 12 21 -15 15 -17 -18 -19 -20 39 24 29 -24 25 -26 -27 -28 -29 -30 30 -32 32 33 -35 35 -37 -38 -39 -40 -41
leaf_value=0 -0.00014125917373027723 0 0 0 0 -0.00016472169530158947 0 0 0 0 0.0016170843379845184 0 0 0 0 0.00072634152502547029 0 0 0 -0.00058870658790508717 0 0 0 0 0 0 -0.00065533729261210119 -0.0014178421239899987 -0.00038278101268455648 0.00021007519843680214 0 0 0 0.00039286939070725654 0 -0.00089030658400531665 0 0.00016002116342250675 0 0
leaf_weight=1057 2509 330 988 15521 1152 7217 10083 291 2878 9290 14495 3744 657 6614 905 32855 1413 2875 5235 9632 49 17815 515 1758 136 1195 12434 9752 15690 17535 302 413 1369 13284 104 32708 7743 6806 11980 759
leaf_count=1057 2509 330 988 15521 1152 7217 10083 291 2878 9290 14495 3744 657 6614 905 32855 1413 2875 5235 9632 49 17815 515 1758 136 1195 12434 9752 15690 17535 302 413 1369 13284 104 32708 7743 6806 11980 759
internal_value=-6.56628e-05 0 -0.000116374 0.00022226 0.000417806 0.000578152 -0.000547815 -0.000734804 0.000914687 0.000981197 0.00141632 0 0.000120492 0.000390137 0.000552142 0.000648071 -0.000248587 -0.000798796 -0.0001041 -0.000387705 -0.000857134 0 -0.000221047 -0.000468129 -0.0013637 -0.000525171 -0.00057741 -0.00139738 -0.000337784 0 0.000128483 0 0.000129235 0.000327927 -0.00086709 -0.00088374 0 0 0 -0.000564955
internal_weight=282088 257662 160811 96851 80168 64647 47049 36966 34621 33469 17373 113762 96632 44118 37504 33760 17130 36675 16683 11448 24426 52514 16862 15717 9937 15387 14192 9801 16347 35652 17837 30026 15066 14653 33800 32812 14960 16096 14489 10391
internal_count=282088 257662 160811 96851 80168 64647 47049 36966 34621 33469 17373 113762 96632 44118 37504 33760 17130 36675 16683 11448 24426 52514 16862 15717 9937 15387 14192 9801 16347 35652 17837 30026 15066 14653 33800 32812 14960 16096 14489 10391
is_linear=0
shrinkage=0.05


Tree=38
num_leaves=40
num_cat=0
split_feature=6 2 0 3 3 6 2 0 4 3 6 1 2 4 1 2 6 6 3 0 1 1 4 3 2 0 1 6 4 2 1 1 1 6 6 6 2 3 3
split_gain=6.40143 2.53786 3.8873 4.09172 2.4821 3.0569 2.50002 2.49288 2.34993 1.81431 1.80843 1.56249 1.52237 0.930585 0.825668 0.89721 0.63359 0.631989 0.568085 0.546728 0.317522 0.313089 1.26773 1.77357 1.58136 0.689459 0.267369 0.261315 0.313238 0.20644 0.136775 0.525291 0.12688 0.114157 0.119582 0.0585806 0.0105757 0.00219214 0.450988
threshold=1.4013310035842297 1.0000000180025095e-35 -0.87249639918951227 -0.16841130164460491 0.85899276585483497 -1.1070790209790207 -1.6818607239643824 -0.95437661062707069 1.3755877422544895 1.4898976074614765 0.99559611258361735 -1.5126171389586023 -1.2361289549376797 1.5980758602460594 0.89781073496712205 -0.065171997232093604 1.3702127685165142 -1.3034658009893454 -0.91692240668786051 -1.4712559614593166 1.7242333333333335 -1.1513025903009408 -0.012313323201621059 -0.72367762733720176 0.92603855455968132 0.37740204200984456 -1.6941449707672114 0.74405350026317774 0.35088221387153756 0.43176194539249146 1.1423620938628161 -0.27845473318627673 1.6857620046620052 1.3816580388024831 -1.6691913763281441 -1.3034658009893454 1.6224349123016348 -0.65476158301158283 1.3067039794737638
decision_type=2 2 2 2 2 2 2 2 2 2 2 2 2 2 2 2 2 2 2 2 2 2 2 2 2 2 2 2 2 2 2 2 2 2 2 2 2 2 2
left_child=1 2 4 12 5 35 -6 8 10 18 -8 -7 -4 16 15 -13 17 -14 29 -11 26 25 23 -23 -25 -20 -21 28 -27 -3 31 -2 -32 34 -31 -1 -36 -24 -39
right_child=30 9 3 -5 6 11 7 -9 -10 19 -12 14 13 -15 -16 -17 -18 -19 21 20 -22 22 37 24 -26 27 -28 -29 -30 33 32 -33 -34 -35 36 -37 -38 38 -40
leaf_value=0 -0.00063111990874474815 0 0 0 0 0 0.0013933954912247887 0 0 0 0 -0.00091886924094295548 0 0 0 0 0 0.00094719290784018922 0 0 0 0 0 0.00088931477176571361 0 -0.00061853120755184557 -0.0010052131119977362 0 0 0 -0.0012916293001562851 0 0 0 -0.00037984073783489506 0.00020502615058759643 0 -0.00017836662380843441 0
leaf_weight=5013 2716 12722 988 24669 2196 1907 11882 658 1940 39 2624 23985 7046 877 6662 149 275 35964 4453 41 141 2649 3989 14962 13121 7801 9480 830 838 86 10110 11500 100 99 17073 2903 100 35030 4470
leaf_count=5013 2716 12722 988 24669 2196 1907 11882 658 1940 39 2624 23985 7046 877 6662 149 275 35964 4453 41 141 2649 3989 14962 13121 7801 9480 830 838 86 10110 11500 100 99 17073 2903 100 35030 4470
internal_value=-6.44211e-05 0 0.000164893 0.000434022 0 -0.000344368 0.00025761 0.000654228 0.000900319 -0.000147646 0.00114202 -0.000613516 0.000716711 0.000781076 -0.000723721 -0.000865144 0.000821774 0.000846115 -2.23009e-08 -0.000844742 -0.000921816 0 9.91911e-05 0.000353155 0.00053938 -5.67793e-05 -0.000969631 -0.000419714 -0.000512712 -0.00021522 -0.00082878 0 -0.00127415 -0.00032854 -0.000352895 0 -0.000376799 0 -1.16933e-05
internal_weight=282088 257662 129738 69819 59919 40619 19300 17104 16446 127924 14506 32703 45150 44162 30796 24134 43285 43010 118223 9701 9662 88143 74221 30732 28083 13922 9521 9469 8639 30080 24426 14216 10210 17358 17259 7916 17173 43489 39500
internal_count=282088 257662 129738 69819 59919 40619 19300 17104 16446 127924 14506 32703 45150 44162 30796 24134 43285 43010 118223 9701 9662 88143 74221 30732 28083 13922 9521 9469 8639 30080 24426 14216 10210 17358 17259 7916 17173 43489 39500
is_linear=0
shrinkage=0.05


Tree=39
num_leaves=40
num_cat=0
split_feature=6 2 3 2 3 5 2 4 4 5 6 4 3 5 1 4 6 3 5 6 6 3 6 2 3 1 1 6 1 4 5 6 5 3 4 1 1 1 1
split_gain=5.91883 2.4282 4.06848 3.37679 2.32876 2.27066 2.13636 1.94827 1.50189 1.49509 1.26049 1.95393 1.40934 0.935216 1.38315 1.33168 1.3811 1.10584 0.760678 2.21365 0.954432 0.86676 1.20948 0.809798 1.36172 1.2643 0.759208 0.755305 0.672435 0.56533 0.783668 0.535582 0.27845 0.213068 0.490169 0.179215 0.0799036 0.0125408 0.00195178
threshold=1.4013310035842297 -0.42329602052623633 0.59984983164983185 -1.2509252548396146 0.85899276585483497 1.2666654566574709 -1.6818607239643824 -1.4411845039018949 1.6604520661713547 -0.11612789622216428 1.0496310734463279 1.5096626508881354 1.570778262286044 -1.6104832358907049 0.086193262411347532 -1.5126171389586023 1.2627482456140353 1.0755754299754303 -0.32796764506441917 -1.048667511350438 -1.2524457439112611 -1.1523690078037903 1.1979170997921 1.0083933701095662 -1.0147378531073443 -1.3590719228868016 1.7242333333333335 1.288671835223328 1.5208414339965131 0.12937201927034178 -1.5971549182524789 -1.6224349123016346 1.346865725366341 -1.5441033412715595 -1.6375790412486062 1.6722369007803792 -1.7068173553904511 -1.1916475723525741 -0.27845473318627673
decision_type=2 2 2 2 2 2 2 2 2 2 2 2 2 2 2 2 2 2 2 2 2 2 2 2 2 2 2 2 2 2 2 2 2 2 2 2 2 2 2
left_child=1 3 18 4 9 7 -6 -4 26 31 11 12 -8 -5 15 -15 17 -17 19 20 -3 -21 28 24 -20 -26 36 -27 -23 30 -22 -1 38 -33 -35 37 -9 -34 -2
right_child=32 2 5 13 6 -7 10 8 -10 -11 -12 -13 -14 14 -16 16 -18 -19 23 21 29 22 -24 -25 25 27 -28 -29 -30 -31 -32 33 35 34 -36 -37 -38 -39 -40
leaf_value=0 -4.0478530834133365e-05 0 0 0 0 0 0.0012942206594739655 0 0 0 0 0 0 0 0 0.00095174160141944797 0 0 0 0 0 -0.0007259363172322106 0 0 0 0.00067689632398115459 0 0 0 0 0.0010513871898478802 0 0 0 -0.0012210993698276258 0 -0.0009693912954968954 -0.0011686067985940071 0
leaf_weight=307 2397 16380 3403 2576 2312 12982 9630 58 556 8825 2437 808 1003 3813 24034 30138 841 1495 12587 11256 625 23350 602 12460 1511 25966 196 1706 328 2353 4638 502 117 359 7771 143 29854 11977 9792
leaf_count=307 2397 16380 3403 2576 2312 12982 9630 58 556 8825 2437 808 1003 3813 24034 30138 841 1495 12587 11256 625 23350 602 12460 1511 25966 196 1706 328 2353 4638 502 117 359 7771 143 29854 11977 9792
internal_value=-6.45313e-05 0 -0.000112133 0.000203659 0 -0.000506114 0.000110062 -0.000718307 -0.000853257 -0.000553428 0.00061922 0.00085046 0.00110045 0.000443456 0.000493317 0.000704129 0.000808522 0.000882017 0 -5.99423e-05 2.07282e-05 -0.000398642 -0.000563938 0.000175371 0.000295983 0.000488908 -0.000929293 0.000603065 -0.000671238 0.000540723 0.000807433 -0.000991374 -0.000799243 -0.00107745 -0.00113532 -0.00114041 -0.000965081 -0.00116214 0
internal_weight=282088 257662 160811 96851 33954 47049 16190 34067 30664 17764 13878 11441 10633 62897 60321 36287 32474 31633 113762 59532 23996 35536 24280 54230 41770 29183 30108 27672 23678 7616 5263 8939 24426 8632 8130 12237 29912 12094 12189
internal_count=282088 257662 160811 96851 33954 47049 16190 34067 30664 17764 13878 11441 10633 62897 60321 36287 32474 31633 113762 59532 23996 35536 24280 54230 41770 29183 30108 27672 23678 7616 5263 8939 24426 8632 8130 12237 29912 12094 12189
is_linear=0
shrinkage=0.05


Tree=40
num_leaves=36
num_cat=0
split_feature=3 3 0 0 3 3 2 1 4 4 0 5 1 4 1 5 5 0 4 4 5 4 3 0 1 0 2 2 4 5 1 1 1 2 4
split_gain=5.91812 5.57602 4.29436 1.60893 4.58563 2.79121 4.21667 2.54146 2.16456 1.69519 1.62111 1.95227 1.61796 1.55627 1.74371 1.01232 0.954482 0.887523 2.99381 2.84112 1.08868 2.30189 0.865377 0.817267 0.678328 0.528077 0.222443 1.78936 2.37561 1.17901 0.205586 0.138587 0.0778521 0.0481947 0.0753972
threshold=-1.6951091451427021 1.5324515819750721 -0.95437661062707069 -1.1897584219858153 0.43322324414715729 0.19821525096525108 0.44569734165431169 -1.1771159297052152 1.5980758602460594 0.57262685871325514 -0.87249639918951227 -1.6253274354281062 -1.6372694215618053 -1.6375790412486062 -1.6372694215618053 0.94118689581095594 -0.39414277071990317 0.91692240668786085 0.31127553956834536 1.572451355661882 0.76386024125746321 1.5855821718931478 1.3204286088943842 -0.95437661062707069 0.93757845117845129 1.5976169909020521 -1.3475278308647873 -1.6818607239643824 1.5855821718931478 -1.4293916062801928 -1.6941449707672114 1.7092970553592461 -0.14440774804905246 1.2794756897549684 -1.7068173553904511
decision_type=2 2 2 2 2 2 2 2 2 2 2 2 2 2 2 2 2 2 2 2 2 2 2 2 2 2 2 2 2 2 2 2 2 2 2
left_child=25 3 -3 4 9 6 8 12 10 13 -5 -12 -7 -2 -15 -16 -4 18 24 -20 -19 -22 23 -14 -9 -1 27 -6 29 -29 -18 -32 33 34 -8
right_child=1 2 16 5 26 7 32 17 -10 -11 11 -13 22 14 15 -17 30 20 19 -21 21 -23 -24 -25 -26 -27 -28 28 -30 -31 31 -33 -34 -35 -36
leaf_value=-0.0024880104907371533 0 0 0 0 0 0 0 0.00030095562882493661 0 0 0 0.00066426950995823394 0 0 -0.0016726017547752476 0 0 0 -0.00092776045478209818 0 0.00076335581050308713 0 0 -0.0013679199592149388 0 0 0 0 0 0.0010175562245238301 -0.0015247970742674447 0 0 0 -0.00015817052599979541
leaf_weight=2206 439 4585 455 14983 1234 1828 99 18142 1980 4924 3437 76684 995 316 9514 1087 31 13418 16567 1556 17477 2177 874 7280 2638 60 7348 464 662 12859 11400 272 22370 2178 19549
leaf_count=2206 439 4585 455 14983 1234 1828 99 18142 1980 4924 3437 76684 995 316 9514 1087 31 13418 16567 1556 17477 2177 874 7280 2638 60 7348 464 662 12859 11400 272 22370 2178 19549
internal_value=-6.34923e-05 -3.30785e-06 -0.000894883 1.62725e-05 -0.00021121 0.000101876 0.000254757 -3.53406e-05 0.000449675 -0.00088557 0.000512783 0.000601651 -0.000747494 -0.00120945 -0.00136271 -0.00151635 -0.00138989 0 -6.61225e-05 -0.000639833 0.000246581 0.000485413 -0.00103896 -0.00119593 0 -0.00236559 0 0.000187608 0.000587614 0.000888187 -0.00148243 -0.00149837 0 -9.31995e-05 -0.00012481
internal_weight=282088 279822 16743 263079 38847 224232 141280 82952 97084 16280 95104 80121 10977 11356 10917 10601 12158 71975 38903 18123 33072 19654 9149 8275 20780 2266 22567 15219 13985 13323 11703 11672 44196 21826 19648
internal_count=282088 279822 16743 263079 38847 224232 141280 82952 97084 16280 95104 80121 10977 11356 10917 10601 12158 71975 38903 18123 33072 19654 9149 8275 20780 2266 22567 15219 13985 13323 11703 11672 44196 21826 19648
is_linear=0
shrinkage=0.05


Tree=41
num_leaves=34
num_cat=0
split_feature=6 3 5 1 2 6 4 4 3 3 5 1 6 4 3 6 2 5 6 3 1 5 2 4 4 3 1 1 4 6 3 5 5
split_gain=5.50844 3.17497 2.12395 1.74028 2.47525 2.07647 2.71367 3.64279 1.80643 0.637811 0.596867 0.540747 0.514169 0.469546 0.725967 0.751655 0.467779 0.361952 0.7398 0.576668 0.928334 1.31836 0.151702 0.0757496 0.606102 1.03209 1.53544 0.073262 0.0177027 0.00304592 0.00110444 7.70729e-05 0.0509415
threshold=1.0880326764052313 0.99497088444465664 -1.2601271777003482 0.44645448120783832 1.1176169524669077 0.017625579464470954 -1.4007662642521794 0.11572035794183437 -1.2100998830521015 -1.6820275855440212 -0.87126844509793611 -1.5840593031875461 -1.4157120782305863 0.83319680994863488 -1.4170763656633218 0.44304929278212823 -1.5976169909020517 1.0000000180025095e-35 -1.4401860565095892 -1.5567107023411368 1.5453845788849347 -1.0793529295475324 1.4920054534588381 0.059862308429118924 1.5855821718931478 -1.1674491056035798 1.570778262286044 1.7092970553592461 0.584832088617112 0.83173036249159493 -0.18227154452136543 1.3204286088943842 -1.1623642067231403
decision_type=2 2 2 2 2 2 2 2 2 2 2 2 2 2 2 2 2 2 2 2 2 2 2 2 2 2 2 2 2 2 2 2 2
left_child=2 9 12 4 5 6 -4 8 -8 -2 -3 -12 -1 14 -14 16 -16 18 -5 -20 21 -21 -18 -19 25 -25 -27 -13 -9 -7 -11 32 -6
right_child=1 10 3 17 31 29 7 28 -10 30 11 27 13 -15 15 -17 22 23 19 20 -22 -23 -24 24 -26 26 -28 -29 -30 -31 -32 -33 -34
leaf_value=0 -0.0010860040134361118 0 0 0 0 0 0 0 0.0010842675547573586 1.3536729138010996e-05 0 -0.001119496755978051 0 0 0 0 -0.00074938417723780057 0 0 0 0 -0.00088053814309100448 0 0 0 0.00053975008853136819 0 0 5.8466345043429191e-05 2.9637762988892462e-05 0 0 -9.1417344568297298e-05
leaf_weight=9974 771 80 9557 858 488 29435 8318 8223 32065 14487 126 20146 3594 3371 231 1213 18596 9959 848 928 1590 12075 153 3389 3709 27303 5856 54 12366 8088 18569 987 14681
leaf_count=9974 771 80 9557 858 488 29435 8318 8223 32065 14487 126 20146 3594 3371 231 1213 18596 9959 848 928 1590 12075 153 3389 3709 27303 5856 54 12366 8088 18569 987 14681
internal_value=-6.62552e-05 -0.000523327 0 0.000108271 0.000229859 0.000343011 0.000502736 0.000634194 0.000909214 0 -0.00104571 -0.00108123 -0.000285189 -0.000396128 -0.000476232 -0.000594474 -0.000686571 0 -0.000231531 -0.000414624 -0.000525861 -0.000692638 -0.000733152 0 6.8097e-05 0.000214269 0.000356365 -0.00111409 0 0 0 0 -3.49769e-06
internal_weight=282088 54233 227855 190723 124208 108052 70529 60972 40383 33827 20406 20326 37132 27158 23787 20193 18980 66515 16299 15441 14593 13003 18749 50216 40257 36548 33159 20200 20589 37523 33056 16156 15169
internal_count=282088 54233 227855 190723 124208 108052 70529 60972 40383 33827 20406 20326 37132 27158 23787 20193 18980 66515 16299 15441 14593 13003 18749 50216 40257 36548 33159 20200 20589 37523 33056 16156 15169
is_linear=0
shrinkage=0.05


Tree=42
num_leaves=32
num_cat=0
split_feature=3 3 0 3 4 0 1 0 4 6 2 3 0 3 4 6 4 2 0 1 0 6 1 4 1 2 3 0 0 2 1
split_gain=5.30542 4.71103 3.89653 1.47353 2.9831 2.48026 2.05914 2.51653 1.83769 3.96375 2.77812 3.7453 2.20844 1.05401 1.40833 1.23475 0.876154 0.714891 0.713926 0.938401 0.499632 0.685688 0.438994 0.367433 0.319909 0.316128 0.312849 1.24389 0.353303 0.275285 0.128923
threshold=-1.6951091451427021 1.5324515819750721 -0.95437661062707069 -1.3197980275202263 0.54457303941733004 -1.245102158273381 -1.1634870484952942 -0.76386024125746299 -0.22272996515679441 -0.33140484839498846 0.89792545230312382 -1.0570582100872201 0.21177501070358198 -1.1523690078037903 0.39197259001161427 0.74405350026317774 0.7105847152126894 0.72107768361581936 1.2136674905838043 -0.98505119626926174 1.5976169909020521 -1.6448679268594018 0.32192861464004835 -1.5971549182524789 -1.6941449707672114 -1.4170763656633218 0.59984983164983185 -0.88595256055653326 -1.314555477031802 -0.64414523030455562 1.7092970553592461
decision_type=2 2 2 2 2 2 2 2 2 2 2 2 2 2 2 2 2 2 2 2 2 2 2 2 2 2 2 2 2 2 2
left_child=20 3 -3 4 5 -2 7 -5 9 10 11 -8 17 -9 15 -15 18 -11 19 -10 21 -1 -4 -7 -25 -26 27 -18 -28 -14 -24
right_child=1 2 22 6 -6 23 8 13 16 12 -12 -13 29 14 -16 -17 26 -19 -20 -21 -22 -23 30 24 25 -27 28 -29 -30 -31 -32
leaf_value=0 0 0 0 0 0 0 0 0 0 -0.00049110791857018298 0 0.0011462562180055171 0 -0.0010130650087666034 0 0 0 0 0 -0.00035206544031233578 0 -0.0025166375458826173 -0.0015076149633375399 0 0 0.00096180209978331029 0 0.00036226071227302511 -0.00019832070988371871 0.0004043545864640145 0
leaf_weight=30 1166 4585 2371 11208 7511 923 3667 2127 1766 22042 6077 22909 374 19451 2202 2097 8141 610 6964 50995 60 2176 9512 136 110 20893 5804 29075 21876 14955 275
leaf_count=30 1166 4585 2371 11208 7511 923 3667 2127 1766 22042 6077 22909 374 19451 2202 2097 8141 610 6964 50995 60 2176 9512 136 110 20893 5804 29075 21876 14955 275
internal_value=-6.64961e-05 -7.44217e-06 -0.000824584 7.25657e-06 0.000343602 0.0006845 0 -0.000365245 2.50668e-05 0.000255409 0.000661782 0.000889778 0 -0.000653989 -0.000757225 -0.000888567 -2.39212e-05 -0.000397402 -0.000193673 -0.000275438 -0.00225663 -0.00237702 -0.00129975 0.000875507 0.000917266 0.000940071 0 0.00014385 0 0.000341178 -0.001477
internal_weight=282088 279822 16743 263079 30739 23228 232340 37085 195255 70634 32653 26576 37981 25877 23750 21548 124621 22652 59725 52761 2266 2206 12158 22062 21139 21003 64896 37216 27680 15329 9787
internal_count=282088 279822 16743 263079 30739 23228 232340 37085 195255 70634 32653 26576 37981 25877 23750 21548 124621 22652 59725 52761 2266 2206 12158 22062 21139 21003 64896 37216 27680 15329 9787
is_linear=0
shrinkage=0.05


Tree=43
num_leaves=36
num_cat=0
split_feature=3 3 0 0 3 3 4 4 5 1 4 0 4 4 4 1 6 4 1 0 1 6 5 6 3 0 6 5 1 1 0 5 6 6 6
split_gain=4.84593 4.24856 3.62824 1.37612 4.26741 2.3235 1.79867 2.12341 2.03492 1.26725 1.69082 1.25612 3.68747 3.27264 1.24591 0.978137 0.958794 1.99557 0.945466 0.929726 0.875236 0.844605 0.829525 0.64259 0.607392 0.473489 0.655221 0.348784 0.182284 0.105598 0.0375977 0.877748 0.531506 0.0219584 0.0764261
threshold=-1.6951091451427021 1.5324515819750721 -0.95437661062707069 -1.1897584219858153 0.85899276585483497 0.59984983164983185 -1.455392381426615 -0.54423459932293838 -0.50321378590573773 -1.6372694215618053 0.11572035794183437 0.90181036217303823 0.31127553956834536 1.648036990380211 -1.6375790412486062 -1.6557242703533024 1.0496310734463279 1.3755877422544895 0.57069945088468588 -0.912726407914764 1.1694094220495388 -1.6055701511288472 -0.39414277071990317 -1.4888132570101209 -1.5976169909020517 1.5976169909020521 -1.6448679268594018 1.6485880053329718 -1.6941449707672114 1.7242333333333335 1.453440277777778 -0.80458902359717566 1.5100315539430613 0.3583610845295056 -1.6055701511288472
decision_type=2 2 2 2 2 2 2 2 2 2 2 2 2 2 2 2 2 2 2 2 2 2 2 2 2 2 2 2 2 2 2 2 2 2 2
left_child=25 3 -3 4 9 6 33 15 23 -2 14 12 -7 19 -11 -8 17 21 -10 -14 -17 -6 -4 -9 -16 26 -1 -23 -24 -30 31 -13 -33 34 -5
right_child=1 2 22 5 16 11 7 8 18 10 -12 30 13 -15 24 20 -18 -19 -20 -21 -22 27 28 -25 -26 -27 -28 -29 29 -31 -32 32 -34 -35 -36
leaf_value=0 0 0 0 0 0 0 0 0 0.00045509477554266542 0 0 0 0 0 0 0.00067139011616881036 0 0 0 -0.0015904791892670722 0 0.0010136007348702846 0 -0.00024447316631797739 -0.0014217511593799374 0 -0.0024173221973264876 0 -0.0013621695627253087 0 0 0.00047022297989194635 0 0 -0.00015043852121776006
leaf_weight=30 661 4585 455 462 154 15300 1329 3977 33611 492 10675 1877 2084 548 337 47140 4375 1132 34116 8610 753 9512 31 34261 11485 60 2176 24 11540 132 10555 15778 1235 2309 10287
leaf_count=30 661 4585 455 462 154 15300 1329 3977 33611 492 10675 1877 2084 548 337 47140 4375 1132 34116 8610 753 9512 31 34261 11485 60 2176 24 11540 132 10555 15778 1235 2309 10287
internal_value=-6.47795e-05 -6.68821e-06 -0.000783195 5.33891e-06 -0.000207212 8.83517e-05 0.000206208 0.000273778 3.16162e-05 -0.000714248 -0.000811709 -8.24802e-05 -0.000360511 -0.00103821 -0.00123779 0.000582139 0 0.000458483 0.000262807 -0.00136232 0.000631366 0.000848001 -0.00124346 -0.000110726 -0.00135795 -0.00216046 -0.00227877 0.000968897 -0.00133128 -0.00134684 0 6.94795e-05 0.000360645 0 -6.96075e-05
internal_weight=282088 279822 16743 263079 38847 224232 168245 155187 105965 23650 22989 55987 26542 11242 12314 49222 15197 10822 67727 10694 47893 9690 12158 38238 11822 2266 2206 9536 11703 11672 29445 18890 17013 13058 10749
internal_count=282088 279822 16743 263079 38847 224232 168245 155187 105965 23650 22989 55987 26542 11242 12314 49222 15197 10822 67727 10694 47893 9690 12158 38238 11822 2266 2206 9536 11703 11672 29445 18890 17013 13058 10749
is_linear=0
shrinkage=0.05


Tree=44
num_leaves=34
num_cat=0
split_feature=6 3 5 6 5 2 4 2 1 3 3 5 3 4 5 2 6 5 3 2 1 2 4 2 6 1 5 1 5 4 4 3 3
split_gain=4.59438 2.45695 1.95056 3.14532 1.49716 1.59821 2.67588 1.67491 1.50692 1.52072 1.47875 0.87075 1.46307 1.75378 2.10237 1.18566 0.517553 0.502182 0.477674 0.462939 0.27889 0.395338 0.24007 0.129515 0.125058 0.629849 0.476083 0.728024 0.380677 0.00435786 0.218875 6.138e-05 1.18545e-05
threshold=1.0880326764052313 1.2252884045077108 -0.51628106725146194 -1.048667511350438 0.63769130272489749 1.0496310734463279 1.1073197231833911 -1.6562519875823425 -1.2763245292247489 -1.4874964912280699 -1.5567107023411368 -1.4421655132641289 0.91131935483870974 0.12937201927034178 -0.79179816185247065 -1.3347424616905583 0.75724942185796296 -0.88595256055653326 -1.6820275855440212 1.5204895934433302 -1.5567107023411368 -0.32966157031374416 1.712152798053528 1.7049727933867003 0.99559611258361735 -0.19881803842169701 1.5069633679606345 1.2779056014959991 0.87373776996768915 0.584832088617112 -1.6375790412486062 -0.18227154452136543 1.1303499398315284
decision_type=2 2 2 2 2 2 2 2 2 2 2 2 2 2 2 2 2 2 2 2 2 2 2 2 2 2 2 2 2 2 2 2 2
left_child=2 18 3 11 5 6 7 -4 -9 -10 -5 29 13 14 15 -13 19 -3 -2 22 -19 -22 -12 -23 25 -6 27 -27 -26 30 -1 -20 -33
right_child=1 17 4 10 24 -7 -8 8 9 -11 16 12 -14 -15 -16 -17 -18 20 31 -21 21 23 -24 -25 28 26 -28 -29 -30 -31 -32 32 -34
leaf_value=0 -0.00093983448808171086 0 0 0 0 0 0 0 0 0.00076602884886839428 -0.00058812609141202206 0 0 0 0 0.0011658964421819454 0 0 3.1912137789756509e-06 0 0 -0.0015244039209579645 0 0 0 -0.00045261599350524429 0 0 0.00048767681963353692 0 -0.00022194926076535835 -1.1645430297345882e-06 0
leaf_weight=719 771 26 877 3996 7929 12552 8210 6990 4101 49490 46517 720 2823 7481 3396 12984 3142 96 14487 398 5043 8929 227 1551 802 23223 4090 10563 3509 2368 10748 21272 2058
leaf_count=719 771 26 877 3996 7929 12552 8210 6990 4101 49490 46517 720 2823 7481 3396 12984 3142 96 14487 398 5043 8929 227 1551 802 23223 4090 10563 3509 2368 10748 21272 2058
internal_value=-6.53244e-05 -0.000481196 0 -0.000132189 0.000155093 0.00028951 0.000394549 0.00053301 0.00059719 0.000687166 -0.000417062 0 0.000278904 0.000481539 0.00076024 0.00104082 -0.000510182 -0.00107739 0 -0.000551847 -0.00111361 -0.00113614 -0.000575805 -0.0014031 0 -7.92898e-05 -0.000220291 -0.000298221 6.55531e-05 0 -3.00711e-05 0 0
internal_weight=282088 54233 227855 95519 132336 82220 69668 61458 60581 53591 54280 41239 27404 24581 17100 13704 50284 15645 38588 47142 15619 15523 46744 10480 50116 45805 37876 33786 4311 13835 11467 37817 23330
internal_count=282088 54233 227855 95519 132336 82220 69668 61458 60581 53591 54280 41239 27404 24581 17100 13704 50284 15645 38588 47142 15619 15523 46744 10480 50116 45805 37876 33786 4311 13835 11467 37817 23330
is_linear=0
shrinkage=0.05


Tree=45
num_leaves=40
num_cat=0
split_feature=6 2 0 0 5 2 3 5 2 0 6 0 2 0 6 1 1 6 6 5 6 1 5 6 2 5 3 6 1 6 5 1 3 1 1 1 6 1 1
split_gain=4.3521 2.01221 3.50718 3.23552 2.64398 2.50945 1.57999 1.98474 1.43286 1.0857 0.860039 0.857823 0.828801 0.767098 0.833558 1.33782 0.763415 1.1112 0.635651 0.622952 0.76058 0.610266 0.53544 0.468408 0.313185 0.363381 0.276634 0.169015 0.135677 0.133717 0.545126 0.357564 0.125939 0.10148 0.374953 0.110167 0.0507004 0.0414107 0.0132533
threshold=1.4013310035842297 -0.42329602052623633 -0.5847462825734896 -1.4712559614593166 -1.1761537366548038 -1.6562519875823425 0.44645448120783832 1.2255388418079096 0.44569734165431169 -0.31649856126003323 -1.5718975784531748 0.072335372960372957 -0.35676305655836338 -0.46356435765168252 0.81604350181355689 1.332363923156606 -0.15835963237049411 -1.5122350999449841 1.393449850857569 1.5208414339965131 -0.58690970469459847 -1.5268215010141983 -0.11612789622216428 -1.4636076647366967 1.1995068524970967 1.3726924080664296 -0.18227154452136543 1.3445350212365528 1.7092970553592461 1.1073197231833911 1.6360099158307391 1.6604520661713547 1.6837895206243034 1.1423620938628161 -0.27845473318627673 1.6857620046620052 -1.6691913763281441 1.6857620046620052 0.58466226120389309
decision_type=2 2 2 2 2 2 2 2 2 2 2 2 2 2 2 2 2 2 2 2 2 2 2 2 2 2 2 2 2 2 2 2 2 2 2 2 2 2 2
left_child=1 3 18 19 -5 -6 8 13 9 -4 -11 16 -12 -8 15 -15 17 -7 21 20 -1 -3 -18 -23 25 -25 27 36 32 30 31 -9 37 34 -2 -35 -10 -22 -31
right_child=33 2 6 4 5 11 7 29 26 10 12 -13 -14 14 -16 -17 22 -19 -20 -21 28 23 -24 24 -26 -27 -28 -29 -30 38 -32 -33 -34 35 -36 -37 -38 -39 -40
leaf_value=0 -0.00053321241208113183 0 0 0 0 0 0 0.0005686766346018182 0 0 0 0 0.0005228028299286713 -0.00076908030702762089 0 0 0 0.0010668853544263813 0 0 -0.00063730965334440805 0 0.00024815371738482584 -0.0013500001309200301 0 0 0 0 0 0 0 0 0 -0.0010863425731816169 0 0 -0.00019506613678225008 0 -8.31263641052243e-05
leaf_weight=4400 2716 848 7848 15521 513 966 559 7431 125 1441 1919 4256 39374 26226 6504 3222 10430 26166 46 1329 10480 518 22316 8630 222 325 16159 500 98 780 1021 869 258 10110 11500 100 32030 118 4214
leaf_count=4400 2716 848 7848 15521 513 966 559 7431 125 1441 1919 4256 39374 26226 6504 3222 10430 26166 46 1329 10480 518 22316 8630 222 325 16159 500 98 780 1021 869 258 10110 11500 100 32030 118 4214
internal_value=-6.53582e-05 0 -0.000112478 0.000175142 0.000365738 0.000516652 0 -0.000262708 6.34184e-05 0.000279058 0.000393251 0.000604969 0.00045969 -0.00047898 -0.000534253 -0.000645479 0.000653623 0.000999163 -0.000983744 -0.000126478 -0.000339211 -0.00105575 4.62869e-05 -0.00116407 -0.00124378 -0.0012904 0 -0.000144251 -0.000569032 0 0.000183739 0.000437144 -0.00059685 -0.000695251 0 -0.00106943 -0.000184482 -0.00062659 0
internal_weight=282088 257662 160811 96851 80168 64647 150222 50826 99396 50582 42734 64134 41293 36511 35952 29448 59878 27132 10589 16683 15354 10543 32746 9695 9177 8955 48814 32655 10954 14315 9321 8300 10856 24426 14216 10210 32155 10598 4994
internal_count=282088 257662 160811 96851 80168 64647 150222 50826 99396 50582 42734 64134 41293 36511 35952 29448 59878 27132 10589 16683 15354 10543 32746 9695 9177 8955 48814 32655 10954 14315 9321 8300 10856 24426 14216 10210 32155 10598 4994
is_linear=0
shrinkage=0.05


Tree=46
num_leaves=35
num_cat=0
split_feature=3 3 0 0 3 4 4 2 6 6 4 4 2 6 2 4 2 5 5 2 3 0 6 2 0 3 0 6 2 3 3 3 6 5
split_gain=4.34015 3.44645 3.2259 1.19015 3.93364 1.93337 2.42481 2.88416 1.31742 1.12023 1.07726 1.23033 1.16121 0.790775 2.11957 2.76997 1.26534 0.758656 0.686339 2.38809 0.89461 1.58116 1.58172 1.05552 1.7757 0.607312 0.447512 0.622577 0.282108 0.380661 0.153514 0.471531 0.679018 0.00120624
threshold=-1.6951091451427021 1.5324515819750721 -0.95437661062707069 -1.1897584219858153 0.85899276585483497 -0.15674673152934027 -1.455392381426615 0.92603855455968132 -1.5718975784531748 -0.19651723238217231 -1.6562519875823425 0.11572035794183437 0.69258249158249174 1.0496310734463279 -1.1391181321065875 1.3755877422544895 -1.6818607239643824 -0.39414277071990317 -0.66771182266009832 -0.31649856126003323 0.59984983164983185 0.88822252252252276 -0.67260797016097351 1.4143713845424375 -0.16799354329245633 -1.6104832358907049 1.5976169909020521 -1.6448679268594018 1.6100689638600543 1.4396909466372554 0.91131935483870974 -1.1824160065886682 -1.4888132570101209 1.2666654566574709
decision_type=2 2 2 2 2 2 2 2 2 2 2 2 2 2 2 2 2 2 2 2 2 2 2 2 2 2 2 2 2 2 2 2 2 2
left_child=26 3 -3 4 10 6 30 8 -8 -10 -2 12 25 14 15 16 -6 -4 19 -7 23 22 -22 24 -20 -12 27 -1 29 -21 31 -5 -33 -23
right_child=1 2 17 5 13 18 7 -9 9 -11 11 -13 -14 -15 -16 -17 -18 -19 20 28 21 33 -24 -25 -26 -27 -28 -29 -30 -31 -32 32 -34 -35
leaf_value=0 0 0 0 0 0 0 0 0 0.00081346404547694194 0 0 0 0 0 0 0 0.0014238484418647853 -0.0012304343550775772 0 -0.00072967473023818614 0 0 -0.00084300837285263073 0 0.00049848215837751603 -0.001310703268112114 0 -0.0023104969418025873 0 0 0 0 -0.00053710771542042483 1.7796982524764571e-05
leaf_weight=30 557 4585 455 2902 607 9677 2463 17257 38106 29997 305 10714 82 4375 1206 1025 7984 11703 22875 16967 1560 9867 10751 2080 36317 11992 60 2176 66 84 2579 1024 10720 8940
leaf_count=30 557 4585 455 2902 607 9677 2463 17257 38106 29997 305 10714 82 4375 1206 1025 7984 11703 22875 16967 1560 9867 10751 2080 36317 11992 60 2176 66 84 2579 1024 10720 8940
internal_value=-6.54883e-05 -8.45631e-06 -0.000706052 0 -0.000199884 7.89165e-05 0.000242927 0.000372939 0.000523607 0.000576149 -0.000686192 -0.000771815 -0.0011513 0 0.000416378 0.000844708 0.0012443 -0.00114499 0 -0.000250358 0 -6.78673e-05 -0.000563864 0.000183843 0.000281285 -0.00124874 -0.00205669 -0.00217312 -0.000659007 -0.000689866 0 -0.000158759 -0.000356068 0
internal_weight=282088 279822 16743 263079 38847 224232 105048 87823 70566 68103 23650 23093 12379 15197 10822 9616 8591 12158 119184 26794 92390 31118 12311 61272 59192 12297 2266 2206 17117 17051 17225 14646 11744 18807
internal_count=282088 279822 16743 263079 38847 224232 105048 87823 70566 68103 23650 23093 12379 15197 10822 9616 8591 12158 119184 26794 92390 31118 12311 61272 59192 12297 2266 2206 17117 17051 17225 14646 11744 18807
is_linear=0
shrinkage=0.05


Tree=47
num_leaves=33
num_cat=0
split_feature=3 5 0 1 3 2 2 0 5 6 1 1 6 3 6 2 1 6 1 0 3 1 2 0 6 5 0 0 6 0 5 5
split_gain=3.94107 3.28465 1.90532 2.15578 2.73627 1.42728 3.50727 2.39411 1.84358 3.35337 2.24127 1.63281 1.21741 1.0468 1.07253 0.859021 0.701786 0.774981 0.632316 2.32516 2.15083 1.1586 0.882677 0.424288 0.595049 0.39026 0.205784 0.124804 0.0469233 0.561686 0.032673 0.00259898
threshold=-1.6951091451427021 1.6604520661713547 -1.6565130441320199 1.1030605897621779 0.58474628257348982 -1.6562519875823425 -0.42329602052623633 -0.5847462825734896 -1.5118557232241441 0.017625579464470954 0.44645448120783832 -1.5702126397617422 1.5729911531421601 -1.4447031001736685 -1.4506780611322119 1.3599184638450008 1.700072262773723 -1.4888132570101209 -0.60032540851392102 0.36420580094568122 -1.0838140715109572 0.44645448120783832 1.292274608904934 1.5976169909020521 -1.6448679268594018 -1.5835445179913401 1.2410205100629901 1.6471963392397964 0.3583610845295056 -1.6419261081138259 -1.3722678160919537 0.51513449085604501
decision_type=2 2 2 2 2 2 2 2 2 2 2 2 2 2 2 2 2 2 2 2 2 2 2 2 2 2 2 2 2 2 2 2
left_child=23 5 -3 -4 -5 12 8 13 -7 10 11 -10 16 -8 -15 -16 17 -2 19 30 -21 22 -20 24 -1 -19 -27 -23 31 -30 -9 -11
right_child=1 2 3 4 -6 6 7 18 9 28 -12 -13 -14 14 15 -17 -18 25 21 20 -22 27 -24 -25 -26 26 -28 -29 29 -31 -32 -33
leaf_value=0 0 0 0 0 -0.0024401329794049077 0 0 0 0 -2.9807421846467677e-05 0 0.00095843737183806698 0 0 -0.0011492972986528083 0 0 0 0.00036168140332051038 0 -0.00072299535526043558 -7.4617153936924413e-05 0 0 -0.0022193165862507448 -0.0015192947483790359 0 0 0 0.00020386918795037528 7.022133225728934e-05 0
leaf_weight=30 137 703 1255 340 3656 6223 754 5898 2519 6732 9657 33379 282 583 10008 144 121 40 41724 5866 23026 55458 6947 60 2176 4396 45 3649 1503 36027 15984 2766
leaf_count=30 137 703 1255 340 3656 6223 754 5898 2519 6732 9657 33379 282 583 10008 144 121 40 41724 5866 23026 55458 6947 60 2176 4396 45 3649 1503 36027 15984 2766
internal_value=-6.51843e-05 -9.0464e-06 -0.00112253 -0.00149289 -0.00200433 0 3.36796e-05 -5.70677e-05 0.000292757 0.00037537 0.000682819 0.00086213 -0.000763151 -0.000736151 -0.000899607 -0.00105027 -0.00108874 -0.00124516 0 -0.000149638 -0.000486049 6.30586e-05 0.000259919 -0.00196839 -0.00208292 -0.00140539 -0.00147822 0 0 5.54804e-05 0 0
internal_weight=282088 279822 5954 5251 3996 273868 268847 170041 98806 92583 45555 35898 5021 11489 10735 10152 4739 4618 158552 50774 28892 107778 48671 2266 2206 4481 4441 59107 47028 37530 21882 9498
internal_count=282088 279822 5954 5251 3996 273868 268847 170041 98806 92583 45555 35898 5021 11489 10735 10152 4739 4618 158552 50774 28892 107778 48671 2266 2206 4481 4441 59107 47028 37530 21882 9498
is_linear=0
shrinkage=0.05


Tree=48
num_leaves=37
num_cat=0
split_feature=5 5 2 2 0 6 5 0 4 3 5 3 2 5 6 0 4 4 4 6 6 3 3 2 5 6 4 3 0 2 4 5 0 6 0 3
split_gain=3.73152 3.88236 1.83821 3.92027 3.01319 2.30889 1.65706 1.49686 1.39695 1.53809 2.30339 1.00067 1.38971 1.27401 0.859695 0.841175 0.769132 0.708159 0.686628 1.01338 0.649221 0.638613 0.63067 0.584199 0.569825 0.543828 0.505325 0.947541 0.389559 0.339858 0.26045 0.0924207 0.67542 0.354167 0.0339847 0.0140634
threshold=-1.5971549182524789 1.5850780926390684 -0.42329602052623633 -1.6562519875823425 -0.31649856126003323 0.017625579464470954 1.4789283385988667 1.5338106382978727 -1.455392381426615 -0.39414277071990317 -1.3027424242424239 0.059862308429118924 0.54117855389578506 0.80529921279582828 0.71253210439105241 -1.5268215010141983 1.5980758602460594 1.2424287921769415 -1.4007662642521794 -1.4255905779504612 1.4130363849765259 0.19821525096525108 1.4647534262485484 1.1046861880025618 -1.4989476031215159 1.5848454733186279 0.64153080135412299 0.32326522781774591 1.1741540667361836 -1.5976169909020517 -1.6104832358907049 -0.44874022811739073 -1.5126171389586023 0.34477944653211573 1.6602182902854048 -1.2916543378995431
decision_type=2 2 2 2 2 2 2 2 2 2 2 2 2 2 2 2 2 2 2 2 2 2 2 2 2 2 2 2 2 2 2 2 2 2 2 2
left_child=7 2 3 6 18 8 25 22 -5 35 -11 12 16 17 -3 -16 20 21 -4 -20 -6 -13 29 24 -21 28 27 -15 30 -1 -2 -7 -33 -34 -28 -10
right_child=1 14 4 5 11 31 -8 -9 9 10 -12 13 -14 26 15 -17 -18 -19 19 23 -22 -23 -24 -25 -26 -27 34 -29 -30 -31 -32 32 33 -35 -36 -37
leaf_value=0 0 0 0 0 0.00047063873107488813 0 0 0 7.6498287749995948e-05 0 0.0011683708005246621 0 0 0 0 -0.0011789861346197114 0 0 0 0 0 -0.00048138097275406046 0 0 -0.00092938219570938097 0 -7.5818406239228954e-05 0.00056332146477268647 0 -0.0012533414636645218 -0.0014537788920175841 0 0 0.00032080794211896037 0 0
leaf_weight=133 185 1208 2117 4817 39773 8241 526 84 5427 3340 22216 3753 32781 1175 1658 9430 747 3440 1052 523 1379 30211 69 357 16766 102 14199 10865 35 10060 3677 5902 5529 26674 1331 12306
leaf_count=133 185 1208 2117 4817 39773 8241 526 84 5427 3340 22216 3753 32781 1175 1658 9430 747 3440 1052 523 1379 30211 69 357 16766 102 14199 10865 35 10060 3677 5902 5529 26674 1331 12306
internal_value=-6.56499e-05 0 1.28182e-05 0.000208375 -4.42553e-05 0.000359054 -0.00060548 -0.000982462 0.000608439 0.000700324 0.000985052 0 0.00015965 -9.43363e-05 -0.000866269 -0.00100613 0.000356291 -0.000314973 -0.000605653 -0.000704368 0.000418677 -0.00040042 -0.00114797 -0.000814717 -0.000871065 -0.00114596 0 0.00031638 -0.00128326 -0.00121351 -0.00137074 0 7.72819e-05 0.000241977 0 0
internal_weight=282088 271742 259446 98977 160469 94452 4525 10346 48106 43289 25556 139654 74680 64974 12296 11088 41899 37404 20815 18698 41152 33964 10262 17646 17289 3999 27570 12040 3897 10193 3862 46346 38105 32203 15530 17733
internal_count=282088 271742 259446 98977 160469 94452 4525 10346 48106 43289 25556 139654 74680 64974 12296 11088 41899 37404 20815 18698 41152 33964 10262 17646 17289 3999 27570 12040 3897 10193 3862 46346 38105 32203 15530 17733
is_linear=0
shrinkage=0.05


Tree=49
num_leaves=35
num_cat=0
split_feature=6 1 5 6 5 1 3 6 4 5 3 4 6 1 6 2 2 1 6 4 3 1 6 6 2 1 4 3 3 2 3 1 3 3
split_gain=3.57026 2.12614 1.64208 3.33973 1.7862 2.08912 1.78143 1.50523 1.50625 1.3105 1.23621 1.85819 1.49818 1.13726 0.976972 0.549663 0.53128 0.456277 0.54618 0.433618 0.343685 0.19515 0.091607 0.200217 0.0910369 0.0274377 0.212103 0.442068 0.596279 0.48529 0.0304193 0.407632 0.553682 0.056162
threshold=1.0880326764052313 1.3845945017182133 -0.20878742443714596 -1.048667511350438 0.3070795957199694 1.0332354474781951 -1.5567107023411368 -1.278437173165994 1.3755877422544895 -1.4421655132641289 0.91131935483870974 0.12937201927034178 -1.4401860565095892 -0.37049749373433577 0.9684419915396818 1.452958885017422 -1.6562519875823425 1.5453845788849347 0.63182153660012119 1.712152798053528 1.6347157246119208 1.7092970553592461 0.99559611258361735 0.6443359176116642 1.6722369007803792 0.72057680901542132 -0.83184507982759659 1.4647534262485484 -1.1824160065886682 -1.5845704821494293 -0.3137378490052305 1.251298314069057 1.5450759947154811 -0.26230198537095079
decision_type=2 2 2 2 2 2 2 2 2 2 2 2 2 2 2 2 2 2 2 2 2 2 2 2 2 2 2 2 2 2 2 2 2 2
left_child=2 13 3 9 5 7 -5 -4 14 -1 11 12 -11 24 20 17 -14 18 19 -8 -9 -3 23 -6 -2 26 -15 28 -28 -30 -27 32 33 -32
right_child=1 21 4 6 22 -7 15 8 -10 10 -12 -13 16 25 -16 -17 -18 -19 -20 -21 -22 -23 -24 -25 -26 30 27 -29 29 -31 31 -33 -34 -35
leaf_value=0 -0.0006233395420844434 -0.0012051993106532224 0 0 0 0 -0.0005677469525855412 0.00092098550786987206 0 0 0 0 0 0 0 0 0.0010627580741833737 0 0 0 0 0 0.00019696133485099977 -0.00016883820612867678 0 0 0 0 0 0.00061978662850168927 0 0 0 -0.00049594594750845204
leaf_weight=13835 7325 10395 2561 5071 49722 4696 57816 26910 1512 5918 3616 9099 41 1830 1260 1120 13882 966 7112 252 161 69 5310 16995 81 4139 1456 1023 404 10894 176 4288 2083 10070
leaf_count=13835 7325 10395 2561 5071 49722 4696 57816 26910 1512 5918 3616 9099 41 1830 1260 1120 13882 966 7112 252 161 69 5310 16995 81 4139 1456 1023 404 10894 176 4288 2083 10070
internal_value=-6.55605e-05 -0.000430117 0 -0.000104609 0.000159745 0.000439096 -0.000359149 0.000615299 0.000730856 7.28649e-05 0.000326183 0.00047341 0.000742595 -5.10203e-06 0.000832063 -0.000451963 0.0010172 -0.0004778 -0.000498991 -0.000549971 0.000901223 -0.0011829 0 -2.68247e-06 -0.000596755 0 6.50949e-05 0.000204227 0.000357472 0.000518593 0 -6.64976e-05 -0.000291253 -0.000478535
internal_weight=282088 54233 227855 118728 109127 37100 72337 32404 29843 46391 32556 28940 19841 43769 28331 67266 13923 66146 65180 58068 27071 10464 72027 66717 7406 36363 15607 13777 12754 11298 20756 16617 12329 10246
internal_count=282088 54233 227855 118728 109127 37100 72337 32404 29843 46391 32556 28940 19841 43769 28331 67266 13923 66146 65180 58068 27071 10464 72027 66717 7406 36363 15607 13777 12754 11298 20756 16617 12329 10246
is_linear=0
shrinkage=0.05


Tree=50
num_leaves=42
num_cat=0
split_feature=3 3 0 0 3 4 1 3 4 1 4 2 2 4 6 2 4 2 0 6 1 3 6 6 0 0 3 4 4 2 6 1 3 0 6 2 6 1 4 4 4
split_gain=3.53896 2.56958 2.86453 1.15839 3.71592 1.70562 2.32189 2.01539 1.53775 1.20893 1.25861 1.15204 0.916131 0.904264 0.555815 1.86589 2.53313 1.07325 0.399382 0.566809 0.376774 0.276736 0.881937 2.22237 0.290491 0.2716 1.9642 1.59424 2.07562 1.25869 1.76717 1.37112 0.654475 0.280377 0.219619 0.254371 0.17142 0.104381 0.0124369 0.654993 0.000743001
threshold=-1.6951091451427021 1.5324515819750721 -0.95437661062707069 -1.1897584219858153 0.85899276585483497 -0.15674673152934027 -0.60032540851392102 1.413280735259012 -1.455392381426615 -1.6372694215618053 0.11572035794183437 0.66399096684534442 1.1176169524669077 -1.6562519875823425 1.0496310734463279 -1.1391181321065875 1.3755877422544895 -1.6818607239643824 1.5976169909020521 -1.6448679268594018 0.32192861464004835 -1.1523690078037903 -0.10194138071895426 0.3583610845295056 0.32253563218390813 0.88822252252252276 0.2817740312645709 1.648036990380211 0.47612117952435512 1.4789283385988667 -0.52903168187099792 1.5065843756857584 1.3204286088943842 0.97121760126145673 1.3206596774193551 1.2391774031264575 1.5729911531421601 1.7242333333333335 0.7105847152126894 1.5980758602460594 0.15780585516178722
decision_type=2 2 2 2 2 2 2 2 2 2 2 2 2 2 2 2 2 2 2 2 2 2 2 2 2 2 2 2 2 2 2 2 2 2 2 2 2 2 2 2 2
left_child=18 3 -3 4 9 6 21 8 -8 -2 11 13 -10 -11 15 16 17 -6 19 -1 -4 34 24 -24 -23 26 38 28 -28 30 -27 -32 33 -31 35 -5 37 -22 40 -40 -7
right_child=1 2 20 5 14 25 7 -9 12 10 -12 -13 -14 -15 -16 -17 -18 -19 -20 -21 36 22 23 -25 -26 29 27 -29 -30 32 31 -33 -34 -35 -36 -37 -38 -39 39 -41 -42
leaf_value=0 0 0 0 0.0003697396274562604 0 0 0 0 0.00077924165284937652 0 0 0 0 -0.0013405583634005388 0 0 0 0.0013264674833967035 0 -0.0021199051192048709 -0.001316839232356542 0.00019680480628734415 -0.0010953571441515929 0 0 0 0 0 -0.0010050221128537246 0 0.0007677706661619408 0 0 -0.00067424624404261824 0 0 0 0 0.00025760077747770323 0 -9.3129151817058632e-06
leaf_weight=30 661 4585 2371 12642 607 12976 2135 1123 36364 391 10675 93 6226 11830 4375 1206 1025 7984 60 2176 8206 18169 5945 9226 12612 6829 7433 767 14036 23 18067 3133 3371 4560 223 383 1446 135 24564 2589 20836
leaf_count=30 661 4585 2371 12642 607 12976 2135 1123 36364 391 10675 93 6226 11830 4375 1206 1025 7984 60 2176 8206 18169 5945 9226 12612 6829 7433 767 14036 23 18067 3133 3371 4560 223 383 1446 135 24564 2589 20836
internal_value=-6.37124e-05 -8.54366e-06 -0.000609914 0 -0.000207907 7.28064e-05 0.000227266 0.000492474 0.000599793 -0.000673588 -0.00077115 -0.00115368 0.000683077 -0.00125125 0 0.000349081 0.000770539 0.00116213 -0.00187176 -0.00198423 -0.00103346 0 -3.85462e-05 -0.00037995 0 0 -9.00243e-05 -0.000494946 -0.000658974 0 0.000331643 0.000589327 0 -0.000562891 0.0002122 0.000293463 -0.00118454 -0.0012956 0 3.34827e-05 0
internal_weight=282088 279822 16743 263079 38847 224232 105048 45848 44725 23650 22989 12314 42590 12221 15197 10822 9616 8591 2266 2206 12158 59200 45952 15171 30781 119184 83201 22236 21469 35983 28029 21200 7954 4583 13248 13025 9787 8341 60965 27153 33812
internal_count=282088 279822 16743 263079 38847 224232 105048 45848 44725 23650 22989 12314 42590 12221 15197 10822 9616 8591 2266 2206 12158 59200 45952 15171 30781 119184 83201 22236 21469 35983 28029 21200 7954 4583 13248 13025 9787 8341 60965 27153 33812
is_linear=0
shrinkage=0.05


Tree=51
num_leaves=33
num_cat=0
split_feature=6 3 5 6 3 2 2 5 4 3 0 0 6 3 5 2 2 5 3 6 4 3 6 4 4 3 4 2 6 6 2 2
split_gain=3.2324 1.6503 1.47265 2.52482 1.35276 1.02748 1.59032 1.76601 1.68558 1.61945 2.57784 1.51354 1.58698 1.66429 0.689849 0.585379 0.482961 0.437418 0.5817 0.633286 1.33613 0.554817 0.415382 0.309271 0.288954 0.27668 0.185265 0.156614 0.00826643 0.220243 0.00156495 0.00537019
threshold=1.0880326764052313 0.99497088444465664 -0.51628106725146194 -1.048667511350438 -1.5567107023411368 -1.6562519875823425 -0.75153465691396715 1.1046861880025618 1.5855821718931478 -0.4639934605867797 -0.28933841837416346 -0.44961530249110321 -1.0126123664246676 1.4898976074614765 0.63769130272489749 0.1990282756373298 1.5061828904223562 -1.5971549182524789 0.91131935483870974 -1.3166296825635622 0.12937201927034178 -1.6375790412486062 0.75724942185796296 1.5855821718931478 1.712152798053528 -1.6820275855440212 -0.288825369738339 -0.65721916376306611 -1.4888132570101209 -1.6448679268594018 -0.25051155230465566 1.5976169909020521
decision_type=2 2 2 2 2 2 2 2 2 2 2 2 2 2 2 2 2 2 2 2 2 2 2 2 2 2 2 2 2 2 2 2
left_child=2 25 3 17 -5 -4 7 8 9 -7 -11 15 30 14 -14 23 22 -1 19 28 21 -21 24 27 -6 -2 -3 -8 29 -19 -13 -32
right_child=1 26 5 4 16 6 11 -9 -10 10 -12 12 13 -15 -16 -17 -18 18 -20 20 -22 -23 -24 -25 -26 -27 -28 -29 -30 -31 31 -33
leaf_value=0 -0.00071527653860435007 0 0 0 -0.00055122520120214644 0 0 0 0 0.0011415101688834386 0 0 0.00054455376603753248 0 0 0 0 0 0 0 0 0.00096361409105493378 0 0 0 0 -0.00088354869964184571 -0.00069763257661269976 0 0.00028146539812517476 -4.3147263694543779e-05 0
leaf_weight=6736 771 3186 3042 3996 46469 7332 2166 4695 792 20688 1338 1091 38768 6159 26233 1641 482 1127 3321 355 4090 8959 3108 311 225 33056 17220 8863 10021 6630 8732 485
leaf_count=6736 771 3186 3042 3996 46469 7332 2166 4695 792 20688 1338 1091 38768 6159 26233 1641 482 1127 3321 355 4090 8959 3108 311 225 33056 17220 8863 10021 6630 8732 485
internal_value=-6.58724e-05 -0.000412071 0 -0.000130392 -0.000380576 0.000124121 0.000188534 0.000492484 0.000650586 0.000758426 0.000969976 0 0.00014876 0.000283922 0.000389391 -0.000380949 -0.000471916 0 0.000176548 0.000283219 0.000543497 0.000868943 -0.000498798 -0.000536527 -0.000535838 0 -0.000800049 -0.000601804 0 4.9785e-05 0 -1.99826e-05
internal_weight=282088 54233 227855 95519 54280 132336 129294 34845 30150 29358 22026 94449 81468 71160 65001 12981 50284 41239 34503 31182 13404 9314 49802 11340 46694 33827 20406 11029 17778 7757 10308 9217
internal_count=282088 54233 227855 95519 54280 132336 129294 34845 30150 29358 22026 94449 81468 71160 65001 12981 50284 41239 34503 31182 13404 9314 49802 11340 46694 33827 20406 11029 17778 7757 10308 9217
is_linear=0
shrinkage=0.05


Tree=52
num_leaves=32
num_cat=0
split_feature=3 5 0 2 2 0 5 6 4 4 3 6 3 6 5 5 4 0 6 5 4 3 5 6 3 0 6 2 6 0 5
split_gain=3.13452 2.29457 1.60814 0.980805 2.64102 1.76796 1.49917 2.71924 1.65834 1.1913 1.10764 1.05723 0.886362 0.882688 0.655041 0.552359 0.636762 0.377943 0.539952 0.300143 1.49895 0.823619 4.46296 0.761425 0.753797 0.247589 0.119767 0.10348 0.0209819 0.476054 0.00211889
threshold=-1.6951091451427021 1.6604520661713547 -1.6565130441320199 -1.6562519875823425 -0.42329602052623633 -0.5847462825734896 -1.5118557232241441 0.017625579464470954 -1.455392381426615 -1.6104832358907049 -1.4447031001736685 1.5729911531421601 0.58474628257348982 -1.4506780611322119 1.346865725366341 -1.5835445179913401 -1.6104832358907049 1.5976169909020521 -1.6448679268594018 -0.65354971115840665 -0.51628106725146194 1.4898976074614765 1.3599184638450008 -1.0126123664246676 -1.5567107023411368 1.2410205100629901 -1.4888132570101209 1.0083933701095662 0.3583610845295056 -1.6419261081138259 0.51513449085604501
decision_type=2 2 2 2 2 2 2 2 2 2 2 2 2 2 2 2 2 2 2 2 2 2 2 2 2 2 2 2 2 2 2
left_child=17 3 -3 11 6 9 -5 8 -8 -6 -11 15 -4 -12 -10 -2 -17 18 -1 20 27 23 -23 -21 -22 26 -18 -7 30 -30 -9
right_child=1 2 12 4 5 19 7 28 14 10 13 -13 -14 -15 -16 16 25 -19 -20 21 24 22 -24 -25 -26 -27 -28 -29 29 -31 -32
leaf_value=0 0 0 0 0 0 0.00010973670611999117 0 -2.6913959163102511e-05 0.00074006394210474318 0 0 0 -0.0015012624668152301 -0.0011126611840107292 0 0 0 0 -0.002029829765162115 0 0 -0.0014135278508823103 0 0.00021492503113908277 -0.00052943698972513973 0 -0.0013412284706863413 0 0 0.00018423663866645721 0
leaf_weight=30 67 703 499 6223 437 20902 4416 6732 40748 735 551 282 4752 9766 391 179 109 60 2176 11001 1819 5007 5098 88774 21572 47 4337 4379 1503 36027 2766
leaf_count=30 67 703 499 6223 437 20902 4416 6732 40748 735 551 282 4752 9766 391 179 109 60 2176 11001 1819 5007 5098 88774 21572 47 4337 4379 1503 36027 2766
internal_value=-6.7161e-05 -1.29076e-05 -0.000940719 0 2.27431e-05 -5.05352e-05 0.000251894 0.00032851 0.000604378 -0.000634264 -0.000820623 -0.000642517 -0.00129653 -0.000986373 0.000709443 -0.000965159 -0.00109831 -0.00178436 -0.00189513 0 -0.000108301 3.95368e-05 -2.68863e-05 0.000148866 -0.000424761 -0.00125003 -0.00130397 0 0 3.70994e-05 0
internal_weight=282088 279822 5954 273868 268847 170041 98806 92583 45555 11489 11052 5021 5251 10317 41139 4739 4672 2266 2206 158552 48672 109880 10105 99775 23391 4493 4446 25281 47028 37530 9498
internal_count=282088 279822 5954 273868 268847 170041 98806 92583 45555 11489 11052 5021 5251 10317 41139 4739 4672 2266 2206 158552 48672 109880 10105 99775 23391 4493 4446 25281 47028 37530 9498
is_linear=0
shrinkage=0.05


Tree=53
num_leaves=33
num_cat=0
split_feature=5 5 0 2 6 0 4 3 6 3 4 4 0 0 6 5 3 5 2 2 0 6 2 2 3 0 2 3 0 3 5 3
split_gain=3.00507 2.85474 1.58083 2.49148 1.97285 1.75676 1.84419 2.10835 2.02248 1.73612 2.16074 2.37074 1.42745 1.2913 1.17536 0.576179 0.561762 1.5364 1.46668 0.875663 0.86143 0.683642 0.224111 0.216177 0.189453 2.50585 0.660595 0.529531 0.697049 0.172705 0.21647 0.0797627
threshold=-1.6253274354281062 1.6604520661713547 -1.5976169909020517 -0.42329602052623633 -0.19651723238217231 -0.19584252061248522 -0.68026781609195386 -1.4606310115589625 -1.4255905779504612 -0.5320725740690404 -1.455392381426615 1.0816116220735787 1.5338106382978727 -1.6565130441320199 -1.6055701511288472 1.6485880053329718 0.059862308429118924 1.3599184638450008 0.54117855389578506 -0.28981394349041051 1.3599184638450008 1.4130363849765259 -1.5976169909020517 1.2794756897549684 -0.75017833421059221 -0.8983876091158689 -1.4997365967365965 0.88538812992460747 -0.41076105002285784 1.3599184638450008 1.6360099158307391 1.4771372618835679
decision_type=2 2 2 2 2 2 2 2 2 2 2 2 2 2 2 2 2 2 2 2 2 2 2 2 2 2 2 2 2 2 2 2
left_child=12 2 15 4 9 6 -5 -8 -9 -4 -11 -12 14 -3 -1 23 18 20 19 -7 -18 -19 -16 29 25 -6 -27 28 -26 30 -2 -24
right_child=1 13 3 5 24 16 7 8 -10 10 11 -13 -14 -15 22 -17 17 21 -20 -21 -22 -23 31 -25 27 26 -28 -29 -30 -31 -32 -33
leaf_value=0 -0.0010525735199477875 0 0 0 0 0 0 0 -0.0010889730341794859 0 0.0011559738166742719 0 0 -0.0013256183824181221 0 0 0 0.00044041373144076404 0 0.00044903732610549027 -0.00062237877906915493 0 -0.0014825204065298018 0 -0.00036173105252336571 0 0.0010911989796120079 0 0 0 0 0
leaf_weight=1089 5141 713 15611 8998 4777 2761 1644 847 15755 2810 19889 3513 67 5318 97 123 39714 9866 33144 35266 14159 4056 6758 44 22854 102 6465 12215 4315 3901 45 31
leaf_count=1089 5141 713 15611 8998 4777 2761 1644 847 15755 2810 19889 3513 67 5318 97 123 39714 9866 33144 35266 14159 4056 6758 44 22854 102 6465 12215 4315 3901 45 31
internal_value=-6.91516e-05 -1.89221e-06 0 4.6736e-05 0.000269264 -1.60171e-05 -0.000399222 -0.000693135 -0.000912772 0.000524931 0.000773368 0.000945205 -0.00101384 -0.001039 -0.00120541 -0.000586722 0 -2.17256e-05 0.000138287 0.000361265 -0.000255545 0.000147898 -0.00143473 -0.000704925 0 0.000199293 0.000970918 0 -0.000218416 -0.000745037 -0.00100271 -0.00147023
internal_weight=282088 274046 268015 258761 92551 166210 27244 18246 16602 41823 26212 23402 8042 6031 7975 9254 138966 67795 71171 38027 53873 13922 6886 9131 50728 11344 6567 39384 27169 9087 5186 6789
internal_count=282088 274046 268015 258761 92551 166210 27244 18246 16602 41823 26212 23402 8042 6031 7975 9254 138966 67795 71171 38027 53873 13922 6886 9131 50728 11344 6567 39384 27169 9087 5186 6789
is_linear=0
shrinkage=0.05


Tree=54
num_leaves=33
num_cat=0
split_feature=3 1 3 5 3 1 2 0 0 4 3 1 0 3 4 1 5 0 4 1 1 0 4 2 1 5 5 4 5 1 5 5
split_gain=2.78388 2.04659 2.54454 1.15724 1.10943 2.68988 1.92723 1.81332 1.63905 1.24033 3.07478 2.51013 1.48856 1.04466 1.32923 1.17706 1.00769 1.00241 0.686098 0.615965 0.471818 0.355847 0.341484 0.958553 0.704388 0.191754 0.295821 0.16893 0.60784 0.0422706 0.168462 0.0418765
threshold=-1.6951091451427021 1.1694094220495388 1.1713561222644244 0.50070851856301823 -1.3197980275202263 -1.1634870484952942 0.03111551052624777 -0.77820973154362405 -1.2597954423216329 -0.22272996515679441 -0.62828020571645249 0.30775189728413938 -1.5441033412715595 -1.1523690078037903 0.39197259001161427 -1.5441033412715595 -1.6816926975463558 -1.6565130441320199 0.57262685871325514 1.1162316946239683 1.7242333333333335 1.5976169909020521 0.7105847152126894 1.2658649450442565 -0.97034525379037562 0.50070851856301823 1.533482767617828 1.5980758602460594 0.68026781609195408 0.2947758485732585 0.76386024125746321 -1.4989476031215159
decision_type=2 2 2 2 2 2 2 2 2 2 2 2 2 2 2 2 2 2 2 2 2 2 2 2 2 2 2 2 2 2 2 2
left_child=21 4 25 -4 6 7 8 -6 -2 10 29 12 -12 -9 15 -15 -10 -5 19 -18 -19 -1 23 24 -11 31 -27 28 -24 30 -7 -3
right_child=1 2 3 17 5 9 -8 13 16 22 11 -13 -14 14 -16 -17 18 20 -20 -21 -22 -23 27 -25 -26 26 -28 -29 -30 -31 -32 -33
leaf_value=-0.0018066306216997644 0 0 0 0 0 -0.00018210236066881021 0 0 0 0 0 0 0.0007224209956215445 0 0 -0.0011268639717306619 0.0012432475411223044 -0.0011117962771303687 0 0 0 0 0.00028900470737333828 0 -0.00033552253654530904 0.00021091004491716783 0 0 0 0 0 -0.00024346413473371573
leaf_weight=2206 1268 130 1302 1612 11486 15306 13202 2141 280 1936 2283 9402 39952 7346 2260 14985 10721 14071 2700 57 262 60 22669 5277 43932 16865 3045 5226 18243 2484 722 8657
leaf_count=2206 1268 130 1302 1612 11486 15306 13202 2141 280 1936 2283 9402 39952 7346 2260 14985 10721 14071 2700 57 262 60 22669 5277 43932 16865 3045 5226 18243 2484 722 8657
internal_value=-6.80037e-05 -1.46355e-05 -0.000333389 -0.000804287 4.7858e-06 0 0.000310582 -0.000404725 0.00069769 4.68857e-05 0.0002215 0.000462238 0.000638081 -0.000631397 -0.000732341 -0.00085689 0.000903098 -0.000934294 0.00100549 0.0011842 -0.0010655 -0.00169784 0 -0.00012847 -0.000264521 0 4.2204e-05 0 0.000100887 0 -7.9766e-05 -0.000217432
internal_weight=282088 279822 45944 17247 233878 205650 28228 38218 15026 167432 70149 51637 42235 26732 24591 22331 13758 15945 13478 10778 14333 2266 97283 51145 45868 28697 19910 46138 40912 18512 16028 8787
internal_count=282088 279822 45944 17247 233878 205650 28228 38218 15026 167432 70149 51637 42235 26732 24591 22331 13758 15945 13478 10778 14333 2266 97283 51145 45868 28697 19910 46138 40912 18512 16028 8787
is_linear=0
shrinkage=0.05


end of trees

feature_importances:
Column_6=359
Column_1=341
Column_3=322
Column_2=318
Column_5=295
Column_0=261
Column_4=191

parameters:
[boosting: gbdt]
[objective: regression]
[metric: l2]
[tree_learner: serial]
[device_type: cpu]
[data_sample_strategy: bagging]
[data: ]
[valid: ]
[num_iterations: 500]
[learning_rate: 0.05]
[num_leaves: 210]
[num_threads: 20]
[seed: 0]
[deterministic: 0]
[force_col_wise: 0]
[force_row_wise: 0]
[histogram_pool_size: -1]
[max_depth: 8]
[min_data_in_leaf: 20]
[min_sum_hessian_in_leaf: 0.001]
[bagging_fraction: 0.8789]
[pos_bagging_fraction: 1]
[neg_bagging_fraction: 1]
[bagging_freq: 0]
[bagging_seed: 3]
[bagging_by_query: 0]
[feature_fraction: 0.8879]
[feature_fraction_bynode: 1]
[feature_fraction_seed: 2]
[extra_trees: 0]
[extra_seed: 6]
[early_stopping_round: 50]
[early_stopping_min_delta: 0]
[first_metric_only: 0]
[max_delta_step: 0]
[lambda_l1: 205.7]
[lambda_l2: 580.977]
[linear_lambda: 0]
[min_gain_to_split: 0]
[drop_rate: 0.1]
[max_drop: 50]
[skip_drop: 0.5]
[xgboost_dart_mode: 0]
[uniform_drop: 0]
[drop_seed: 4]
[top_rate: 0.2]
[other_rate: 0.1]
[min_data_per_group: 100]
[max_cat_threshold: 32]
[cat_l2: 10]
[cat_smooth: 10]
[max_cat_to_onehot: 4]
[top_k: 20]
[monotone_constraints: ]
[monotone_constraints_method: basic]
[monotone_penalty: 0]
[feature_contri: ]
[forcedsplits_filename: ]
[refit_decay_rate: 0.9]
[cegb_tradeoff: 1]
[cegb_penalty_split: 0]
[cegb_penalty_feature_lazy: ]
[cegb_penalty_feature_coupled: ]
[path_smooth: 0]
[interaction_constraints: ]
[verbosity: -1]
[saved_feature_importance_type: 0]
[use_quantized_grad: 0]
[num_grad_quant_bins: 4]
[quant_train_renew_leaf: 0]
[stochastic_rounding: 1]
[linear_tree: 0]
[max_bin: 255]
[max_bin_by_feature: ]
[min_data_in_bin: 3]
[bin_construct_sample_cnt: 200000]
[data_random_seed: 1]
[is_enable_sparse: 1]
[enable_bundle: 1]
[use_missing: 1]
[zero_as_missing: 0]
[feature_pre_filter: 1]
[pre_partition: 0]
[two_round: 0]
[header: 0]
[label_column: ]
[weight_column: ]
[group_column: ]
[ignore_column: ]
[categorical_feature: ]
[forcedbins_filename: ]
[precise_float_parser: 0]
[parser_config_file: ]
[objective_seed: 5]
[num_class: 1]
[is_unbalance: 0]
[scale_pos_weight: 1]
[sigmoid: 1]
[boost_from_average: 1]
[reg_sqrt: 0]
[alpha: 0.9]
[fair_c: 1]
[poisson_max_delta_step: 0.7]
[tweedie_variance_power: 1.5]
[lambdarank_truncation_level: 30]
[lambdarank_norm: 1]
[label_gain: ]
[lambdarank_position_bias_regularization: 0]
[eval_at: ]
[multi_error_top_k: 1]
[auc_mu_weights: ]
[num_machines: 1]
[local_listen_port: 12400]
[time_out: 120]
[machine_list_filename: ]
[machines: ]
[gpu_platform_id: -1]
[gpu_device_id: -1]
[gpu_use_dp: 0]
[num_gpu: 1]

end of parameters

pandas_categorical:null
